{
	"credit": "Made with Blockbench",
	"textures": {
		"0": "item/123",
		"particle": "item/123"
	},
	"elements": [
		{
			"name": "123_0",
			"from": [11.5, 11.75, 0],
			"to": [11.75, 12, 0.25],
			"faces": {
				"north": {"uv": [11.75, 4, 11.5, 4.25], "texture": "#0"},
				"east": {"uv": [11.5, 4, 11.75, 4.25], "texture": "#0"},
				"south": {"uv": [11.5, 4, 11.75, 4.25], "texture": "#0"},
				"west": {"uv": [11.5, 4, 11.75, 4.25], "texture": "#0"},
				"up": {"uv": [11.5, 4, 11.75, 4.25], "texture": "#0"},
				"down": {"uv": [11.5, 4, 11.75, 4.25], "texture": "#0"}
			}
		},
		{
			"name": "123_1",
			"from": [11.75, 11.5, 0],
			"to": [12, 11.75, 0.25],
			"faces": {
				"north": {"uv": [12, 4.25, 11.75, 4.5], "texture": "#0"},
				"east": {"uv": [11.75, 4.25, 12, 4.5], "texture": "#0"},
				"south": {"uv": [11.75, 4.25, 12, 4.5], "texture": "#0"},
				"west": {"uv": [11.75, 4.25, 12, 4.5], "texture": "#0"},
				"up": {"uv": [11.75, 4.25, 12, 4.5], "texture": "#0"},
				"down": {"uv": [11.75, 4.25, 12, 4.5], "texture": "#0"}
			}
		},
		{
			"name": "123_2",
			"from": [12, 11.25, 0],
			"to": [12.25, 11.5, 0.25],
			"faces": {
				"north": {"uv": [12.25, 4.5, 12, 4.75], "texture": "#0"},
				"east": {"uv": [12, 4.5, 12.25, 4.75], "texture": "#0"},
				"south": {"uv": [12, 4.5, 12.25, 4.75], "texture": "#0"},
				"west": {"uv": [12, 4.5, 12.25, 4.75], "texture": "#0"},
				"up": {"uv": [12, 4.5, 12.25, 4.75], "texture": "#0"},
				"down": {"uv": [12, 4.5, 12.25, 4.75], "texture": "#0"}
			}
		},
		{
			"name": "123_3",
			"from": [12.25, 11, 0],
			"to": [12.5, 11.25, 0.25],
			"faces": {
				"north": {"uv": [12.5, 4.75, 12.25, 5], "texture": "#0"},
				"east": {"uv": [12.25, 4.75, 12.5, 5], "texture": "#0"},
				"south": {"uv": [12.25, 4.75, 12.5, 5], "texture": "#0"},
				"west": {"uv": [12.25, 4.75, 12.5, 5], "texture": "#0"},
				"up": {"uv": [12.25, 4.75, 12.5, 5], "texture": "#0"},
				"down": {"uv": [12.25, 4.75, 12.5, 5], "texture": "#0"}
			}
		},
		{
			"name": "123_4",
			"from": [12.5, 10.5, 0],
			"to": [12.75, 11, 0.25],
			"faces": {
				"north": {"uv": [12.75, 5, 12.5, 5.5], "texture": "#0"},
				"east": {"uv": [12.5, 5, 12.75, 5.5], "texture": "#0"},
				"south": {"uv": [12.5, 5, 12.75, 5.5], "texture": "#0"},
				"west": {"uv": [12.5, 5, 12.75, 5.5], "texture": "#0"},
				"up": {"uv": [12.5, 5, 12.75, 5.25], "texture": "#0"},
				"down": {"uv": [12.5, 5.25, 12.75, 5.5], "texture": "#0"}
			}
		},
		{
			"name": "123_5",
			"from": [12.75, 10.25, 0],
			"to": [13, 10.5, 0.25],
			"faces": {
				"north": {"uv": [13, 5.5, 12.75, 5.75], "texture": "#0"},
				"east": {"uv": [12.75, 5.5, 13, 5.75], "texture": "#0"},
				"south": {"uv": [12.75, 5.5, 13, 5.75], "texture": "#0"},
				"west": {"uv": [12.75, 5.5, 13, 5.75], "texture": "#0"},
				"up": {"uv": [12.75, 5.5, 13, 5.75], "texture": "#0"},
				"down": {"uv": [12.75, 5.5, 13, 5.75], "texture": "#0"}
			}
		},
		{
			"name": "123_6",
			"from": [1, 9.25, 0],
			"to": [1.25, 10.25, 0.25],
			"faces": {
				"north": {"uv": [1.25, 5.75, 1, 6.75], "texture": "#0"},
				"east": {"uv": [1, 5.75, 1.25, 6.75], "texture": "#0"},
				"south": {"uv": [1, 5.75, 1.25, 6.75], "texture": "#0"},
				"west": {"uv": [1, 5.75, 1.25, 6.75], "texture": "#0"},
				"up": {"uv": [1, 5.75, 1.25, 6], "texture": "#0"},
				"down": {"uv": [1, 6.5, 1.25, 6.75], "texture": "#0"}
			}
		},
		{
			"name": "123_7",
			"from": [13, 9.75, 0],
			"to": [13.25, 10.25, 0.25],
			"faces": {
				"north": {"uv": [13.25, 5.75, 13, 6.25], "texture": "#0"},
				"east": {"uv": [13, 5.75, 13.25, 6.25], "texture": "#0"},
				"south": {"uv": [13, 5.75, 13.25, 6.25], "texture": "#0"},
				"west": {"uv": [13, 5.75, 13.25, 6.25], "texture": "#0"},
				"up": {"uv": [13, 5.75, 13.25, 6], "texture": "#0"},
				"down": {"uv": [13, 6, 13.25, 6.25], "texture": "#0"}
			}
		},
		{
			"name": "123_8",
			"from": [1.25, 9, 0],
			"to": [1.5, 10, 0.25],
			"faces": {
				"north": {"uv": [1.5, 6, 1.25, 7], "texture": "#0"},
				"east": {"uv": [1.25, 6, 1.5, 7], "texture": "#0"},
				"south": {"uv": [1.25, 6, 1.5, 7], "texture": "#0"},
				"west": {"uv": [1.25, 6, 1.5, 7], "texture": "#0"},
				"up": {"uv": [1.25, 6, 1.5, 6.25], "texture": "#0"},
				"down": {"uv": [1.25, 6.75, 1.5, 7], "texture": "#0"}
			}
		},
		{
			"name": "123_9",
			"from": [13.25, 6, 0],
			"to": [13.5, 10, 0.25],
			"faces": {
				"north": {"uv": [13.5, 6, 13.25, 10], "texture": "#0"},
				"east": {"uv": [13.25, 6, 13.5, 10], "texture": "#0"},
				"south": {"uv": [13.25, 6, 13.5, 10], "texture": "#0"},
				"west": {"uv": [13.25, 6, 13.5, 10], "texture": "#0"},
				"up": {"uv": [13.25, 6, 13.5, 6.25], "texture": "#0"},
				"down": {"uv": [13.25, 9.75, 13.5, 10], "texture": "#0"}
			}
		},
		{
			"name": "123_10",
			"from": [1.5, 8.75, 0],
			"to": [1.75, 9.75, 0.25],
			"faces": {
				"north": {"uv": [1.75, 6.25, 1.5, 7.25], "texture": "#0"},
				"east": {"uv": [1.5, 6.25, 1.75, 7.25], "texture": "#0"},
				"south": {"uv": [1.5, 6.25, 1.75, 7.25], "texture": "#0"},
				"west": {"uv": [1.5, 6.25, 1.75, 7.25], "texture": "#0"},
				"up": {"uv": [1.5, 6.25, 1.75, 6.5], "texture": "#0"},
				"down": {"uv": [1.5, 7, 1.75, 7.25], "texture": "#0"}
			}
		},
		{
			"name": "123_11",
			"from": [14.25, 9.25, 0],
			"to": [14.5, 9.75, 0.25],
			"faces": {
				"north": {"uv": [14.5, 6.25, 14.25, 6.75], "texture": "#0"},
				"east": {"uv": [14.25, 6.25, 14.5, 6.75], "texture": "#0"},
				"south": {"uv": [14.25, 6.25, 14.5, 6.75], "texture": "#0"},
				"west": {"uv": [14.25, 6.25, 14.5, 6.75], "texture": "#0"},
				"up": {"uv": [14.25, 6.25, 14.5, 6.5], "texture": "#0"},
				"down": {"uv": [14.25, 6.5, 14.5, 6.75], "texture": "#0"}
			}
		},
		{
			"name": "123_12",
			"from": [1.75, 8.5, 0],
			"to": [2, 9.5, 0.25],
			"faces": {
				"north": {"uv": [2, 6.5, 1.75, 7.5], "texture": "#0"},
				"east": {"uv": [1.75, 6.5, 2, 7.5], "texture": "#0"},
				"south": {"uv": [1.75, 6.5, 2, 7.5], "texture": "#0"},
				"west": {"uv": [1.75, 6.5, 2, 7.5], "texture": "#0"},
				"up": {"uv": [1.75, 6.5, 2, 6.75], "texture": "#0"},
				"down": {"uv": [1.75, 7.25, 2, 7.5], "texture": "#0"}
			}
		},
		{
			"name": "123_13",
			"from": [13.5, 6, 0],
			"to": [13.75, 9.5, 0.25],
			"faces": {
				"north": {"uv": [13.75, 6.5, 13.5, 10], "texture": "#0"},
				"east": {"uv": [13.5, 6.5, 13.75, 10], "texture": "#0"},
				"south": {"uv": [13.5, 6.5, 13.75, 10], "texture": "#0"},
				"west": {"uv": [13.5, 6.5, 13.75, 10], "texture": "#0"},
				"up": {"uv": [13.5, 6.5, 13.75, 6.75], "texture": "#0"},
				"down": {"uv": [13.5, 9.75, 13.75, 10], "texture": "#0"}
			}
		},
		{
			"name": "123_14",
			"from": [14, 9.25, 0],
			"to": [14.25, 9.5, 0.25],
			"faces": {
				"north": {"uv": [14.25, 6.5, 14, 6.75], "texture": "#0"},
				"east": {"uv": [14, 6.5, 14.25, 6.75], "texture": "#0"},
				"south": {"uv": [14, 6.5, 14.25, 6.75], "texture": "#0"},
				"west": {"uv": [14, 6.5, 14.25, 6.75], "texture": "#0"},
				"up": {"uv": [14, 6.5, 14.25, 6.75], "texture": "#0"},
				"down": {"uv": [14, 6.5, 14.25, 6.75], "texture": "#0"}
			}
		},
		{
			"name": "123_15",
			"from": [14.5, 8.75, 0],
			"to": [14.75, 9.5, 0.25],
			"faces": {
				"north": {"uv": [14.75, 6.5, 14.5, 7.25], "texture": "#0"},
				"east": {"uv": [14.5, 6.5, 14.75, 7.25], "texture": "#0"},
				"south": {"uv": [14.5, 6.5, 14.75, 7.25], "texture": "#0"},
				"west": {"uv": [14.5, 6.5, 14.75, 7.25], "texture": "#0"},
				"up": {"uv": [14.5, 6.5, 14.75, 6.75], "texture": "#0"},
				"down": {"uv": [14.5, 7, 14.75, 7.25], "texture": "#0"}
			}
		},
		{
			"name": "123_16",
			"from": [2, 8.25, 0],
			"to": [2.5, 9.25, 0.25],
			"faces": {
				"north": {"uv": [2.5, 6.75, 2, 7.75], "texture": "#0"},
				"east": {"uv": [2.25, 6.75, 2.5, 7.75], "texture": "#0"},
				"south": {"uv": [2, 6.75, 2.5, 7.75], "texture": "#0"},
				"west": {"uv": [2, 6.75, 2.25, 7.75], "texture": "#0"},
				"up": {"uv": [2, 6.75, 2.5, 7], "texture": "#0"},
				"down": {"uv": [2, 7.5, 2.5, 7.75], "texture": "#0"}
			}
		},
		{
			"name": "123_17",
			"from": [3.5, 7, 0],
			"to": [3.75, 9.25, 0.25],
			"faces": {
				"north": {"uv": [3.75, 6.75, 3.5, 9], "texture": "#0"},
				"east": {"uv": [3.5, 6.75, 3.75, 9], "texture": "#0"},
				"south": {"uv": [3.5, 6.75, 3.75, 9], "texture": "#0"},
				"west": {"uv": [3.5, 6.75, 3.75, 9], "texture": "#0"},
				"up": {"uv": [3.5, 6.75, 3.75, 7], "texture": "#0"},
				"down": {"uv": [3.5, 8.75, 3.75, 9], "texture": "#0"}
			}
		},
		{
			"name": "123_18",
			"from": [4.5, 9, 0],
			"to": [5, 9.25, 0.25],
			"faces": {
				"north": {"uv": [5, 6.75, 4.5, 7], "texture": "#0"},
				"east": {"uv": [4.75, 6.75, 5, 7], "texture": "#0"},
				"south": {"uv": [4.5, 6.75, 5, 7], "texture": "#0"},
				"west": {"uv": [4.5, 6.75, 4.75, 7], "texture": "#0"},
				"up": {"uv": [4.5, 6.75, 5, 7], "texture": "#0"},
				"down": {"uv": [4.5, 6.75, 5, 7], "texture": "#0"}
			}
		},
		{
			"name": "123_19",
			"from": [14.75, 8.75, 0],
			"to": [15, 9.25, 0.25],
			"faces": {
				"north": {"uv": [15, 6.75, 14.75, 7.25], "texture": "#0"},
				"east": {"uv": [14.75, 6.75, 15, 7.25], "texture": "#0"},
				"south": {"uv": [14.75, 6.75, 15, 7.25], "texture": "#0"},
				"west": {"uv": [14.75, 6.75, 15, 7.25], "texture": "#0"},
				"up": {"uv": [14.75, 6.75, 15, 7], "texture": "#0"},
				"down": {"uv": [14.75, 7, 15, 7.25], "texture": "#0"}
			}
		},
		{
			"name": "123_20",
			"from": [2.5, 7.5, 0],
			"to": [2.75, 9, 0.25],
			"faces": {
				"north": {"uv": [2.75, 7, 2.5, 8.5], "texture": "#0"},
				"east": {"uv": [2.5, 7, 2.75, 8.5], "texture": "#0"},
				"south": {"uv": [2.5, 7, 2.75, 8.5], "texture": "#0"},
				"west": {"uv": [2.5, 7, 2.75, 8.5], "texture": "#0"},
				"up": {"uv": [2.5, 7, 2.75, 7.25], "texture": "#0"},
				"down": {"uv": [2.5, 8.25, 2.75, 8.5], "texture": "#0"}
			}
		},
		{
			"name": "123_21",
			"from": [3, 7.25, 0],
			"to": [3.25, 9, 0.25],
			"faces": {
				"north": {"uv": [3.25, 7, 3, 8.75], "texture": "#0"},
				"east": {"uv": [3, 7, 3.25, 8.75], "texture": "#0"},
				"south": {"uv": [3, 7, 3.25, 8.75], "texture": "#0"},
				"west": {"uv": [3, 7, 3.25, 8.75], "texture": "#0"},
				"up": {"uv": [3, 7, 3.25, 7.25], "texture": "#0"},
				"down": {"uv": [3, 8.5, 3.25, 8.75], "texture": "#0"}
			}
		},
		{
			"name": "123_22",
			"from": [3.75, 8.75, 0],
			"to": [4.75, 9, 0.25],
			"faces": {
				"north": {"uv": [4.75, 7, 3.75, 7.25], "texture": "#0"},
				"east": {"uv": [4.5, 7, 4.75, 7.25], "texture": "#0"},
				"south": {"uv": [3.75, 7, 4.75, 7.25], "texture": "#0"},
				"west": {"uv": [3.75, 7, 4, 7.25], "texture": "#0"},
				"up": {"uv": [3.75, 7, 4.75, 7.25], "texture": "#0"},
				"down": {"uv": [3.75, 7, 4.75, 7.25], "texture": "#0"}
			}
		},
		{
			"name": "123_23",
			"from": [13.75, 7, 0],
			"to": [14, 9, 0.25],
			"faces": {
				"north": {"uv": [14, 7, 13.75, 9], "texture": "#0"},
				"east": {"uv": [13.75, 7, 14, 9], "texture": "#0"},
				"south": {"uv": [13.75, 7, 14, 9], "texture": "#0"},
				"west": {"uv": [13.75, 7, 14, 9], "texture": "#0"},
				"up": {"uv": [13.75, 7, 14, 7.25], "texture": "#0"},
				"down": {"uv": [13.75, 8.75, 14, 9], "texture": "#0"}
			}
		},
		{
			"name": "123_24",
			"from": [2.75, 7.25, 0],
			"to": [3, 8.75, 0.25],
			"faces": {
				"north": {"uv": [3, 7.25, 2.75, 8.75], "texture": "#0"},
				"east": {"uv": [2.75, 7.25, 3, 8.75], "texture": "#0"},
				"south": {"uv": [2.75, 7.25, 3, 8.75], "texture": "#0"},
				"west": {"uv": [2.75, 7.25, 3, 8.75], "texture": "#0"},
				"up": {"uv": [2.75, 7.25, 3, 7.5], "texture": "#0"},
				"down": {"uv": [2.75, 8.5, 3, 8.75], "texture": "#0"}
			}
		},
		{
			"name": "123_25",
			"from": [3.25, 7, 0],
			"to": [3.5, 8.75, 0.25],
			"faces": {
				"north": {"uv": [3.5, 7.25, 3.25, 9], "texture": "#0"},
				"east": {"uv": [3.25, 7.25, 3.5, 9], "texture": "#0"},
				"south": {"uv": [3.25, 7.25, 3.5, 9], "texture": "#0"},
				"west": {"uv": [3.25, 7.25, 3.5, 9], "texture": "#0"},
				"up": {"uv": [3.25, 7.25, 3.5, 7.5], "texture": "#0"},
				"down": {"uv": [3.25, 8.75, 3.5, 9], "texture": "#0"}
			}
		},
		{
			"name": "123_26",
			"from": [3.75, 6.75, 0],
			"to": [4, 8.75, 0.25],
			"faces": {
				"north": {"uv": [4, 7.25, 3.75, 9.25], "texture": "#0"},
				"east": {"uv": [3.75, 7.25, 4, 9.25], "texture": "#0"},
				"south": {"uv": [3.75, 7.25, 4, 9.25], "texture": "#0"},
				"west": {"uv": [3.75, 7.25, 4, 9.25], "texture": "#0"},
				"up": {"uv": [3.75, 7.25, 4, 7.5], "texture": "#0"},
				"down": {"uv": [3.75, 9, 4, 9.25], "texture": "#0"}
			}
		},
		{
			"name": "123_27",
			"from": [4.5, 8.5, 0],
			"to": [4.75, 8.75, 0.25],
			"faces": {
				"north": {"uv": [4.75, 7.25, 4.5, 7.5], "texture": "#0"},
				"east": {"uv": [4.5, 7.25, 4.75, 7.5], "texture": "#0"},
				"south": {"uv": [4.5, 7.25, 4.75, 7.5], "texture": "#0"},
				"west": {"uv": [4.5, 7.25, 4.75, 7.5], "texture": "#0"},
				"up": {"uv": [4.5, 7.25, 4.75, 7.5], "texture": "#0"},
				"down": {"uv": [4.5, 7.25, 4.75, 7.5], "texture": "#0"}
			}
		},
		{
			"name": "123_28",
			"from": [14, 8, 0],
			"to": [14.25, 8.5, 0.25],
			"faces": {
				"north": {"uv": [14.25, 7.5, 14, 8], "texture": "#0"},
				"east": {"uv": [14, 7.5, 14.25, 8], "texture": "#0"},
				"south": {"uv": [14, 7.5, 14.25, 8], "texture": "#0"},
				"west": {"uv": [14, 7.5, 14.25, 8], "texture": "#0"},
				"up": {"uv": [14, 7.5, 14.25, 7.75], "texture": "#0"},
				"down": {"uv": [14, 7.75, 14.25, 8], "texture": "#0"}
			}
		},
		{
			"name": "123_29",
			"from": [1.75, 8, 0],
			"to": [2, 8.25, 0.25],
			"faces": {
				"north": {"uv": [2, 7.75, 1.75, 8], "texture": "#0"},
				"east": {"uv": [1.75, 7.75, 2, 8], "texture": "#0"},
				"south": {"uv": [1.75, 7.75, 2, 8], "texture": "#0"},
				"west": {"uv": [1.75, 7.75, 2, 8], "texture": "#0"},
				"up": {"uv": [1.75, 7.75, 2, 8], "texture": "#0"},
				"down": {"uv": [1.75, 7.75, 2, 8], "texture": "#0"}
			}
		},
		{
			"name": "123_30",
			"from": [2.25, 8, 0],
			"to": [2.5, 8.25, 0.25],
			"faces": {
				"north": {"uv": [2.5, 7.75, 2.25, 8], "texture": "#0"},
				"east": {"uv": [2.25, 7.75, 2.5, 8], "texture": "#0"},
				"south": {"uv": [2.25, 7.75, 2.5, 8], "texture": "#0"},
				"west": {"uv": [2.25, 7.75, 2.5, 8], "texture": "#0"},
				"up": {"uv": [2.25, 7.75, 2.5, 8], "texture": "#0"},
				"down": {"uv": [2.25, 7.75, 2.5, 8], "texture": "#0"}
			}
		},
		{
			"name": "123_31",
			"from": [4, 6.75, 0],
			"to": [4.25, 8.25, 0.25],
			"faces": {
				"north": {"uv": [4.25, 7.75, 4, 9.25], "texture": "#0"},
				"east": {"uv": [4, 7.75, 4.25, 9.25], "texture": "#0"},
				"south": {"uv": [4, 7.75, 4.25, 9.25], "texture": "#0"},
				"west": {"uv": [4, 7.75, 4.25, 9.25], "texture": "#0"},
				"up": {"uv": [4, 7.75, 4.25, 8], "texture": "#0"},
				"down": {"uv": [4, 9, 4.25, 9.25], "texture": "#0"}
			}
		},
		{
			"name": "123_32",
			"from": [4.75, 6.5, 0],
			"to": [5, 8.25, 0.25],
			"faces": {
				"north": {"uv": [5, 7.75, 4.75, 9.5], "texture": "#0"},
				"east": {"uv": [4.75, 7.75, 5, 9.5], "texture": "#0"},
				"south": {"uv": [4.75, 7.75, 5, 9.5], "texture": "#0"},
				"west": {"uv": [4.75, 7.75, 5, 9.5], "texture": "#0"},
				"up": {"uv": [4.75, 7.75, 5, 8], "texture": "#0"},
				"down": {"uv": [4.75, 9.25, 5, 9.5], "texture": "#0"}
			}
		},
		{
			"name": "123_33",
			"from": [13, 6, 0],
			"to": [13.25, 8.25, 0.25],
			"faces": {
				"north": {"uv": [13.25, 7.75, 13, 10], "texture": "#0"},
				"east": {"uv": [13, 7.75, 13.25, 10], "texture": "#0"},
				"south": {"uv": [13, 7.75, 13.25, 10], "texture": "#0"},
				"west": {"uv": [13, 7.75, 13.25, 10], "texture": "#0"},
				"up": {"uv": [13, 7.75, 13.25, 8], "texture": "#0"},
				"down": {"uv": [13, 9.75, 13.25, 10], "texture": "#0"}
			}
		},
		{
			"name": "123_34",
			"from": [2, 7.75, 0],
			"to": [2.25, 8, 0.25],
			"faces": {
				"north": {"uv": [2.25, 8, 2, 8.25], "texture": "#0"},
				"east": {"uv": [2, 8, 2.25, 8.25], "texture": "#0"},
				"south": {"uv": [2, 8, 2.25, 8.25], "texture": "#0"},
				"west": {"uv": [2, 8, 2.25, 8.25], "texture": "#0"},
				"up": {"uv": [2, 8, 2.25, 8.25], "texture": "#0"},
				"down": {"uv": [2, 8, 2.25, 8.25], "texture": "#0"}
			}
		},
		{
			"name": "123_35",
			"from": [4.25, 6.5, 0],
			"to": [4.75, 8, 0.25],
			"faces": {
				"north": {"uv": [4.75, 8, 4.25, 9.5], "texture": "#0"},
				"east": {"uv": [4.5, 8, 4.75, 9.5], "texture": "#0"},
				"south": {"uv": [4.25, 8, 4.75, 9.5], "texture": "#0"},
				"west": {"uv": [4.25, 8, 4.5, 9.5], "texture": "#0"},
				"up": {"uv": [4.25, 8, 4.75, 8.25], "texture": "#0"},
				"down": {"uv": [4.25, 9.25, 4.75, 9.5], "texture": "#0"}
			}
		},
		{
			"name": "123_36",
			"from": [12.75, 6, 0],
			"to": [13, 8, 0.25],
			"faces": {
				"north": {"uv": [13, 8, 12.75, 10], "texture": "#0"},
				"east": {"uv": [12.75, 8, 13, 10], "texture": "#0"},
				"south": {"uv": [12.75, 8, 13, 10], "texture": "#0"},
				"west": {"uv": [12.75, 8, 13, 10], "texture": "#0"},
				"up": {"uv": [12.75, 8, 13, 8.25], "texture": "#0"},
				"down": {"uv": [12.75, 9.75, 13, 10], "texture": "#0"}
			}
		},
		{
			"name": "123_37",
			"from": [2.25, 7.5, 0],
			"to": [2.5, 7.75, 0.25],
			"faces": {
				"north": {"uv": [2.5, 8.25, 2.25, 8.5], "texture": "#0"},
				"east": {"uv": [2.25, 8.25, 2.5, 8.5], "texture": "#0"},
				"south": {"uv": [2.25, 8.25, 2.5, 8.5], "texture": "#0"},
				"west": {"uv": [2.25, 8.25, 2.5, 8.5], "texture": "#0"},
				"up": {"uv": [2.25, 8.25, 2.5, 8.5], "texture": "#0"},
				"down": {"uv": [2.25, 8.25, 2.5, 8.5], "texture": "#0"}
			}
		},
		{
			"name": "123_38",
			"from": [5, 6.25, 0],
			"to": [5.75, 7.75, 0.25],
			"faces": {
				"north": {"uv": [5.75, 8.25, 5, 9.75], "texture": "#0"},
				"east": {"uv": [5.5, 8.25, 5.75, 9.75], "texture": "#0"},
				"south": {"uv": [5, 8.25, 5.75, 9.75], "texture": "#0"},
				"west": {"uv": [5, 8.25, 5.25, 9.75], "texture": "#0"},
				"up": {"uv": [5, 8.25, 5.75, 8.5], "texture": "#0"},
				"down": {"uv": [5, 9.5, 5.75, 9.75], "texture": "#0"}
			}
		},
		{
			"name": "123_39",
			"from": [12.25, 5.75, 0],
			"to": [12.75, 7.75, 0.25],
			"faces": {
				"north": {"uv": [12.75, 8.25, 12.25, 10.25], "texture": "#0"},
				"east": {"uv": [12.5, 8.25, 12.75, 10.25], "texture": "#0"},
				"south": {"uv": [12.25, 8.25, 12.75, 10.25], "texture": "#0"},
				"west": {"uv": [12.25, 8.25, 12.5, 10.25], "texture": "#0"},
				"up": {"uv": [12.25, 8.25, 12.75, 8.5], "texture": "#0"},
				"down": {"uv": [12.25, 10, 12.75, 10.25], "texture": "#0"}
			}
		},
		{
			"name": "123_40",
			"from": [5.75, 6, 0],
			"to": [6.5, 7.5, 0.25],
			"faces": {
				"north": {"uv": [6.5, 8.5, 5.75, 10], "texture": "#0"},
				"east": {"uv": [6.25, 8.5, 6.5, 10], "texture": "#0"},
				"south": {"uv": [5.75, 8.5, 6.5, 10], "texture": "#0"},
				"west": {"uv": [5.75, 8.5, 6, 10], "texture": "#0"},
				"up": {"uv": [5.75, 8.5, 6.5, 8.75], "texture": "#0"},
				"down": {"uv": [5.75, 9.75, 6.5, 10], "texture": "#0"}
			}
		},
		{
			"name": "123_41",
			"from": [11.5, 5.5, 0],
			"to": [12.25, 7.5, 0.25],
			"faces": {
				"north": {"uv": [12.25, 8.5, 11.5, 10.5], "texture": "#0"},
				"east": {"uv": [12, 8.5, 12.25, 10.5], "texture": "#0"},
				"south": {"uv": [11.5, 8.5, 12.25, 10.5], "texture": "#0"},
				"west": {"uv": [11.5, 8.5, 11.75, 10.5], "texture": "#0"},
				"up": {"uv": [11.5, 8.5, 12.25, 8.75], "texture": "#0"},
				"down": {"uv": [11.5, 10.25, 12.25, 10.5], "texture": "#0"}
			}
		},
		{
			"name": "123_42",
			"from": [6.5, 5.75, 0],
			"to": [8.5, 7.25, 0.25],
			"faces": {
				"north": {"uv": [8.5, 8.75, 6.5, 10.25], "texture": "#0"},
				"east": {"uv": [8.25, 8.75, 8.5, 10.25], "texture": "#0"},
				"south": {"uv": [6.5, 8.75, 8.5, 10.25], "texture": "#0"},
				"west": {"uv": [6.5, 8.75, 6.75, 10.25], "texture": "#0"},
				"up": {"uv": [6.5, 8.75, 8.5, 9], "texture": "#0"},
				"down": {"uv": [6.5, 10, 8.5, 10.25], "texture": "#0"}
			}
		},
		{
			"name": "123_43",
			"from": [10, 5.25, 0],
			"to": [11.5, 7.25, 0.25],
			"faces": {
				"north": {"uv": [11.5, 8.75, 10, 10.75], "texture": "#0"},
				"east": {"uv": [11.25, 8.75, 11.5, 10.75], "texture": "#0"},
				"south": {"uv": [10, 8.75, 11.5, 10.75], "texture": "#0"},
				"west": {"uv": [10, 8.75, 10.25, 10.75], "texture": "#0"},
				"up": {"uv": [10, 8.75, 11.5, 9], "texture": "#0"},
				"down": {"uv": [10, 10.5, 11.5, 10.75], "texture": "#0"}
			}
		},
		{
			"name": "123_44",
			"from": [8.5, 5.25, 0],
			"to": [10, 7, 0.25],
			"faces": {
				"north": {"uv": [10, 9, 8.5, 10.75], "texture": "#0"},
				"east": {"uv": [9.75, 9, 10, 10.75], "texture": "#0"},
				"south": {"uv": [8.5, 9, 10, 10.75], "texture": "#0"},
				"west": {"uv": [8.5, 9, 8.75, 10.75], "texture": "#0"},
				"up": {"uv": [8.5, 9, 10, 9.25], "texture": "#0"},
				"down": {"uv": [8.5, 10.5, 10, 10.75], "texture": "#0"}
			}
		},
		{
			"name": "123_45",
			"from": [13.75, 6.25, 0],
			"to": [14, 6.5, 0.25],
			"faces": {
				"north": {"uv": [14, 9.5, 13.75, 9.75], "texture": "#0"},
				"east": {"uv": [13.75, 9.5, 14, 9.75], "texture": "#0"},
				"south": {"uv": [13.75, 9.5, 14, 9.75], "texture": "#0"},
				"west": {"uv": [13.75, 9.5, 14, 9.75], "texture": "#0"},
				"up": {"uv": [13.75, 9.5, 14, 9.75], "texture": "#0"},
				"down": {"uv": [13.75, 9.5, 14, 9.75], "texture": "#0"}
			}
		},
		{
			"name": "123_46",
			"from": [5.5, 6, 0],
			"to": [5.75, 6.25, 0.25],
			"faces": {
				"north": {"uv": [5.75, 9.75, 5.5, 10], "texture": "#0"},
				"east": {"uv": [5.5, 9.75, 5.75, 10], "texture": "#0"},
				"south": {"uv": [5.5, 9.75, 5.75, 10], "texture": "#0"},
				"west": {"uv": [5.5, 9.75, 5.75, 10], "texture": "#0"},
				"up": {"uv": [5.5, 9.75, 5.75, 10], "texture": "#0"},
				"down": {"uv": [5.5, 9.75, 5.75, 10], "texture": "#0"}
			}
		},
		{
			"name": "123_47",
			"from": [6.25, 5.75, 0],
			"to": [6.5, 6, 0.25],
			"faces": {
				"north": {"uv": [6.5, 10, 6.25, 10.25], "texture": "#0"},
				"east": {"uv": [6.25, 10, 6.5, 10.25], "texture": "#0"},
				"south": {"uv": [6.25, 10, 6.5, 10.25], "texture": "#0"},
				"west": {"uv": [6.25, 10, 6.5, 10.25], "texture": "#0"},
				"up": {"uv": [6.25, 10, 6.5, 10.25], "texture": "#0"},
				"down": {"uv": [6.25, 10, 6.5, 10.25], "texture": "#0"}
			}
		},
		{
			"name": "123_48",
			"from": [7, 5.5, 0],
			"to": [8.5, 5.75, 0.25],
			"faces": {
				"north": {"uv": [8.5, 10.25, 7, 10.5], "texture": "#0"},
				"east": {"uv": [8.25, 10.25, 8.5, 10.5], "texture": "#0"},
				"south": {"uv": [7, 10.25, 8.5, 10.5], "texture": "#0"},
				"west": {"uv": [7, 10.25, 7.25, 10.5], "texture": "#0"},
				"up": {"uv": [7, 10.25, 8.5, 10.5], "texture": "#0"},
				"down": {"uv": [7, 10.25, 8.5, 10.5], "texture": "#0"}
			}
		},
		{
			"name": "123_49",
			"from": [8, 5.25, 0],
			"to": [8.5, 5.5, 0.25],
			"faces": {
				"north": {"uv": [8.5, 10.5, 8, 10.75], "texture": "#0"},
				"east": {"uv": [8.25, 10.5, 8.5, 10.75], "texture": "#0"},
				"south": {"uv": [8, 10.5, 8.5, 10.75], "texture": "#0"},
				"west": {"uv": [8, 10.5, 8.25, 10.75], "texture": "#0"},
				"up": {"uv": [8, 10.5, 8.5, 10.75], "texture": "#0"},
				"down": {"uv": [8, 10.5, 8.5, 10.75], "texture": "#0"}
			}
		}
	],
	"groups": [
		{
			"name": "123",
			"origin": [8, 8, 8],
			"color": 0,
			"children": [
				0,
				1,
				2,
				3,
				4,
				5,
				6,
				7,
				8,
				9,
				10,
				11,
				12,
				13,
				14,
				15,
				16,
				17,
				18,
				19,
				20,
				21,
				22,
				23,
				24,
				25,
				26,
				27,
				28,
				29,
				30,
				31,
				32,
				33,
				34,
				35,
				36,
				37,
				38,
				39,
				40,
				41,
				42,
				43,
				44,
				45,
				46,
				47,
				48,
				49
			]
		}
	]
}