{
	"credit": "Made with Blockbench",
	"texture_size": [32, 32],
	"textures": {
		"0": "item/blackc",
		"particle": "item/blackc"
	},
	"elements": [
		{
			"from": [7.5, 0, 7.4],
			"to": [8.5, 0.6, 8.6],
			"rotation": {"angle": 0, "axis": "y", "origin": [7, 0, 7]},
			"faces": {
				"north": {"uv": [7.5, 3, 8, 3.25], "texture": "#0"},
				"east": {"uv": [7, 5, 7.625, 5.25], "texture": "#0"},
				"south": {"uv": [7.5, 3.5, 8, 3.75], "texture": "#0"},
				"west": {"uv": [7, 5.5, 7.625, 5.75], "texture": "#0"},
				"up": {"uv": [7, 6.625, 6.5, 6], "texture": "#0"},
				"down": {"uv": [7.5, 2, 7, 2.625], "texture": "#0"}
			}
		},
		{
			"from": [7.5, 6.6, 7.3],
			"to": [8.5, 6.8, 8.7],
			"rotation": {"angle": 0, "axis": "y", "origin": [7, 6.6, 7]},
			"faces": {
				"north": {"uv": [8, 5.5, 8.5, 5.625], "texture": "#0"},
				"east": {"uv": [6, 7.5, 6.75, 7.625], "texture": "#0"},
				"south": {"uv": [6, 8, 6.5, 8.125], "texture": "#0"},
				"west": {"uv": [7.5, 6.5, 8.25, 6.625], "texture": "#0"},
				"up": {"uv": [7, 2.75, 6.5, 2], "texture": "#0"},
				"down": {"uv": [7, 3, 6.5, 3.75], "texture": "#0"}
			}
		},
		{
			"from": [7.4, 6.8, 7.2],
			"to": [8.6, 7.4, 8.8],
			"rotation": {"angle": 0, "axis": "y", "origin": [7, 6.8, 7]},
			"faces": {
				"north": {"uv": [6, 7, 6.625, 7.25], "texture": "#0"},
				"east": {"uv": [7, 4, 7.75, 4.25], "texture": "#0"},
				"south": {"uv": [7, 6, 7.625, 6.25], "texture": "#0"},
				"west": {"uv": [7, 4.5, 7.75, 4.75], "texture": "#0"},
				"up": {"uv": [7.125, 0.75, 6.5, 0], "texture": "#0"},
				"down": {"uv": [7.125, 1, 6.5, 1.75], "texture": "#0"}
			}
		},
		{
			"from": [7.5, 7.4, 7.3],
			"to": [8.5, 7.7, 8.7],
			"rotation": {"angle": 0, "axis": "y", "origin": [7, 7.4, 7]},
			"faces": {
				"north": {"uv": [8, 6, 8.5, 6.125], "texture": "#0"},
				"east": {"uv": [8, 2.5, 8.75, 2.625], "texture": "#0"},
				"south": {"uv": [6.5, 8, 7, 8.125], "texture": "#0"},
				"west": {"uv": [8, 3, 8.75, 3.125], "texture": "#0"},
				"up": {"uv": [7, 4.75, 6.5, 4], "texture": "#0"},
				"down": {"uv": [7, 5, 6.5, 5.75], "texture": "#0"}
			}
		},
		{
			"from": [7.8, 7.7, 8.2],
			"to": [8.2, 15.4, 8.5],
			"rotation": {"angle": 0, "axis": "y", "origin": [7, 7.7, 7]},
			"faces": {
				"north": {"uv": [0, 7.28363, 0.25, 11.125], "texture": "#0"},
				"east": {"uv": [3, 10.78363, 3.125, 14.625], "texture": "#0"},
				"south": {"uv": [0.5, 7.28363, 0.75, 11.125], "texture": "#0"},
				"west": {"uv": [3.5, 10.78363, 3.625, 14.625], "texture": "#0"},
				"up": {"uv": [7.25, 8.125, 7, 8], "texture": "#0"},
				"down": {"uv": [8.25, 7, 8, 7.125], "texture": "#0"}
			}
		},
		{
			"from": [7.8, 19.4, 8.2],
			"to": [8.2, 19.4, 8.5],
			"rotation": {"angle": 0, "axis": "y", "origin": [7, 7.7, 7]},
			"faces": {
				"north": {"uv": [0, 5.28812, 0.25, 5.28812], "texture": "#0"},
				"east": {"uv": [3, 8.78812, 3.125, 8.78812], "texture": "#0"},
				"south": {"uv": [0.5, 5.28812, 0.75, 5.28812], "texture": "#0"},
				"west": {"uv": [3.5, 8.78812, 3.625, 8.78812], "texture": "#0"},
				"up": {"uv": [7.25, 8.125, 7, 8], "texture": "#0"},
				"down": {"uv": [8.25, 7, 8, 7.125], "texture": "#0"}
			}
		},
		{
			"from": [7.8, 7.7, 7.9],
			"to": [8.2, 15.4, 8.2],
			"rotation": {"angle": 0, "axis": "y", "origin": [7, 7.7, 6.7]},
			"faces": {
				"north": {"uv": [2, 7.15, 2.25, 11], "texture": "#0"},
				"east": {"uv": [5, 7.15, 5.125, 11], "texture": "#0"},
				"south": {"uv": [2.5, 7.15, 2.75, 11], "texture": "#0"},
				"west": {"uv": [5.5, 7.15, 5.625, 11], "texture": "#0"},
				"up": {"uv": [9.25, 1.125, 9, 1], "texture": "#0"},
				"down": {"uv": [9.25, 1.5, 9, 1.625], "texture": "#0"}
			}
		},
		{
			"from": [7.8, 15.4, 7.9],
			"to": [7.8, 25.7, 8.2],
			"rotation": {"angle": 0, "axis": "y", "origin": [7, 3.7, 6.7]},
			"faces": {
				"north": {"uv": [2.25, 0, 2.25, 5.15], "texture": "#0"},
				"east": {"uv": [5, 0, 5.125, 5.15], "texture": "#0"},
				"south": {"uv": [2.5, 0, 2.5, 5.15], "texture": "#0"},
				"west": {"uv": [5.5, 0, 5.625, 5.15], "texture": "#0"},
				"up": {"uv": [9.25, 1.125, 9.25, 1], "texture": "#0"},
				"down": {"uv": [9.25, 1.5, 9.25, 1.625], "texture": "#0"}
			}
		},
		{
			"from": [7.8, 15.4, 8.2],
			"to": [8.2, 26, 8.5],
			"rotation": {"angle": 0, "axis": "y", "origin": [7, 3.7, 7]},
			"faces": {
				"north": {"uv": [0, 0, 0.25, 5.28812], "texture": "#0"},
				"east": {"uv": [3, 3.5, 3.125, 8.78812], "texture": "#0"},
				"south": {"uv": [0.5, 0, 0.75, 5.28812], "texture": "#0"},
				"west": {"uv": [3.5, 3.5, 3.625, 8.78812], "texture": "#0"},
				"up": {"uv": [7.25, 8.125, 7, 8], "texture": "#0"},
				"down": {"uv": [8.25, 7, 8, 7.125], "texture": "#0"}
			}
		},
		{
			"from": [7.9, 24.7, 7.8],
			"to": [8.1, 26, 8.2],
			"rotation": {"angle": 0, "axis": "y", "origin": [7, 3.7, 6.7]},
			"faces": {
				"north": {"uv": [8, 3.5, 8.125, 4.125], "texture": "#0"},
				"east": {"uv": [7, 6.5, 7.25, 7.125], "texture": "#0"},
				"south": {"uv": [8, 4.5, 8.125, 5.125], "texture": "#0"},
				"west": {"uv": [7.5, 0, 7.75, 0.625], "texture": "#0"},
				"up": {"uv": [7.625, 8.25, 7.5, 8], "texture": "#0"},
				"down": {"uv": [8.125, 7.5, 8, 7.75], "texture": "#0"}
			}
		},
		{
			"from": [7.9, 7.7, 7.5],
			"to": [8.1, 15.4, 7.9],
			"rotation": {"angle": 0, "axis": "y", "origin": [7, 7.7, 6.4]},
			"faces": {
				"north": {"uv": [4, 7.28363, 4.125, 11.125], "texture": "#0"},
				"east": {"uv": [1, 7.28363, 1.25, 11.125], "texture": "#0"},
				"south": {"uv": [4.5, 7.28363, 4.625, 11.125], "texture": "#0"},
				"west": {"uv": [1.5, 7.28363, 1.75, 11.125], "texture": "#0"},
				"up": {"uv": [9.125, 2.25, 9, 2], "texture": "#0"},
				"down": {"uv": [9.125, 2.5, 9, 2.75], "texture": "#0"}
			}
		},
		{
			"from": [7.9, 7.7, 7.9],
			"to": [8.1, 15.4, 7.9],
			"rotation": {"angle": 0, "axis": "y", "origin": [7, 7.7, 6.4]},
			"faces": {
				"north": {"uv": [4, 7.28363, 4.125, 11.125], "texture": "#0"},
				"east": {"uv": [1, 7.28363, 1, 11.125], "texture": "#0"},
				"south": {"uv": [4.5, 7.28363, 4.625, 11.125], "texture": "#0"},
				"west": {"uv": [1.75, 7.28363, 1.75, 11.125], "texture": "#0"},
				"up": {"uv": [9.125, 2, 9, 2], "texture": "#0"},
				"down": {"uv": [9.125, 2.5, 9, 2.5], "texture": "#0"}
			}
		},
		{
			"from": [7.9, 15.4, 7.5],
			"to": [8.1, 26, 7.9],
			"rotation": {"angle": 0, "axis": "y", "origin": [7, 3.7, 6.4]},
			"faces": {
				"north": {"uv": [4, 0, 4.125, 5.28812], "texture": "#0"},
				"east": {"uv": [1, 0, 1.25, 5.28812], "texture": "#0"},
				"south": {"uv": [4.5, 0, 4.625, 5.28812], "texture": "#0"},
				"west": {"uv": [1.5, 0, 1.75, 5.28812], "texture": "#0"},
				"up": {"uv": [9.125, 2.25, 9, 2], "texture": "#0"},
				"down": {"uv": [9.125, 2.5, 9, 2.75], "texture": "#0"}
			}
		},
		{
			"from": [7.9, 15.4, 7.9],
			"to": [8.1, 26, 7.9],
			"rotation": {"angle": 0, "axis": "y", "origin": [7, 3.7, 6.4]},
			"faces": {
				"north": {"uv": [4, 0, 4.125, 5.28812], "texture": "#0"},
				"east": {"uv": [1, 0, 1, 5.28812], "texture": "#0"},
				"south": {"uv": [4.5, 0, 4.625, 5.28812], "texture": "#0"},
				"west": {"uv": [1.75, 0, 1.75, 5.28812], "texture": "#0"},
				"up": {"uv": [9.125, 2, 9, 2], "texture": "#0"},
				"down": {"uv": [9.125, 2.5, 9, 2.5], "texture": "#0"}
			}
		},
		{
			"from": [7.8, 15.4, 7.9],
			"to": [8.2, 25.7, 8.2],
			"rotation": {"angle": 0, "axis": "y", "origin": [7, 3.7, 6.7]},
			"faces": {
				"north": {"uv": [2, 0, 2.25, 5.15], "texture": "#0"},
				"east": {"uv": [5, 0, 5.125, 5.15], "texture": "#0"},
				"south": {"uv": [2.5, 0, 2.75, 5.15], "texture": "#0"},
				"west": {"uv": [5.5, 0, 5.625, 5.15], "texture": "#0"},
				"up": {"uv": [9.25, 1.125, 9, 1], "texture": "#0"},
				"down": {"uv": [9.25, 1.5, 9, 1.625], "texture": "#0"}
			}
		},
		{
			"from": [7.9, 26, 7.6],
			"to": [8.1, 26.3, 8],
			"rotation": {"angle": 0, "axis": "y", "origin": [7, 4, 6.5]},
			"faces": {
				"north": {"uv": [9, 3, 9.125, 3.125], "texture": "#0"},
				"east": {"uv": [8, 8, 8.25, 8.125], "texture": "#0"},
				"south": {"uv": [9, 3.5, 9.125, 3.625], "texture": "#0"},
				"west": {"uv": [8.5, 0, 8.75, 0.125], "texture": "#0"},
				"up": {"uv": [8.625, 0.75, 8.5, 0.5], "texture": "#0"},
				"down": {"uv": [8.625, 1, 8.5, 1.25], "texture": "#0"}
			}
		},
		{
			"from": [7.9, 26.3, 7.7],
			"to": [8.1, 26.6, 8.1],
			"rotation": {"angle": 0, "axis": "y", "origin": [7, 4.3, 6.6]},
			"faces": {
				"north": {"uv": [9, 5, 9.125, 5.125], "texture": "#0"},
				"east": {"uv": [8.5, 4.5, 8.75, 4.625], "texture": "#0"},
				"south": {"uv": [9, 5.5, 9.125, 5.625], "texture": "#0"},
				"west": {"uv": [8.5, 5, 8.75, 5.125], "texture": "#0"},
				"up": {"uv": [8.625, 5.75, 8.5, 5.5], "texture": "#0"},
				"down": {"uv": [6.125, 8.5, 6, 8.75], "texture": "#0"}
			}
		},
		{
			"from": [7.9, 26.6, 7.9],
			"to": [8.1, 26.9, 8.3],
			"rotation": {"angle": 0, "axis": "y", "origin": [7, 4.6, 6.8]},
			"faces": {
				"north": {"uv": [6.5, 9, 6.625, 9.125], "texture": "#0"},
				"east": {"uv": [8.5, 7, 8.75, 7.125], "texture": "#0"},
				"south": {"uv": [9, 6.5, 9.125, 6.625], "texture": "#0"},
				"west": {"uv": [7.5, 8.5, 7.75, 8.625], "texture": "#0"},
				"up": {"uv": [8.625, 7.75, 8.5, 7.5], "texture": "#0"},
				"down": {"uv": [8.125, 8.5, 8, 8.75], "texture": "#0"}
			}
		},
		{
			"from": [7.9, 26.9, 8.1],
			"to": [8.1, 27.1, 8.5],
			"rotation": {"angle": 0, "axis": "y", "origin": [7, 4.9, 7]},
			"faces": {
				"north": {"uv": [8.5, 9, 8.625, 9.125], "texture": "#0"},
				"east": {"uv": [8.5, 8, 8.75, 8.125], "texture": "#0"},
				"south": {"uv": [9, 8.5, 9.125, 8.625], "texture": "#0"},
				"west": {"uv": [8.5, 8.5, 8.75, 8.625], "texture": "#0"},
				"up": {"uv": [9.125, 0.25, 9, 0], "texture": "#0"},
				"down": {"uv": [9.125, 0.5, 9, 0.75], "texture": "#0"}
			}
		},
		{
			"from": [7.9, 26, 8],
			"to": [8.1, 26.3, 8.5],
			"rotation": {"angle": 0, "axis": "y", "origin": [7, 4, 7]},
			"faces": {
				"north": {"uv": [9, 4, 9.125, 4.125], "texture": "#0"},
				"east": {"uv": [8.5, 1.5, 8.75, 1.625], "texture": "#0"},
				"south": {"uv": [9, 4.5, 9.125, 4.625], "texture": "#0"},
				"west": {"uv": [8.5, 2, 8.75, 2.125], "texture": "#0"},
				"up": {"uv": [8.625, 3.75, 8.5, 3.5], "texture": "#0"},
				"down": {"uv": [8.625, 4, 8.5, 4.25], "texture": "#0"}
			}
		},
		{
			"from": [7.9, 26.3, 8.1],
			"to": [8.1, 26.6, 8.5],
			"rotation": {"angle": 0, "axis": "y", "origin": [7, 4.3, 7]},
			"faces": {
				"north": {"uv": [6, 9, 6.125, 9.125], "texture": "#0"},
				"east": {"uv": [8.5, 6, 8.75, 6.125], "texture": "#0"},
				"south": {"uv": [9, 6, 9.125, 6.125], "texture": "#0"},
				"west": {"uv": [6.5, 8.5, 6.75, 8.625], "texture": "#0"},
				"up": {"uv": [8.625, 6.75, 8.5, 6.5], "texture": "#0"},
				"down": {"uv": [7.125, 8.5, 7, 8.75], "texture": "#0"}
			}
		},
		{
			"from": [7.9, 26.6, 8.3],
			"to": [8.1, 26.9, 8.5],
			"rotation": {"angle": 0, "axis": "y", "origin": [7, 4.6, 7]},
			"faces": {
				"north": {"uv": [7, 9, 7.125, 9.125], "texture": "#0"},
				"east": {"uv": [9, 7, 9.125, 7.125], "texture": "#0"},
				"south": {"uv": [7.5, 9, 7.625, 9.125], "texture": "#0"},
				"west": {"uv": [9, 7.5, 9.125, 7.625], "texture": "#0"},
				"up": {"uv": [8.125, 9.125, 8, 9], "texture": "#0"},
				"down": {"uv": [9.125, 8, 9, 8.125], "texture": "#0"}
			}
		},
		{
			"from": [7.6, 6.8, 8.8],
			"to": [8.4, 7.4, 9.6],
			"rotation": {"angle": 0, "axis": "y", "origin": [7, 6.8, 8.6]},
			"faces": {
				"north": {"uv": [7, 7.5, 7.375, 7.75], "texture": "#0"},
				"east": {"uv": [7.5, 7, 7.875, 7.25], "texture": "#0"},
				"south": {"uv": [7.5, 7.5, 7.875, 7.75], "texture": "#0"},
				"west": {"uv": [8, 0, 8.375, 0.25], "texture": "#0"},
				"up": {"uv": [7.875, 1.375, 7.5, 1], "texture": "#0"},
				"down": {"uv": [7.875, 1.5, 7.5, 1.875], "texture": "#0"}
			}
		},
		{
			"from": [7.6, 6.8, 6.4],
			"to": [8.4, 7.4, 7.2],
			"rotation": {"angle": 0, "axis": "y", "origin": [7, 6.8, 6.2]},
			"faces": {
				"north": {"uv": [8, 0.5, 8.375, 0.75], "texture": "#0"},
				"east": {"uv": [8, 1, 8.375, 1.25], "texture": "#0"},
				"south": {"uv": [8, 1.5, 8.375, 1.75], "texture": "#0"},
				"west": {"uv": [8, 2, 8.375, 2.25], "texture": "#0"},
				"up": {"uv": [7.875, 2.375, 7.5, 2], "texture": "#0"},
				"down": {"uv": [7.875, 2.5, 7.5, 2.875], "texture": "#0"}
			}
		},
		{
			"from": [7.6, 0, 7.5],
			"to": [8.4, 6.6, 8.5],
			"rotation": {"angle": 0, "axis": "y", "origin": [7, 1, 7]},
			"faces": {
				"north": {"uv": [6, 0, 6.375, 3.25], "texture": "#0"},
				"east": {"uv": [3, 0, 3.5, 3.25], "texture": "#0"},
				"south": {"uv": [6, 3.5, 6.375, 6.75], "texture": "#0"},
				"west": {"uv": [3.5, 0, 4, 3.25], "texture": "#0"},
				"up": {"uv": [7.375, 3.5, 7, 3], "texture": "#0"},
				"down": {"uv": [7.375, 3.5, 7, 4], "texture": "#0"}
			}
		}
	],
	"display": {
		"thirdperson_righthand": {
			"translation": [0, 1.75, 1],
			"scale": [1.3, 1.3, 1.3]
		},
		"thirdperson_lefthand": {
			"translation": [0, 1.75, 1]
		},
		"firstperson_righthand": {
			"translation": [0, 1.5, 0],
			"scale": [1.3, 1.3, 1.3]
		},
		"firstperson_lefthand": {
			"translation": [0, 3, 0]
		},
		"gui": {
			"rotation": [65, -60, 60],
			"translation": [3.5, -6, 0],
			"scale": [1.59, 1.56, 1.56]
		},
		"fixed": {
			"rotation": [0, 90, 0]
		}
	}
}