{
	"parent": "minecraft:item/handheld_rod",
	"textures": {
		"layer0": "minecraft:item/carrot_on_a_stick"
	},
	"overrides": [
		{
			"predicate": { "custom_model_data": 1 },
			"model": "item/wei"
		},
		{
			"predicate": { "custom_model_data": 3 },
			"model": "item/syu"
		},
		{
			"predicate": { "custom_model_data": 5 },
			"model": "item/sweep"
		},
		{
			"predicate": { "custom_model_data": 1000 },
			"model": "item/dimension_ripper_weapon"
		},
		{
			"predicate": { "custom_model_data": 2000 },
			"model": "item/shenfu"
		},
		{
			"predicate": { "custom_model_data": 3000 },
			"model": "item/identity/sweep"
		},
		{
			"predicate": { "custom_model_data": 3001 },
			"model": "item/identity/bloodfiend"
		},
		{
			"predicate": { "custom_model_data": 3002 },
			"model": "item/identity/k3"
		},
		{
			"predicate": { "custom_model_data": 3003 },
			"model": "item/identity/ring"
		},
		{
			"predicate": { "custom_model_data": 3004 },
			"model": "item/identity/syu"
		},
		{
			"predicate": { "custom_model_data": 3005 },
			"model": "item/identity/warp_axe"
		},
		{
			"predicate": { "custom_model_data": 3006 },
			"model": "item/identity/sear"
		},
		{
			"predicate": { "custom_model_data": 3007 },
			"model": "item/identity/fire"
		},
		{
			"predicate": { "custom_model_data": 3008 },
			"model": "item/identity/thumb"
		},
		{
			"predicate": { "custom_model_data": 3009 },
			"model": "item/identity/si_weapon"
		},
		{
			"predicate": { "custom_model_data": 3010 },
			"model": "item/identity/shi_sword"
		},
		{
			"predicate": { "custom_model_data": 3011 },
			"model": "item/identity/zwei"
		}
	
	]
}