{
	"credit": "Made with Blockbench",
	"textures": {
		"0": "item/dimension_ripper_weapon",
		"particle": "item/dimension_ripper_weapon"
	},
	"elements": [
		{
			"from": [7.45, 8, 4.65],
			"to": [8.7, 21, 7.75],
			"light_emission": 14,
			"rotation": {"angle": 0, "axis": "y", "origin": [7.7, 8, 4.25]},
			"faces": {
				"north": {"uv": [6, 0, 7.5, 13], "texture": "#0"},
				"east": {"uv": [0, 0, 3, 13], "texture": "#0"},
				"south": {"uv": [8, 0, 9.5, 13], "texture": "#0"},
				"west": {"uv": [3, 0, 6, 13], "texture": "#0"},
				"up": {"uv": [11.5, 7, 10, 4], "texture": "#0"},
				"down": {"uv": [11.5, 7, 10, 10], "texture": "#0"}
			}
		},
		{
			"from": [7.46, 21, 6.5],
			"to": [8.69, 22.75, 7.75],
			"light_emission": 14,
			"rotation": {"angle": 0, "axis": "y", "origin": [7.2, 21.5, 6]},
			"faces": {
				"north": {"uv": [12, 12, 13, 14], "texture": "#0"},
				"east": {"uv": [10, 10, 11.5, 12], "texture": "#0"},
				"south": {"uv": [0, 13, 1, 15], "texture": "#0"},
				"west": {"uv": [12, 4, 13.5, 6], "texture": "#0"},
				"up": {"uv": [14, 1.5, 13, 0], "texture": "#0"},
				"down": {"uv": [2, 13, 1, 14.5], "texture": "#0"}
			}
		},
		{
			"from": [7.46, 22.75, 7],
			"to": [8.69, 23.4, 7.75],
			"light_emission": 14,
			"rotation": {"angle": 0, "axis": "y", "origin": [7.2, 22.75, 6]},
			"faces": {
				"north": {"uv": [13, 7, 14, 7.5], "texture": "#0"},
				"east": {"uv": [8, 13, 9, 13.5], "texture": "#0"},
				"south": {"uv": [13, 8, 14, 8.5], "texture": "#0"},
				"west": {"uv": [9, 13, 10, 13.5], "texture": "#0"},
				"up": {"uv": [14, 4, 13, 3], "texture": "#0"},
				"down": {"uv": [7, 13, 6, 14], "texture": "#0"}
			}
		},
		{
			"from": [7.46, 23.4, 7.15],
			"to": [8.69, 23.55, 7.75],
			"light_emission": 14,
			"rotation": {"angle": 0, "axis": "y", "origin": [7.2, 23.15, 5.9]},
			"faces": {
				"north": {"uv": [13, 9, 14, 9.5], "texture": "#0"},
				"east": {"uv": [6, 14, 6.5, 14.5], "texture": "#0"},
				"south": {"uv": [13, 10, 14, 10.5], "texture": "#0"},
				"west": {"uv": [14, 6, 14.5, 6.5], "texture": "#0"},
				"up": {"uv": [14, 11.5, 13, 11], "texture": "#0"},
				"down": {"uv": [14, 12, 13, 12.5], "texture": "#0"}
			}
		},
		{
			"from": [7.46, 23.5, 7.35],
			"to": [8.69, 23.75, 7.75],
			"light_emission": 14,
			"rotation": {"angle": 0, "axis": "y", "origin": [7.2, 23.25, 5.9]},
			"faces": {
				"north": {"uv": [13, 13, 14, 13.5], "texture": "#0"},
				"east": {"uv": [7, 14, 7.5, 14.5], "texture": "#0"},
				"south": {"uv": [14, 0, 15, 0.5], "texture": "#0"},
				"west": {"uv": [14, 7, 14.5, 7.5], "texture": "#0"},
				"up": {"uv": [15, 1.5, 14, 1], "texture": "#0"},
				"down": {"uv": [3, 14, 2, 14.5], "texture": "#0"}
			}
		},
		{
			"from": [7.46, 23.8, 7.95],
			"to": [8.69, 24.35, 8.5],
			"light_emission": 14,
			"rotation": {"angle": -45, "axis": "x", "origin": [7.2, 22.65, 8.65]},
			"faces": {
				"north": {"uv": [3, 14, 4, 14.5], "texture": "#0"},
				"east": {"uv": [8, 14, 8.5, 14.5], "texture": "#0"},
				"south": {"uv": [14, 3, 15, 3.5], "texture": "#0"},
				"west": {"uv": [14, 8, 14.5, 8.5], "texture": "#0"},
				"up": {"uv": [15, 4.5, 14, 4], "texture": "#0"},
				"down": {"uv": [15, 5, 14, 5.5], "texture": "#0"}
			}
		},
		{
			"from": [7.46, 21.25, 7],
			"to": [8.69, 22.05, 8.25],
			"light_emission": 14,
			"rotation": {"angle": -45, "axis": "x", "origin": [7.2, 21.25, 6]},
			"faces": {
				"north": {"uv": [13, 6, 14, 7], "texture": "#0"},
				"east": {"uv": [2, 13, 3.5, 14], "texture": "#0"},
				"south": {"uv": [7, 13, 8, 14], "texture": "#0"},
				"west": {"uv": [13, 2, 14.5, 3], "texture": "#0"},
				"up": {"uv": [5, 14.5, 4, 13], "texture": "#0"},
				"down": {"uv": [6, 13, 5, 14.5], "texture": "#0"}
			}
		},
		{
			"from": [7.46, 19.85, 6.3],
			"to": [8.69, 21.7, 8.8],
			"light_emission": 14,
			"rotation": {"angle": -45, "axis": "x", "origin": [7.2, 19.35, 6.3]},
			"faces": {
				"north": {"uv": [10, 12, 11, 14], "texture": "#0"},
				"east": {"uv": [10, 0, 12.5, 2], "texture": "#0"},
				"south": {"uv": [11, 12, 12, 14], "texture": "#0"},
				"west": {"uv": [10, 2, 12.5, 4], "texture": "#0"},
				"up": {"uv": [13, 8.5, 12, 6], "texture": "#0"},
				"down": {"uv": [13, 9, 12, 11.5], "texture": "#0"}
			}
		}
	],
	"display": {
		"thirdperson_righthand": {
			"rotation": [-60, 0, 0],
			"translation": [0.5, 0, 1.75]
		},
		"thirdperson_lefthand": {
			"rotation": [-60, 0, 0],
			"translation": [0.5, 0, 1.75]
		},
		"firstperson_righthand": {
			"rotation": [0, 12, 0],
			"translation": [0.75, -3.25, 0],
			"scale": [1, 1.21, 1]
		},
		"firstperson_lefthand": {
			"rotation": [0, 12, 0],
			"translation": [0.75, -3.25, 0],
			"scale": [1, 1.21, 1]
		},
		"gui": {
			"rotation": [63, -134, 72],
			"translation": [-2.75, -3.5, 0],
			"scale": [1.41, 1.41, 1.41]
		}
	},
	"groups": [
		{
			"name": "group",
			"origin": [8, 8, 8],
			"color": 0,
			"children": [0, 1, 2, 3, 4, 5, 6, 7]
		}
	]
}