{
	"credit": "Made with Blockbench",
	"textures": {
		"0": "item/lccb",
		"particle": "item/lccb"
	},
	"elements": [
		{
			"from": [6.6, 9.1, 15.7],
			"to": [9.4, 11.9, 19.9],
			"rotation": {"angle": 0, "axis": "x", "origin": [8, 11.2, 8]},
			"faces": {
				"north": {"uv": [6, 2, 7.5, 3.5], "texture": "#0"},
				"east": {"uv": [4, 2, 6, 3.5], "texture": "#0"},
				"south": {"uv": [6, 3.5, 7.5, 5], "texture": "#0"},
				"west": {"uv": [4, 3.5, 6, 5], "texture": "#0"},
				"up": {"uv": [4.5, 7, 3, 5], "texture": "#0"},
				"down": {"uv": [6, 5, 4.5, 7], "texture": "#0"}
			}
		},
		{
			"from": [6.6, 9.8, 11.5],
			"to": [9.4, 11.2, 12.2],
			"rotation": {"angle": 0, "axis": "x", "origin": [8, 11.2, 8]},
			"faces": {
				"north": {"uv": [5, 8, 6.5, 8.5], "texture": "#0"},
				"east": {"uv": [8.5, 9, 9, 9.5], "texture": "#0"},
				"south": {"uv": [6.5, 8, 8, 8.5], "texture": "#0"},
				"west": {"uv": [9, 9, 9.5, 9.5], "texture": "#0"},
				"up": {"uv": [9.5, 8.5, 8, 8], "texture": "#0"},
				"down": {"uv": [6.5, 8.5, 5, 9], "texture": "#0"}
			}
		},
		{
			"from": [6.6, 9.8, 12.2],
			"to": [9.4, 11.55, 12.9],
			"rotation": {"angle": 0, "axis": "x", "origin": [8, 11.2, 8]},
			"faces": {
				"north": {"uv": [3, 7, 4.5, 8], "texture": "#0"},
				"east": {"uv": [5, 9, 5.5, 10], "texture": "#0"},
				"south": {"uv": [4.5, 7, 6, 8], "texture": "#0"},
				"west": {"uv": [9, 5, 9.5, 6], "texture": "#0"},
				"up": {"uv": [8, 9, 6.5, 8.5], "texture": "#0"},
				"down": {"uv": [9.5, 8.5, 8, 9], "texture": "#0"}
			}
		},
		{
			"from": [6.6, 9.8, 12.9],
			"to": [9.4, 11.9, 15.7],
			"rotation": {"angle": 0, "axis": "x", "origin": [8, 11.2, 8]},
			"faces": {
				"north": {"uv": [7.5, 2, 9, 3], "texture": "#0"},
				"east": {"uv": [7.5, 3, 9, 4], "texture": "#0"},
				"south": {"uv": [7.5, 4, 9, 5], "texture": "#0"},
				"west": {"uv": [7.5, 5, 9, 6], "texture": "#0"},
				"up": {"uv": [7.5, 6.5, 6, 5], "texture": "#0"},
				"down": {"uv": [7.5, 6.5, 6, 8], "texture": "#0"}
			}
		},
		{
			"from": [6.6, 10.85, 2.75],
			"to": [9.4, 12.95, 10.1],
			"rotation": {"angle": 0, "axis": "x", "origin": [8, 11.2, 8]},
			"faces": {
				"north": {"uv": [7.5, 6, 9, 7], "texture": "#0"},
				"east": {"uv": [4, 0, 7.5, 1], "texture": "#0"},
				"south": {"uv": [7.5, 7, 9, 8], "texture": "#0"},
				"west": {"uv": [4, 1, 7.5, 2], "texture": "#0"},
				"up": {"uv": [1.5, 3.5, 0, 0], "texture": "#0"},
				"down": {"uv": [3, 0, 1.5, 3.5], "texture": "#0"}
			}
		},
		{
			"from": [7.2, 11.2, -6.35],
			"to": [8.8, 11.9, 2.75],
			"rotation": {"angle": 0, "axis": "x", "origin": [8, 11.2, 8]},
			"faces": {
				"north": {"uv": [3, 4.5, 4, 5], "texture": "#0"},
				"east": {"uv": [7.5, 0, 12, 0.5], "texture": "#0"},
				"south": {"uv": [5.5, 9, 6.5, 9.5], "texture": "#0"},
				"west": {"uv": [7.5, 0.5, 12, 1], "texture": "#0"},
				"up": {"uv": [4, 4.5, 3, 0], "texture": "#0"},
				"down": {"uv": [1, 3.5, 0, 8], "texture": "#0"}
			}
		},
		{
			"from": [7.3, 11.9, -3.55],
			"to": [8.7, 12.25, -2.85],
			"rotation": {"angle": 0, "axis": "x", "origin": [8, 11.2, 6.25]},
			"faces": {
				"north": {"uv": [0, 9.5, 0.5, 10], "texture": "#0"},
				"east": {"uv": [0.5, 9.5, 1, 10], "texture": "#0"},
				"south": {"uv": [1, 9.5, 1.5, 10], "texture": "#0"},
				"west": {"uv": [1.5, 9.5, 2, 10], "texture": "#0"},
				"up": {"uv": [2.5, 10, 2, 9.5], "texture": "#0"},
				"down": {"uv": [3, 9.5, 2.5, 10], "texture": "#0"}
			}
		},
		{
			"from": [7.2, 12.25, -6.35],
			"to": [8.8, 12.95, 2.75],
			"rotation": {"angle": 0, "axis": "x", "origin": [8, 11.2, 8]},
			"faces": {
				"north": {"uv": [9, 6, 10, 6.5], "texture": "#0"},
				"east": {"uv": [7.5, 1, 12, 1.5], "texture": "#0"},
				"south": {"uv": [6.5, 9, 7.5, 9.5], "texture": "#0"},
				"west": {"uv": [7.5, 1.5, 12, 2], "texture": "#0"},
				"up": {"uv": [2, 8, 1, 3.5], "texture": "#0"},
				"down": {"uv": [3, 3.5, 2, 8], "texture": "#0"}
			}
		},
		{
			"from": [6.6, 10.5, 9.4],
			"to": [9.4, 11.9, 10.8],
			"rotation": {"angle": 0, "axis": "x", "origin": [8, 11.2, 8]},
			"faces": {
				"north": {"uv": [0, 9, 1.5, 9.5], "texture": "#0"},
				"east": {"uv": [3, 9.5, 3.5, 10], "texture": "#0"},
				"south": {"uv": [1.5, 9, 3, 9.5], "texture": "#0"},
				"west": {"uv": [3.5, 9.5, 4, 10], "texture": "#0"},
				"up": {"uv": [10.5, 2.5, 9, 2], "texture": "#0"},
				"down": {"uv": [10.5, 2.5, 9, 3], "texture": "#0"}
			}
		},
		{
			"from": [6.6, 9.8, 10.1],
			"to": [9.4, 11.2, 11.6],
			"rotation": {"angle": 0, "axis": "x", "origin": [8, 11.2, 8]},
			"faces": {
				"north": {"uv": [9, 3, 10.5, 3.5], "texture": "#0"},
				"east": {"uv": [9, 6.5, 10, 7], "texture": "#0"},
				"south": {"uv": [9, 3.5, 10.5, 4], "texture": "#0"},
				"west": {"uv": [9, 7, 10, 7.5], "texture": "#0"},
				"up": {"uv": [1.5, 9, 0, 8], "texture": "#0"},
				"down": {"uv": [3, 8, 1.5, 9], "texture": "#0"}
			}
		},
		{
			"from": [6.95, 10.99, -1.75],
			"to": [9.05, 12.04, 1.7],
			"rotation": {"angle": 0, "axis": "x", "origin": [8, 11.2, 7.65]},
			"faces": {
				"north": {"uv": [7.5, 9, 8.5, 9.5], "texture": "#0"},
				"east": {"uv": [9, 4, 10.5, 4.5], "texture": "#0"},
				"south": {"uv": [9, 7.5, 10, 8], "texture": "#0"},
				"west": {"uv": [9, 4.5, 10.5, 5], "texture": "#0"},
				"up": {"uv": [4, 9.5, 3, 8], "texture": "#0"},
				"down": {"uv": [5, 8, 4, 9.5], "texture": "#0"}
			}
		}
	],
	"display": {
		"thirdperson_righthand": {
			"rotation": [68, 0, 0],
			"translation": [0, -0.5, -2.75],
			"scale": [1.2, 1.2, 1.2]
		},
		"firstperson_righthand": {
			"rotation": [2, 0, 0],
			"translation": [0, 0.25, 2]
		},
		"ground": {
			"translation": [0, -1.25, 0]
		},
		"gui": {
			"rotation": [62, -60, 65],
			"translation": [1.75, -2, 0],
			"scale": [1.18, 1.15, 1.13]
		},
		"head": {
			"translation": [0, 0.5, 0]
		}
	},
	"groups": [
		{
			"name": "group",
			"origin": [8, 8, 8],
			"color": 0,
			"children": [0, 1, 2, 3, 4, 5, 6, 7, 8, 9, 10]
		}
	]
}