{
	"credit": "Made with Blockbench",
	"texture_size": [128, 128],
	"textures": {
		"2": "item/fuel_jar",
		"particle": "item/fuel_jar"
	},
	"elements": [
		{
			"from": [1, 3, 0],
			"to": [15, 8, 15],
			"rotation": {"angle": 0, "axis": "y", "origin": [8, -3, 0.75]},
			"faces": {
				"north": {"uv": [6.625, 0.75, 8.375, 1.375], "texture": "#2"},
				"east": {"uv": [2.75, 6, 4.625, 6.625], "texture": "#2"},
				"south": {"uv": [6.625, 1.5, 8.375, 2.125], "texture": "#2"},
				"west": {"uv": [4.75, 6, 6.625, 6.625], "texture": "#2"},
				"up": {"uv": [1.75, 1.875, 0, 0], "texture": "#2"},
				"down": {"uv": [3.625, 0, 1.875, 1.875], "texture": "#2"}
			}
		},
		{
			"from": [1, -14, 0],
			"to": [15, -9, 15],
			"rotation": {"angle": 0, "axis": "y", "origin": [8, -3, 0.75]},
			"faces": {
				"north": {"uv": [6.625, 2.25, 8.375, 2.875], "texture": "#2"},
				"east": {"uv": [0, 6.25, 1.875, 6.875], "texture": "#2"},
				"south": {"uv": [6.625, 3, 8.375, 3.625], "texture": "#2"},
				"west": {"uv": [6.625, 0, 8.5, 0.625], "texture": "#2"},
				"up": {"uv": [1.75, 3.875, 0, 2], "texture": "#2"},
				"down": {"uv": [3.625, 2, 1.875, 3.875], "texture": "#2"}
			}
		},
		{
			"from": [3, -16, 2],
			"to": [13, -14, 13],
			"rotation": {"angle": 0, "axis": "y", "origin": [8, -3, 0.75]},
			"faces": {
				"north": {"uv": [6.75, 6.375, 8, 6.625], "texture": "#2"},
				"east": {"uv": [6.625, 3.75, 8, 4], "texture": "#2"},
				"south": {"uv": [6.5, 6.75, 7.75, 7], "texture": "#2"},
				"west": {"uv": [6.625, 4.125, 8, 4.375], "texture": "#2"},
				"up": {"uv": [4, 5.875, 2.75, 4.5], "texture": "#2"},
				"down": {"uv": [5.375, 4.5, 4.125, 5.875], "texture": "#2"}
			}
		},
		{
			"from": [3, 8, 2],
			"to": [13, 10, 13],
			"rotation": {"angle": 0, "axis": "y", "origin": [8, -3, 0.75]},
			"faces": {
				"north": {"uv": [6.875, 4.5, 8.125, 4.75], "texture": "#2"},
				"east": {"uv": [5, 6.75, 6.375, 7], "texture": "#2"},
				"south": {"uv": [6.875, 4.875, 8.125, 5.125], "texture": "#2"},
				"west": {"uv": [6.75, 6, 8.125, 6.25], "texture": "#2"},
				"up": {"uv": [6.5, 1.375, 5.25, 0], "texture": "#2"},
				"down": {"uv": [6.5, 1.5, 5.25, 2.875], "texture": "#2"}
			}
		},
		{
			"from": [3, -13, 2],
			"to": [13, 4, 13],
			"rotation": {"angle": 0, "axis": "y", "origin": [8, -3, 0.75]},
			"faces": {
				"north": {"uv": [0, 4, 1.25, 6.125], "texture": "#2"},
				"east": {"uv": [3.75, 0, 5.125, 2.125], "texture": "#2"},
				"south": {"uv": [1.375, 4, 2.625, 6.125], "texture": "#2"},
				"west": {"uv": [3.75, 2.25, 5.125, 4.375], "texture": "#2"},
				"up": {"uv": [6.5, 4.375, 5.25, 3], "texture": "#2"},
				"down": {"uv": [6.75, 4.5, 5.5, 5.875], "texture": "#2"}
			}
		},
		{
			"from": [3, 3.5, -7],
			"to": [5, 5.5, 2],
			"rotation": {"angle": 0, "axis": "y", "origin": [8, -3, 0.75]},
			"faces": {
				"north": {"uv": [2.75, 4, 3, 4.25], "texture": "#2"},
				"east": {"uv": [6.875, 5.25, 8, 5.5], "texture": "#2"},
				"south": {"uv": [3.125, 4, 3.375, 4.25], "texture": "#2"},
				"west": {"uv": [6.875, 5.625, 8, 5.875], "texture": "#2"},
				"up": {"uv": [0.25, 8.125, 0, 7], "texture": "#2"},
				"down": {"uv": [0.625, 7, 0.375, 8.125], "texture": "#2"}
			}
		},
		{
			"from": [11, -11.5, -7],
			"to": [13, -9.5, 2],
			"rotation": {"angle": 0, "axis": "y", "origin": [8, -3, 0.75]},
			"faces": {
				"north": {"uv": [7.875, 6.75, 8.125, 7], "texture": "#2"},
				"east": {"uv": [0.75, 7, 1.875, 7.25], "texture": "#2"},
				"south": {"uv": [7.375, 7.875, 7.625, 8.125], "texture": "#2"},
				"west": {"uv": [5, 7.125, 6.125, 7.375], "texture": "#2"},
				"up": {"uv": [6.5, 8.25, 6.25, 7.125], "texture": "#2"},
				"down": {"uv": [6.875, 7.125, 6.625, 8.25], "texture": "#2"}
			}
		},
		{
			"from": [3, -11.5, -7],
			"to": [5, -9.5, 2],
			"rotation": {"angle": 0, "axis": "y", "origin": [8, -3, 0.75]},
			"faces": {
				"north": {"uv": [7.75, 7.875, 8, 8.125], "texture": "#2"},
				"east": {"uv": [7, 7.125, 8.125, 7.375], "texture": "#2"},
				"south": {"uv": [2, 8, 2.25, 8.25], "texture": "#2"},
				"west": {"uv": [0.75, 7.375, 1.875, 7.625], "texture": "#2"},
				"up": {"uv": [5.25, 8.625, 5, 7.5], "texture": "#2"},
				"down": {"uv": [5.625, 7.5, 5.375, 8.625], "texture": "#2"}
			}
		},
		{
			"from": [11, -9.5, -7],
			"to": [13, 3.5, -5],
			"rotation": {"angle": 0, "axis": "y", "origin": [8, -3, 0.75]},
			"faces": {
				"north": {"uv": [2, 6.25, 2.25, 7.875], "texture": "#2"},
				"east": {"uv": [2.375, 6.25, 2.625, 7.875], "texture": "#2"},
				"south": {"uv": [2.75, 6.75, 3, 8.375], "texture": "#2"},
				"west": {"uv": [3.125, 6.75, 3.375, 8.375], "texture": "#2"},
				"up": {"uv": [2.625, 8.25, 2.375, 8], "texture": "#2"},
				"down": {"uv": [1, 8.125, 0.75, 8.375], "texture": "#2"}
			}
		},
		{
			"from": [3, -9.5, -7],
			"to": [5, 3.5, -5],
			"rotation": {"angle": 0, "axis": "y", "origin": [8, -3, 0.75]},
			"faces": {
				"north": {"uv": [3.5, 6.75, 3.75, 8.375], "texture": "#2"},
				"east": {"uv": [3.875, 6.75, 4.125, 8.375], "texture": "#2"},
				"south": {"uv": [4.25, 6.75, 4.5, 8.375], "texture": "#2"},
				"west": {"uv": [4.625, 6.75, 4.875, 8.375], "texture": "#2"},
				"up": {"uv": [1.375, 8.375, 1.125, 8.125], "texture": "#2"},
				"down": {"uv": [1.75, 8.125, 1.5, 8.375], "texture": "#2"}
			}
		},
		{
			"from": [11, 3.5, -7],
			"to": [13, 5.5, 2],
			"rotation": {"angle": 0, "axis": "y", "origin": [8, -3, 0.75]},
			"faces": {
				"north": {"uv": [8.125, 3.75, 8.375, 4], "texture": "#2"},
				"east": {"uv": [7, 7.5, 8.125, 7.75], "texture": "#2"},
				"south": {"uv": [8.125, 4.125, 8.375, 4.375], "texture": "#2"},
				"west": {"uv": [0.75, 7.75, 1.875, 8], "texture": "#2"},
				"up": {"uv": [6, 8.625, 5.75, 7.5], "texture": "#2"},
				"down": {"uv": [7.25, 7.875, 7, 9], "texture": "#2"}
			}
		}
	],
	"gui_light": "front",
	"display": {
		"thirdperson_righthand": {
			"rotation": [45, 180, 0],
			"translation": [-2, 6.75, 4],
			"scale": [0.5, 0.5, 0.5]
		},
		"thirdperson_lefthand": {
			"rotation": [45, 180, 0],
			"translation": [-2, 6.75, 4],
			"scale": [0.5, 0.5, 0.5]
		},
		"firstperson_righthand": {
			"rotation": [21, 151, 0],
			"translation": [1.75, 6.25, -1],
			"scale": [0.5, 0.5, 0.5]
		},
		"firstperson_lefthand": {
			"rotation": [9, 129, 0],
			"translation": [0.75, 7.25, -0.25],
			"scale": [0.5, 0.5, 0.5]
		},
		"ground": {
			"rotation": [45, 0, 0],
			"translation": [-2, 6.75, 4],
			"scale": [0.5, 0.5, 0.5]
		},
		"gui": {
			"rotation": [-31, -56, -33],
			"translation": [0.75, 5.75, -3],
			"scale": [0.5, 0.5, 0.5]
		},
		"head": {
			"translation": [0, -3.25, 10.75]
		},
		"fixed": {
			"rotation": [-45, 105, 44],
			"translation": [1, 4.25, -3],
			"scale": [0.5, 0.5, 0.5]
		}
	},
	"groups": [
		{
			"name": "group",
			"origin": [18, 3, 7],
			"color": 0,
			"children": [0, 1, 2, 3, 4, 5, 6, 7, 8, 9, 10]
		}
	]
}