{
	"credit": "Made with Blockbench",
	"textures": {
		"0": "item/mask",
		"particle": "item/mask"
	},
	"elements": [
		{
			"name": "b093baba0d672e5aff9f52d607d37e0f_0",
			"from": [4.5, 5.5, 0],
			"to": [4.75, 14.75, 0.25],
			"faces": {
				"north": {"uv": [4.75, 1.25, 4.5, 10.5], "texture": "#0"},
				"east": {"uv": [4.5, 1.25, 4.75, 10.5], "texture": "#0"},
				"south": {"uv": [4.5, 1.25, 4.75, 10.5], "texture": "#0"},
				"west": {"uv": [4.5, 1.25, 4.75, 10.5], "texture": "#0"},
				"up": {"uv": [4.5, 1.25, 4.75, 1.5], "texture": "#0"},
				"down": {"uv": [4.5, 10.25, 4.75, 10.5], "texture": "#0"}
			}
		},
		{
			"name": "b093baba0d672e5aff9f52d607d37e0f_1",
			"from": [4, 8.5, 0],
			"to": [4.5, 14.5, 0.25],
			"faces": {
				"north": {"uv": [4.5, 1.5, 4, 7.5], "texture": "#0"},
				"east": {"uv": [4.25, 1.5, 4.5, 7.5], "texture": "#0"},
				"south": {"uv": [4, 1.5, 4.5, 7.5], "texture": "#0"},
				"west": {"uv": [4, 1.5, 4.25, 7.5], "texture": "#0"},
				"up": {"uv": [4, 1.5, 4.5, 1.75], "texture": "#0"},
				"down": {"uv": [4, 7.25, 4.5, 7.5], "texture": "#0"}
			}
		},
		{
			"name": "b093baba0d672e5aff9f52d607d37e0f_2",
			"from": [11.25, 5, 0],
			"to": [11.5, 14.5, 0.25],
			"faces": {
				"north": {"uv": [11.5, 1.5, 11.25, 11], "texture": "#0"},
				"east": {"uv": [11.25, 1.5, 11.5, 11], "texture": "#0"},
				"south": {"uv": [11.25, 1.5, 11.5, 11], "texture": "#0"},
				"west": {"uv": [11.25, 1.5, 11.5, 11], "texture": "#0"},
				"up": {"uv": [11.25, 1.5, 11.5, 1.75], "texture": "#0"},
				"down": {"uv": [11.25, 10.75, 11.5, 11], "texture": "#0"}
			}
		},
		{
			"name": "b093baba0d672e5aff9f52d607d37e0f_3",
			"from": [3.75, 10.25, 0],
			"to": [4, 14.25, 0.25],
			"faces": {
				"north": {"uv": [4, 1.75, 3.75, 5.75], "texture": "#0"},
				"east": {"uv": [3.75, 1.75, 4, 5.75], "texture": "#0"},
				"south": {"uv": [3.75, 1.75, 4, 5.75], "texture": "#0"},
				"west": {"uv": [3.75, 1.75, 4, 5.75], "texture": "#0"},
				"up": {"uv": [3.75, 1.75, 4, 2], "texture": "#0"},
				"down": {"uv": [3.75, 5.5, 4, 5.75], "texture": "#0"}
			}
		},
		{
			"name": "b093baba0d672e5aff9f52d607d37e0f_4",
			"from": [11.5, 7.5, 0],
			"to": [12, 14.25, 0.25],
			"faces": {
				"north": {"uv": [12, 1.75, 11.5, 8.5], "texture": "#0"},
				"east": {"uv": [11.75, 1.75, 12, 8.5], "texture": "#0"},
				"south": {"uv": [11.5, 1.75, 12, 8.5], "texture": "#0"},
				"west": {"uv": [11.5, 1.75, 11.75, 8.5], "texture": "#0"},
				"up": {"uv": [11.5, 1.75, 12, 2], "texture": "#0"},
				"down": {"uv": [11.5, 8.25, 12, 8.5], "texture": "#0"}
			}
		},
		{
			"name": "b093baba0d672e5aff9f52d607d37e0f_5",
			"from": [3.5, 10.25, 0],
			"to": [3.75, 14, 0.25],
			"faces": {
				"north": {"uv": [3.75, 2, 3.5, 5.75], "texture": "#0"},
				"east": {"uv": [3.5, 2, 3.75, 5.75], "texture": "#0"},
				"south": {"uv": [3.5, 2, 3.75, 5.75], "texture": "#0"},
				"west": {"uv": [3.5, 2, 3.75, 5.75], "texture": "#0"},
				"up": {"uv": [3.5, 2, 3.75, 2.25], "texture": "#0"},
				"down": {"uv": [3.5, 5.5, 3.75, 5.75], "texture": "#0"}
			}
		},
		{
			"name": "b093baba0d672e5aff9f52d607d37e0f_6",
			"from": [12, 7.75, 0],
			"to": [12.25, 14, 0.25],
			"faces": {
				"north": {"uv": [12.25, 2, 12, 8.25], "texture": "#0"},
				"east": {"uv": [12, 2, 12.25, 8.25], "texture": "#0"},
				"south": {"uv": [12, 2, 12.25, 8.25], "texture": "#0"},
				"west": {"uv": [12, 2, 12.25, 8.25], "texture": "#0"},
				"up": {"uv": [12, 2, 12.25, 2.25], "texture": "#0"},
				"down": {"uv": [12, 8, 12.25, 8.25], "texture": "#0"}
			}
		},
		{
			"name": "b093baba0d672e5aff9f52d607d37e0f_7",
			"from": [3.25, 10, 0],
			"to": [3.5, 13.75, 0.25],
			"faces": {
				"north": {"uv": [3.5, 2.25, 3.25, 6], "texture": "#0"},
				"east": {"uv": [3.25, 2.25, 3.5, 6], "texture": "#0"},
				"south": {"uv": [3.25, 2.25, 3.5, 6], "texture": "#0"},
				"west": {"uv": [3.25, 2.25, 3.5, 6], "texture": "#0"},
				"up": {"uv": [3.25, 2.25, 3.5, 2.5], "texture": "#0"},
				"down": {"uv": [3.25, 5.75, 3.5, 6], "texture": "#0"}
			}
		},
		{
			"name": "b093baba0d672e5aff9f52d607d37e0f_8",
			"from": [12.25, 9.5, 0],
			"to": [12.75, 13.75, 0.25],
			"faces": {
				"north": {"uv": [12.75, 2.25, 12.25, 6.5], "texture": "#0"},
				"east": {"uv": [12.5, 2.25, 12.75, 6.5], "texture": "#0"},
				"south": {"uv": [12.25, 2.25, 12.75, 6.5], "texture": "#0"},
				"west": {"uv": [12.25, 2.25, 12.5, 6.5], "texture": "#0"},
				"up": {"uv": [12.25, 2.25, 12.75, 2.5], "texture": "#0"},
				"down": {"uv": [12.25, 6.25, 12.75, 6.5], "texture": "#0"}
			}
		},
		{
			"name": "b093baba0d672e5aff9f52d607d37e0f_9",
			"from": [2.75, 10, 0],
			"to": [3.25, 13.5, 0.25],
			"faces": {
				"north": {"uv": [3.25, 2.5, 2.75, 6], "texture": "#0"},
				"east": {"uv": [3, 2.5, 3.25, 6], "texture": "#0"},
				"south": {"uv": [2.75, 2.5, 3.25, 6], "texture": "#0"},
				"west": {"uv": [2.75, 2.5, 3, 6], "texture": "#0"},
				"up": {"uv": [2.75, 2.5, 3.25, 2.75], "texture": "#0"},
				"down": {"uv": [2.75, 5.75, 3.25, 6], "texture": "#0"}
			}
		},
		{
			"name": "b093baba0d672e5aff9f52d607d37e0f_10",
			"from": [4.75, 5.5, 0],
			"to": [5, 13.5, 0.25],
			"faces": {
				"north": {"uv": [5, 2.5, 4.75, 10.5], "texture": "#0"},
				"east": {"uv": [4.75, 2.5, 5, 10.5], "texture": "#0"},
				"south": {"uv": [4.75, 2.5, 5, 10.5], "texture": "#0"},
				"west": {"uv": [4.75, 2.5, 5, 10.5], "texture": "#0"},
				"up": {"uv": [4.75, 2.5, 5, 2.75], "texture": "#0"},
				"down": {"uv": [4.75, 10.25, 5, 10.5], "texture": "#0"}
			}
		},
		{
			"name": "b093baba0d672e5aff9f52d607d37e0f_11",
			"from": [12.75, 9, 0],
			"to": [13.25, 13.5, 0.25],
			"faces": {
				"north": {"uv": [13.25, 2.5, 12.75, 7], "texture": "#0"},
				"east": {"uv": [13, 2.5, 13.25, 7], "texture": "#0"},
				"south": {"uv": [12.75, 2.5, 13.25, 7], "texture": "#0"},
				"west": {"uv": [12.75, 2.5, 13, 7], "texture": "#0"},
				"up": {"uv": [12.75, 2.5, 13.25, 2.75], "texture": "#0"},
				"down": {"uv": [12.75, 6.75, 13.25, 7], "texture": "#0"}
			}
		},
		{
			"name": "b093baba0d672e5aff9f52d607d37e0f_12",
			"from": [2.5, 9, 0],
			"to": [2.75, 13.25, 0.25],
			"faces": {
				"north": {"uv": [2.75, 2.75, 2.5, 7], "texture": "#0"},
				"east": {"uv": [2.5, 2.75, 2.75, 7], "texture": "#0"},
				"south": {"uv": [2.5, 2.75, 2.75, 7], "texture": "#0"},
				"west": {"uv": [2.5, 2.75, 2.75, 7], "texture": "#0"},
				"up": {"uv": [2.5, 2.75, 2.75, 3], "texture": "#0"},
				"down": {"uv": [2.5, 6.75, 2.75, 7], "texture": "#0"}
			}
		},
		{
			"name": "b093baba0d672e5aff9f52d607d37e0f_13",
			"from": [11, 5, 0],
			"to": [11.25, 13.25, 0.25],
			"faces": {
				"north": {"uv": [11.25, 2.75, 11, 11], "texture": "#0"},
				"east": {"uv": [11, 2.75, 11.25, 11], "texture": "#0"},
				"south": {"uv": [11, 2.75, 11.25, 11], "texture": "#0"},
				"west": {"uv": [11, 2.75, 11.25, 11], "texture": "#0"},
				"up": {"uv": [11, 2.75, 11.25, 3], "texture": "#0"},
				"down": {"uv": [11, 10.75, 11.25, 11], "texture": "#0"}
			}
		},
		{
			"name": "b093baba0d672e5aff9f52d607d37e0f_14",
			"from": [13.25, 8.75, 0],
			"to": [13.5, 13.25, 0.25],
			"faces": {
				"north": {"uv": [13.5, 2.75, 13.25, 7.25], "texture": "#0"},
				"east": {"uv": [13.25, 2.75, 13.5, 7.25], "texture": "#0"},
				"south": {"uv": [13.25, 2.75, 13.5, 7.25], "texture": "#0"},
				"west": {"uv": [13.25, 2.75, 13.5, 7.25], "texture": "#0"},
				"up": {"uv": [13.25, 2.75, 13.5, 3], "texture": "#0"},
				"down": {"uv": [13.25, 7, 13.5, 7.25], "texture": "#0"}
			}
		},
		{
			"name": "b093baba0d672e5aff9f52d607d37e0f_15",
			"from": [2.25, 8.5, 0],
			"to": [2.5, 12.75, 0.25],
			"faces": {
				"north": {"uv": [2.5, 3.25, 2.25, 7.5], "texture": "#0"},
				"east": {"uv": [2.25, 3.25, 2.5, 7.5], "texture": "#0"},
				"south": {"uv": [2.25, 3.25, 2.5, 7.5], "texture": "#0"},
				"west": {"uv": [2.25, 3.25, 2.5, 7.5], "texture": "#0"},
				"up": {"uv": [2.25, 3.25, 2.5, 3.5], "texture": "#0"},
				"down": {"uv": [2.25, 7.25, 2.5, 7.5], "texture": "#0"}
			}
		},
		{
			"name": "b093baba0d672e5aff9f52d607d37e0f_16",
			"from": [5, 5.25, 0],
			"to": [5.25, 12.75, 0.25],
			"faces": {
				"north": {"uv": [5.25, 3.25, 5, 10.75], "texture": "#0"},
				"east": {"uv": [5, 3.25, 5.25, 10.75], "texture": "#0"},
				"south": {"uv": [5, 3.25, 5.25, 10.75], "texture": "#0"},
				"west": {"uv": [5, 3.25, 5.25, 10.75], "texture": "#0"},
				"up": {"uv": [5, 3.25, 5.25, 3.5], "texture": "#0"},
				"down": {"uv": [5, 10.5, 5.25, 10.75], "texture": "#0"}
			}
		},
		{
			"name": "b093baba0d672e5aff9f52d607d37e0f_17",
			"from": [13.5, 8.25, 0],
			"to": [13.75, 12.75, 0.25],
			"faces": {
				"north": {"uv": [13.75, 3.25, 13.5, 7.75], "texture": "#0"},
				"east": {"uv": [13.5, 3.25, 13.75, 7.75], "texture": "#0"},
				"south": {"uv": [13.5, 3.25, 13.75, 7.75], "texture": "#0"},
				"west": {"uv": [13.5, 3.25, 13.75, 7.75], "texture": "#0"},
				"up": {"uv": [13.5, 3.25, 13.75, 3.5], "texture": "#0"},
				"down": {"uv": [13.5, 7.5, 13.75, 7.75], "texture": "#0"}
			}
		},
		{
			"name": "b093baba0d672e5aff9f52d607d37e0f_18",
			"from": [2, 8.25, 0],
			"to": [2.25, 12.5, 0.25],
			"faces": {
				"north": {"uv": [2.25, 3.5, 2, 7.75], "texture": "#0"},
				"east": {"uv": [2, 3.5, 2.25, 7.75], "texture": "#0"},
				"south": {"uv": [2, 3.5, 2.25, 7.75], "texture": "#0"},
				"west": {"uv": [2, 3.5, 2.25, 7.75], "texture": "#0"},
				"up": {"uv": [2, 3.5, 2.25, 3.75], "texture": "#0"},
				"down": {"uv": [2, 7.5, 2.25, 7.75], "texture": "#0"}
			}
		},
		{
			"name": "b093baba0d672e5aff9f52d607d37e0f_19",
			"from": [10.75, 4.25, 0],
			"to": [11, 12.5, 0.25],
			"faces": {
				"north": {"uv": [11, 3.5, 10.75, 11.75], "texture": "#0"},
				"east": {"uv": [10.75, 3.5, 11, 11.75], "texture": "#0"},
				"south": {"uv": [10.75, 3.5, 11, 11.75], "texture": "#0"},
				"west": {"uv": [10.75, 3.5, 11, 11.75], "texture": "#0"},
				"up": {"uv": [10.75, 3.5, 11, 3.75], "texture": "#0"},
				"down": {"uv": [10.75, 11.5, 11, 11.75], "texture": "#0"}
			}
		},
		{
			"name": "b093baba0d672e5aff9f52d607d37e0f_20",
			"from": [13.75, 8, 0],
			"to": [14, 12.5, 0.25],
			"faces": {
				"north": {"uv": [14, 3.5, 13.75, 8], "texture": "#0"},
				"east": {"uv": [13.75, 3.5, 14, 8], "texture": "#0"},
				"south": {"uv": [13.75, 3.5, 14, 8], "texture": "#0"},
				"west": {"uv": [13.75, 3.5, 14, 8], "texture": "#0"},
				"up": {"uv": [13.75, 3.5, 14, 3.75], "texture": "#0"},
				"down": {"uv": [13.75, 7.75, 14, 8], "texture": "#0"}
			}
		},
		{
			"name": "b093baba0d672e5aff9f52d607d37e0f_21",
			"from": [1.75, 8, 0],
			"to": [2, 12.25, 0.25],
			"faces": {
				"north": {"uv": [2, 3.75, 1.75, 8], "texture": "#0"},
				"east": {"uv": [1.75, 3.75, 2, 8], "texture": "#0"},
				"south": {"uv": [1.75, 3.75, 2, 8], "texture": "#0"},
				"west": {"uv": [1.75, 3.75, 2, 8], "texture": "#0"},
				"up": {"uv": [1.75, 3.75, 2, 4], "texture": "#0"},
				"down": {"uv": [1.75, 7.75, 2, 8], "texture": "#0"}
			}
		},
		{
			"name": "b093baba0d672e5aff9f52d607d37e0f_22",
			"from": [5.25, 4.5, 0],
			"to": [5.5, 12.25, 0.25],
			"faces": {
				"north": {"uv": [5.5, 3.75, 5.25, 11.5], "texture": "#0"},
				"east": {"uv": [5.25, 3.75, 5.5, 11.5], "texture": "#0"},
				"south": {"uv": [5.25, 3.75, 5.5, 11.5], "texture": "#0"},
				"west": {"uv": [5.25, 3.75, 5.5, 11.5], "texture": "#0"},
				"up": {"uv": [5.25, 3.75, 5.5, 4], "texture": "#0"},
				"down": {"uv": [5.25, 11.25, 5.5, 11.5], "texture": "#0"}
			}
		},
		{
			"name": "b093baba0d672e5aff9f52d607d37e0f_23",
			"from": [5.75, 3.75, 0],
			"to": [6.25, 12.25, 0.25],
			"faces": {
				"north": {"uv": [6.25, 3.75, 5.75, 12.25], "texture": "#0"},
				"east": {"uv": [6, 3.75, 6.25, 12.25], "texture": "#0"},
				"south": {"uv": [5.75, 3.75, 6.25, 12.25], "texture": "#0"},
				"west": {"uv": [5.75, 3.75, 6, 12.25], "texture": "#0"},
				"up": {"uv": [5.75, 3.75, 6.25, 4], "texture": "#0"},
				"down": {"uv": [5.75, 12, 6.25, 12.25], "texture": "#0"}
			}
		},
		{
			"name": "b093baba0d672e5aff9f52d607d37e0f_24",
			"from": [10.5, 4, 0],
			"to": [10.75, 12.25, 0.25],
			"faces": {
				"north": {"uv": [10.75, 3.75, 10.5, 12], "texture": "#0"},
				"east": {"uv": [10.5, 3.75, 10.75, 12], "texture": "#0"},
				"south": {"uv": [10.5, 3.75, 10.75, 12], "texture": "#0"},
				"west": {"uv": [10.5, 3.75, 10.75, 12], "texture": "#0"},
				"up": {"uv": [10.5, 3.75, 10.75, 4], "texture": "#0"},
				"down": {"uv": [10.5, 11.75, 10.75, 12], "texture": "#0"}
			}
		},
		{
			"name": "b093baba0d672e5aff9f52d607d37e0f_25",
			"from": [14, 8.75, 0],
			"to": [14.25, 12.25, 0.25],
			"faces": {
				"north": {"uv": [14.25, 3.75, 14, 7.25], "texture": "#0"},
				"east": {"uv": [14, 3.75, 14.25, 7.25], "texture": "#0"},
				"south": {"uv": [14, 3.75, 14.25, 7.25], "texture": "#0"},
				"west": {"uv": [14, 3.75, 14.25, 7.25], "texture": "#0"},
				"up": {"uv": [14, 3.75, 14.25, 4], "texture": "#0"},
				"down": {"uv": [14, 7, 14.25, 7.25], "texture": "#0"}
			}
		},
		{
			"name": "b093baba0d672e5aff9f52d607d37e0f_26",
			"from": [5.5, 4.25, 0],
			"to": [5.75, 12, 0.25],
			"faces": {
				"north": {"uv": [5.75, 4, 5.5, 11.75], "texture": "#0"},
				"east": {"uv": [5.5, 4, 5.75, 11.75], "texture": "#0"},
				"south": {"uv": [5.5, 4, 5.75, 11.75], "texture": "#0"},
				"west": {"uv": [5.5, 4, 5.75, 11.75], "texture": "#0"},
				"up": {"uv": [5.5, 4, 5.75, 4.25], "texture": "#0"},
				"down": {"uv": [5.5, 11.5, 5.75, 11.75], "texture": "#0"}
			}
		},
		{
			"name": "b093baba0d672e5aff9f52d607d37e0f_27",
			"from": [6.25, 3.5, 0],
			"to": [6.5, 12, 0.25],
			"faces": {
				"north": {"uv": [6.5, 4, 6.25, 12.5], "texture": "#0"},
				"east": {"uv": [6.25, 4, 6.5, 12.5], "texture": "#0"},
				"south": {"uv": [6.25, 4, 6.5, 12.5], "texture": "#0"},
				"west": {"uv": [6.25, 4, 6.5, 12.5], "texture": "#0"},
				"up": {"uv": [6.25, 4, 6.5, 4.25], "texture": "#0"},
				"down": {"uv": [6.25, 12.25, 6.5, 12.5], "texture": "#0"}
			}
		},
		{
			"name": "b093baba0d672e5aff9f52d607d37e0f_28",
			"from": [10.25, 3.75, 0],
			"to": [10.5, 12, 0.25],
			"faces": {
				"north": {"uv": [10.5, 4, 10.25, 12.25], "texture": "#0"},
				"east": {"uv": [10.25, 4, 10.5, 12.25], "texture": "#0"},
				"south": {"uv": [10.25, 4, 10.5, 12.25], "texture": "#0"},
				"west": {"uv": [10.25, 4, 10.5, 12.25], "texture": "#0"},
				"up": {"uv": [10.25, 4, 10.5, 4.25], "texture": "#0"},
				"down": {"uv": [10.25, 12, 10.5, 12.25], "texture": "#0"}
			}
		},
		{
			"name": "b093baba0d672e5aff9f52d607d37e0f_29",
			"from": [1.5, 8.75, 0],
			"to": [1.75, 11.75, 0.25],
			"faces": {
				"north": {"uv": [1.75, 4.25, 1.5, 7.25], "texture": "#0"},
				"east": {"uv": [1.5, 4.25, 1.75, 7.25], "texture": "#0"},
				"south": {"uv": [1.5, 4.25, 1.75, 7.25], "texture": "#0"},
				"west": {"uv": [1.5, 4.25, 1.75, 7.25], "texture": "#0"},
				"up": {"uv": [1.5, 4.25, 1.75, 4.5], "texture": "#0"},
				"down": {"uv": [1.5, 7, 1.75, 7.25], "texture": "#0"}
			}
		},
		{
			"name": "b093baba0d672e5aff9f52d607d37e0f_30",
			"from": [6.5, 3.25, 0],
			"to": [6.75, 11.75, 0.25],
			"faces": {
				"north": {"uv": [6.75, 4.25, 6.5, 12.75], "texture": "#0"},
				"east": {"uv": [6.5, 4.25, 6.75, 12.75], "texture": "#0"},
				"south": {"uv": [6.5, 4.25, 6.75, 12.75], "texture": "#0"},
				"west": {"uv": [6.5, 4.25, 6.75, 12.75], "texture": "#0"},
				"up": {"uv": [6.5, 4.25, 6.75, 4.5], "texture": "#0"},
				"down": {"uv": [6.5, 12.5, 6.75, 12.75], "texture": "#0"}
			}
		},
		{
			"name": "b093baba0d672e5aff9f52d607d37e0f_31",
			"from": [7.25, 2.75, 0],
			"to": [9.25, 11.75, 0.25],
			"faces": {
				"north": {"uv": [9.25, 4.25, 7.25, 13.25], "texture": "#0"},
				"east": {"uv": [9, 4.25, 9.25, 13.25], "texture": "#0"},
				"south": {"uv": [7.25, 4.25, 9.25, 13.25], "texture": "#0"},
				"west": {"uv": [7.25, 4.25, 7.5, 13.25], "texture": "#0"},
				"up": {"uv": [7.25, 4.25, 9.25, 4.5], "texture": "#0"},
				"down": {"uv": [7.25, 13, 9.25, 13.25], "texture": "#0"}
			}
		},
		{
			"name": "b093baba0d672e5aff9f52d607d37e0f_32",
			"from": [10, 3.75, 0],
			"to": [10.25, 11.75, 0.25],
			"faces": {
				"north": {"uv": [10.25, 4.25, 10, 12.25], "texture": "#0"},
				"east": {"uv": [10, 4.25, 10.25, 12.25], "texture": "#0"},
				"south": {"uv": [10, 4.25, 10.25, 12.25], "texture": "#0"},
				"west": {"uv": [10, 4.25, 10.25, 12.25], "texture": "#0"},
				"up": {"uv": [10, 4.25, 10.25, 4.5], "texture": "#0"},
				"down": {"uv": [10, 12, 10.25, 12.25], "texture": "#0"}
			}
		},
		{
			"name": "b093baba0d672e5aff9f52d607d37e0f_33",
			"from": [6.75, 3, 0],
			"to": [7.25, 11.5, 0.25],
			"faces": {
				"north": {"uv": [7.25, 4.5, 6.75, 13], "texture": "#0"},
				"east": {"uv": [7, 4.5, 7.25, 13], "texture": "#0"},
				"south": {"uv": [6.75, 4.5, 7.25, 13], "texture": "#0"},
				"west": {"uv": [6.75, 4.5, 7, 13], "texture": "#0"},
				"up": {"uv": [6.75, 4.5, 7.25, 4.75], "texture": "#0"},
				"down": {"uv": [6.75, 12.75, 7.25, 13], "texture": "#0"}
			}
		},
		{
			"name": "b093baba0d672e5aff9f52d607d37e0f_34",
			"from": [9.25, 3.5, 0],
			"to": [10, 11.5, 0.25],
			"faces": {
				"north": {"uv": [10, 4.5, 9.25, 12.5], "texture": "#0"},
				"east": {"uv": [9.75, 4.5, 10, 12.5], "texture": "#0"},
				"south": {"uv": [9.25, 4.5, 10, 12.5], "texture": "#0"},
				"west": {"uv": [9.25, 4.5, 9.5, 12.5], "texture": "#0"},
				"up": {"uv": [9.25, 4.5, 10, 4.75], "texture": "#0"},
				"down": {"uv": [9.25, 12.25, 10, 12.5], "texture": "#0"}
			}
		},
		{
			"name": "b093baba0d672e5aff9f52d607d37e0f_35",
			"from": [14.25, 9.5, 0],
			"to": [14.5, 11, 0.25],
			"faces": {
				"north": {"uv": [14.5, 5, 14.25, 6.5], "texture": "#0"},
				"east": {"uv": [14.25, 5, 14.5, 6.5], "texture": "#0"},
				"south": {"uv": [14.25, 5, 14.5, 6.5], "texture": "#0"},
				"west": {"uv": [14.25, 5, 14.5, 6.5], "texture": "#0"},
				"up": {"uv": [14.25, 5, 14.5, 5.25], "texture": "#0"},
				"down": {"uv": [14.25, 6.25, 14.5, 6.5], "texture": "#0"}
			}
		},
		{
			"name": "b093baba0d672e5aff9f52d607d37e0f_36",
			"from": [1.25, 9.5, 0],
			"to": [1.5, 10.75, 0.25],
			"faces": {
				"north": {"uv": [1.5, 5.25, 1.25, 6.5], "texture": "#0"},
				"east": {"uv": [1.25, 5.25, 1.5, 6.5], "texture": "#0"},
				"south": {"uv": [1.25, 5.25, 1.5, 6.5], "texture": "#0"},
				"west": {"uv": [1.25, 5.25, 1.5, 6.5], "texture": "#0"},
				"up": {"uv": [1.25, 5.25, 1.5, 5.5], "texture": "#0"},
				"down": {"uv": [1.25, 6.25, 1.5, 6.5], "texture": "#0"}
			}
		},
		{
			"name": "b093baba0d672e5aff9f52d607d37e0f_37",
			"from": [2.75, 9.5, 0],
			"to": [3, 10, 0.25],
			"faces": {
				"north": {"uv": [3, 6, 2.75, 6.5], "texture": "#0"},
				"east": {"uv": [2.75, 6, 3, 6.5], "texture": "#0"},
				"south": {"uv": [2.75, 6, 3, 6.5], "texture": "#0"},
				"west": {"uv": [2.75, 6, 3, 6.5], "texture": "#0"},
				"up": {"uv": [2.75, 6, 3, 6.25], "texture": "#0"},
				"down": {"uv": [2.75, 6.25, 3, 6.5], "texture": "#0"}
			}
		},
		{
			"name": "b093baba0d672e5aff9f52d607d37e0f_38",
			"from": [3.75, 9, 0],
			"to": [4, 9.5, 0.25],
			"faces": {
				"north": {"uv": [4, 6.5, 3.75, 7], "texture": "#0"},
				"east": {"uv": [3.75, 6.5, 4, 7], "texture": "#0"},
				"south": {"uv": [3.75, 6.5, 4, 7], "texture": "#0"},
				"west": {"uv": [3.75, 6.5, 4, 7], "texture": "#0"},
				"up": {"uv": [3.75, 6.5, 4, 6.75], "texture": "#0"},
				"down": {"uv": [3.75, 6.75, 4, 7], "texture": "#0"}
			}
		},
		{
			"name": "b093baba0d672e5aff9f52d607d37e0f_39",
			"from": [12.5, 9.25, 0],
			"to": [12.75, 9.5, 0.25],
			"faces": {
				"north": {"uv": [12.75, 6.5, 12.5, 6.75], "texture": "#0"},
				"east": {"uv": [12.5, 6.5, 12.75, 6.75], "texture": "#0"},
				"south": {"uv": [12.5, 6.5, 12.75, 6.75], "texture": "#0"},
				"west": {"uv": [12.5, 6.5, 12.75, 6.75], "texture": "#0"},
				"up": {"uv": [12.5, 6.5, 12.75, 6.75], "texture": "#0"},
				"down": {"uv": [12.5, 6.5, 12.75, 6.75], "texture": "#0"}
			}
		},
		{
			"name": "b093baba0d672e5aff9f52d607d37e0f_40",
			"from": [4.25, 8, 0],
			"to": [4.5, 8.5, 0.25],
			"faces": {
				"north": {"uv": [4.5, 7.5, 4.25, 8], "texture": "#0"},
				"east": {"uv": [4.25, 7.5, 4.5, 8], "texture": "#0"},
				"south": {"uv": [4.25, 7.5, 4.5, 8], "texture": "#0"},
				"west": {"uv": [4.25, 7.5, 4.5, 8], "texture": "#0"},
				"up": {"uv": [4.25, 7.5, 4.5, 7.75], "texture": "#0"},
				"down": {"uv": [4.25, 7.75, 4.5, 8], "texture": "#0"}
			}
		},
		{
			"name": "b093baba0d672e5aff9f52d607d37e0f_41",
			"from": [11.5, 7.25, 0],
			"to": [11.75, 7.5, 0.25],
			"faces": {
				"north": {"uv": [11.75, 8.5, 11.5, 8.75], "texture": "#0"},
				"east": {"uv": [11.5, 8.5, 11.75, 8.75], "texture": "#0"},
				"south": {"uv": [11.5, 8.5, 11.75, 8.75], "texture": "#0"},
				"west": {"uv": [11.5, 8.5, 11.75, 8.75], "texture": "#0"},
				"up": {"uv": [11.5, 8.5, 11.75, 8.75], "texture": "#0"},
				"down": {"uv": [11.5, 8.5, 11.75, 8.75], "texture": "#0"}
			}
		},
		{
			"name": "b093baba0d672e5aff9f52d607d37e0f_42",
			"from": [4.25, 5.5, 0],
			"to": [4.5, 7.25, 0.25],
			"faces": {
				"north": {"uv": [4.5, 8.75, 4.25, 10.5], "texture": "#0"},
				"east": {"uv": [4.25, 8.75, 4.5, 10.5], "texture": "#0"},
				"south": {"uv": [4.25, 8.75, 4.5, 10.5], "texture": "#0"},
				"west": {"uv": [4.25, 8.75, 4.5, 10.5], "texture": "#0"},
				"up": {"uv": [4.25, 8.75, 4.5, 9], "texture": "#0"},
				"down": {"uv": [4.25, 10.25, 4.5, 10.5], "texture": "#0"}
			}
		},
		{
			"name": "b093baba0d672e5aff9f52d607d37e0f_43",
			"from": [4, 6.5, 0],
			"to": [4.25, 7, 0.25],
			"faces": {
				"north": {"uv": [4.25, 9, 4, 9.5], "texture": "#0"},
				"east": {"uv": [4, 9, 4.25, 9.5], "texture": "#0"},
				"south": {"uv": [4, 9, 4.25, 9.5], "texture": "#0"},
				"west": {"uv": [4, 9, 4.25, 9.5], "texture": "#0"},
				"up": {"uv": [4, 9, 4.25, 9.25], "texture": "#0"},
				"down": {"uv": [4, 9.25, 4.25, 9.5], "texture": "#0"}
			}
		},
		{
			"name": "b093baba0d672e5aff9f52d607d37e0f_44",
			"from": [11.5, 5.75, 0],
			"to": [11.75, 7, 0.25],
			"faces": {
				"north": {"uv": [11.75, 9, 11.5, 10.25], "texture": "#0"},
				"east": {"uv": [11.5, 9, 11.75, 10.25], "texture": "#0"},
				"south": {"uv": [11.5, 9, 11.75, 10.25], "texture": "#0"},
				"west": {"uv": [11.5, 9, 11.75, 10.25], "texture": "#0"},
				"up": {"uv": [11.5, 9, 11.75, 9.25], "texture": "#0"},
				"down": {"uv": [11.5, 10, 11.75, 10.25], "texture": "#0"}
			}
		},
		{
			"name": "b093baba0d672e5aff9f52d607d37e0f_45",
			"from": [11.75, 5.75, 0],
			"to": [12, 6.75, 0.25],
			"faces": {
				"north": {"uv": [12, 9.25, 11.75, 10.25], "texture": "#0"},
				"east": {"uv": [11.75, 9.25, 12, 10.25], "texture": "#0"},
				"south": {"uv": [11.75, 9.25, 12, 10.25], "texture": "#0"},
				"west": {"uv": [11.75, 9.25, 12, 10.25], "texture": "#0"},
				"up": {"uv": [11.75, 9.25, 12, 9.5], "texture": "#0"},
				"down": {"uv": [11.75, 10, 12, 10.25], "texture": "#0"}
			}
		},
		{
			"name": "b093baba0d672e5aff9f52d607d37e0f_46",
			"from": [12, 5.75, 0],
			"to": [12.25, 6.5, 0.25],
			"faces": {
				"north": {"uv": [12.25, 9.5, 12, 10.25], "texture": "#0"},
				"east": {"uv": [12, 9.5, 12.25, 10.25], "texture": "#0"},
				"south": {"uv": [12, 9.5, 12.25, 10.25], "texture": "#0"},
				"west": {"uv": [12, 9.5, 12.25, 10.25], "texture": "#0"},
				"up": {"uv": [12, 9.5, 12.25, 9.75], "texture": "#0"},
				"down": {"uv": [12, 10, 12.25, 10.25], "texture": "#0"}
			}
		},
		{
			"name": "b093baba0d672e5aff9f52d607d37e0f_47",
			"from": [9.25, 3.25, 0],
			"to": [9.75, 3.5, 0.25],
			"faces": {
				"north": {"uv": [9.75, 12.5, 9.25, 12.75], "texture": "#0"},
				"east": {"uv": [9.5, 12.5, 9.75, 12.75], "texture": "#0"},
				"south": {"uv": [9.25, 12.5, 9.75, 12.75], "texture": "#0"},
				"west": {"uv": [9.25, 12.5, 9.5, 12.75], "texture": "#0"},
				"up": {"uv": [9.25, 12.5, 9.75, 12.75], "texture": "#0"},
				"down": {"uv": [9.25, 12.5, 9.75, 12.75], "texture": "#0"}
			}
		},
		{
			"name": "b093baba0d672e5aff9f52d607d37e0f_48",
			"from": [9.25, 2.75, 0],
			"to": [9.5, 3.25, 0.25],
			"faces": {
				"north": {"uv": [9.5, 12.75, 9.25, 13.25], "texture": "#0"},
				"east": {"uv": [9.25, 12.75, 9.5, 13.25], "texture": "#0"},
				"south": {"uv": [9.25, 12.75, 9.5, 13.25], "texture": "#0"},
				"west": {"uv": [9.25, 12.75, 9.5, 13.25], "texture": "#0"},
				"up": {"uv": [9.25, 12.75, 9.5, 13], "texture": "#0"},
				"down": {"uv": [9.25, 13, 9.5, 13.25], "texture": "#0"}
			}
		},
		{
			"name": "b093baba0d672e5aff9f52d607d37e0f_49",
			"from": [7, 2.75, 0],
			"to": [7.25, 3, 0.25],
			"faces": {
				"north": {"uv": [7.25, 13, 7, 13.25], "texture": "#0"},
				"east": {"uv": [7, 13, 7.25, 13.25], "texture": "#0"},
				"south": {"uv": [7, 13, 7.25, 13.25], "texture": "#0"},
				"west": {"uv": [7, 13, 7.25, 13.25], "texture": "#0"},
				"up": {"uv": [7, 13, 7.25, 13.25], "texture": "#0"},
				"down": {"uv": [7, 13, 7.25, 13.25], "texture": "#0"}
			}
		},
		{
			"name": "b093baba0d672e5aff9f52d607d37e0f_50",
			"from": [7.25, 2.25, 0],
			"to": [9, 2.75, 0.25],
			"faces": {
				"north": {"uv": [9, 13.25, 7.25, 13.75], "texture": "#0"},
				"east": {"uv": [8.75, 13.25, 9, 13.75], "texture": "#0"},
				"south": {"uv": [7.25, 13.25, 9, 13.75], "texture": "#0"},
				"west": {"uv": [7.25, 13.25, 7.5, 13.75], "texture": "#0"},
				"up": {"uv": [7.25, 13.25, 9, 13.5], "texture": "#0"},
				"down": {"uv": [7.25, 13.5, 9, 13.75], "texture": "#0"}
			}
		},
		{
			"name": "b093baba0d672e5aff9f52d607d37e0f_51",
			"from": [7.5, 1.75, 0],
			"to": [8, 2.25, 0.25],
			"faces": {
				"north": {"uv": [8, 13.75, 7.5, 14.25], "texture": "#0"},
				"east": {"uv": [7.75, 13.75, 8, 14.25], "texture": "#0"},
				"south": {"uv": [7.5, 13.75, 8, 14.25], "texture": "#0"},
				"west": {"uv": [7.5, 13.75, 7.75, 14.25], "texture": "#0"},
				"up": {"uv": [7.5, 13.75, 8, 14], "texture": "#0"},
				"down": {"uv": [7.5, 14, 8, 14.25], "texture": "#0"}
			}
		},
		{
			"name": "b093baba0d672e5aff9f52d607d37e0f_52",
			"from": [8, 2, 0],
			"to": [8.75, 2.25, 0.25],
			"faces": {
				"north": {"uv": [8.75, 13.75, 8, 14], "texture": "#0"},
				"east": {"uv": [8.5, 13.75, 8.75, 14], "texture": "#0"},
				"south": {"uv": [8, 13.75, 8.75, 14], "texture": "#0"},
				"west": {"uv": [8, 13.75, 8.25, 14], "texture": "#0"},
				"up": {"uv": [8, 13.75, 8.75, 14], "texture": "#0"},
				"down": {"uv": [8, 13.75, 8.75, 14], "texture": "#0"}
			}
		},
		{
			"name": "b093baba0d672e5aff9f52d607d37e0f_53",
			"from": [8.25, 1.5, 0],
			"to": [8.5, 2, 0.25],
			"faces": {
				"north": {"uv": [8.5, 14, 8.25, 14.5], "texture": "#0"},
				"east": {"uv": [8.25, 14, 8.5, 14.5], "texture": "#0"},
				"south": {"uv": [8.25, 14, 8.5, 14.5], "texture": "#0"},
				"west": {"uv": [8.25, 14, 8.5, 14.5], "texture": "#0"},
				"up": {"uv": [8.25, 14, 8.5, 14.25], "texture": "#0"},
				"down": {"uv": [8.25, 14.25, 8.5, 14.5], "texture": "#0"}
			}
		},
		{
			"name": "b093baba0d672e5aff9f52d607d37e0f_54",
			"from": [7.75, 1.5, 0],
			"to": [8, 1.75, 0.25],
			"faces": {
				"north": {"uv": [8, 14.25, 7.75, 14.5], "texture": "#0"},
				"east": {"uv": [7.75, 14.25, 8, 14.5], "texture": "#0"},
				"south": {"uv": [7.75, 14.25, 8, 14.5], "texture": "#0"},
				"west": {"uv": [7.75, 14.25, 8, 14.5], "texture": "#0"},
				"up": {"uv": [7.75, 14.25, 8, 14.5], "texture": "#0"},
				"down": {"uv": [7.75, 14.25, 8, 14.5], "texture": "#0"}
			}
		}
	],
	"display": {
		"thirdperson_righthand": {
			"translation": [0, 0.5, 7.5]
		},
		"firstperson_righthand": {
			"translation": [8.75, 0, 0],
			"scale": [2, 2, 2]
		},
		"gui": {
			"scale": [2, 2, 2]
		},
		"head": {
			"translation": [-0.25, 3.25, 7.75],
			"scale": [2, 2, 2]
		}
	},
	"groups": [
		{
			"name": "b093baba0d672e5aff9f52d607d37e0f",
			"origin": [8, 8, 8],
			"color": 0,
			"children": [
				0,
				1,
				2,
				3,
				4,
				5,
				6,
				7,
				8,
				9,
				10,
				11,
				12,
				13,
				14,
				15,
				16,
				17,
				18,
				19,
				20,
				21,
				22,
				23,
				24,
				25,
				26,
				27,
				28,
				29,
				30,
				31,
				32,
				33,
				34,
				35,
				36,
				37,
				38,
				39,
				40,
				41,
				42,
				43,
				44,
				45,
				46,
				47,
				48,
				49,
				50,
				51,
				52,
				53,
				54
			]
		}
	]
}