{
	"credit": "Made with Blockbench",
	"texture_size": [32, 32],
	"textures": {
		"0": "item/portol",
		"particle": "item/portol"
	},
	"elements": [
		{
			"from": [4, 0, 1.5],
			"to": [5, 0.15, 15.5],
			"light_emission": 15,
			"rotation": {"angle": 0, "axis": "y", "origin": [3, 0, 7]},
			"faces": {
				"north": {"uv": [3.5, 6.5, 4, 6.75], "texture": "#0"},
				"east": {"uv": [6.5, 5, 13.5, 5.25], "texture": "#0"},
				"south": {"uv": [4, 6.5, 4.5, 6.75], "texture": "#0"},
				"west": {"uv": [6.5, 5.5, 13.5, 5.75], "texture": "#0"},
				"up": {"uv": [1.5, 7, 1, 0], "texture": "#0"},
				"down": {"uv": [2, 0, 1.5, 7], "texture": "#0"}
			}
		},
		{
			"from": [10, 0, 2.75],
			"to": [11, 0.15, 13],
			"light_emission": 15,
			"rotation": {"angle": 0, "axis": "y", "origin": [9, 0, 7]},
			"faces": {
				"north": {"uv": [4.5, 6.5, 5, 6.75], "texture": "#0"},
				"east": {"uv": [6.5, 7, 11.75, 7.25], "texture": "#0"},
				"south": {"uv": [1, 7, 1.5, 7.25], "texture": "#0"},
				"west": {"uv": [6.5, 7.5, 11.75, 7.75], "texture": "#0"},
				"up": {"uv": [6.5, 5.25, 6, 0], "texture": "#0"},
				"down": {"uv": [6.5, 5.5, 6, 10.75], "texture": "#0"}
			}
		},
		{
			"from": [11, 0, 4.75],
			"to": [12, 0.15, 15.5],
			"light_emission": 15,
			"rotation": {"angle": 0, "axis": "y", "origin": [10, 0, 7]},
			"faces": {
				"north": {"uv": [1.5, 7, 2, 7.25], "texture": "#0"},
				"east": {"uv": [7, 3, 12.5, 3.25], "texture": "#0"},
				"south": {"uv": [2, 7, 2.5, 7.25], "texture": "#0"},
				"west": {"uv": [7, 3.5, 12.5, 3.75], "texture": "#0"},
				"up": {"uv": [5.5, 5.5, 5, 0], "texture": "#0"},
				"down": {"uv": [6, 0, 5.5, 5.5], "texture": "#0"}
			}
		},
		{
			"from": [5, 0, 3.75],
			"to": [6, 0.15, 14.75],
			"light_emission": 15,
			"rotation": {"angle": 0, "axis": "y", "origin": [4, 0, 7]},
			"faces": {
				"north": {"uv": [2.5, 7, 3, 7.25], "texture": "#0"},
				"east": {"uv": [7, 4, 12.5, 4.25], "texture": "#0"},
				"south": {"uv": [3.5, 7, 4, 7.25], "texture": "#0"},
				"west": {"uv": [7, 4.5, 12.5, 4.75], "texture": "#0"},
				"up": {"uv": [5.5, 11, 5, 5.5], "texture": "#0"},
				"down": {"uv": [6, 5.5, 5.5, 11], "texture": "#0"}
			}
		},
		{
			"from": [9, 0, 4],
			"to": [10, 0.15, 16.5],
			"light_emission": 15,
			"rotation": {"angle": 0, "axis": "y", "origin": [8, 0, 7]},
			"faces": {
				"north": {"uv": [4, 7, 4.5, 7.25], "texture": "#0"},
				"east": {"uv": [7, 2, 13.25, 2.25], "texture": "#0"},
				"south": {"uv": [4.5, 7, 5, 7.25], "texture": "#0"},
				"west": {"uv": [7, 2.5, 13.25, 2.75], "texture": "#0"},
				"up": {"uv": [4.5, 6.25, 4, 0], "texture": "#0"},
				"down": {"uv": [5, 0, 4.5, 6.25], "texture": "#0"}
			}
		},
		{
			"from": [6, 0, 2.75],
			"to": [7, 0.15, 16.25],
			"light_emission": 15,
			"rotation": {"angle": 0, "axis": "y", "origin": [5, 0, 7]},
			"faces": {
				"north": {"uv": [1, 7.5, 1.5, 7.75], "texture": "#0"},
				"east": {"uv": [6.5, 6, 13.25, 6.25], "texture": "#0"},
				"south": {"uv": [1.5, 7.5, 2, 7.75], "texture": "#0"},
				"west": {"uv": [6.5, 6.5, 13.25, 6.75], "texture": "#0"},
				"up": {"uv": [2.5, 6.75, 2, 0], "texture": "#0"},
				"down": {"uv": [3, 0, 2.5, 6.75], "texture": "#0"}
			}
		},
		{
			"from": [7, 0, -0.75],
			"to": [8, 0.15, 18],
			"light_emission": 15,
			"rotation": {"angle": 0, "axis": "y", "origin": [6, 0, 7]},
			"faces": {
				"north": {"uv": [2, 7.5, 2.5, 7.75], "texture": "#0"},
				"east": {"uv": [6.5, 0, 16, 0.25], "texture": "#0"},
				"south": {"uv": [2.5, 7.5, 3, 7.75], "texture": "#0"},
				"west": {"uv": [6.5, 0.5, 16, 0.75], "texture": "#0"},
				"up": {"uv": [0.5, 9.5, 0, 0], "texture": "#0"},
				"down": {"uv": [1, 0, 0.5, 9.5], "texture": "#0"}
			}
		},
		{
			"from": [3, 0, 6],
			"to": [4, 0.15, 13.5],
			"light_emission": 15,
			"rotation": {"angle": 0, "axis": "y", "origin": [2, 0, 7]},
			"faces": {
				"north": {"uv": [3.5, 7.5, 4, 7.75], "texture": "#0"},
				"east": {"uv": [6.5, 8, 10.25, 8.25], "texture": "#0"},
				"south": {"uv": [4, 7.5, 4.5, 7.75], "texture": "#0"},
				"west": {"uv": [6.5, 8.5, 10.25, 8.75], "texture": "#0"},
				"up": {"uv": [7, 4.75, 6.5, 1], "texture": "#0"},
				"down": {"uv": [3.5, 6.5, 3, 10.25], "texture": "#0"}
			}
		},
		{
			"from": [8, 0, 2.25],
			"to": [9, 0.15, 15],
			"light_emission": 15,
			"rotation": {"angle": 0, "axis": "y", "origin": [7, 0, 7]},
			"faces": {
				"north": {"uv": [4.5, 7.5, 5, 7.75], "texture": "#0"},
				"east": {"uv": [7, 1, 13.5, 1.25], "texture": "#0"},
				"south": {"uv": [1, 8, 1.5, 8.25], "texture": "#0"},
				"west": {"uv": [7, 1.5, 13.5, 1.75], "texture": "#0"},
				"up": {"uv": [3.5, 6.5, 3, 0], "texture": "#0"},
				"down": {"uv": [4, 0, 3.5, 6.5], "texture": "#0"}
			}
		}
	],
	"display": {
		"head": {
			"translation": [0, 18.5, 0],
			"scale": [4, 4, 4]
		}
	},
	"groups": [
		{
			"name": "group",
			"origin": [8, 8, 8],
			"color": 0,
			"children": [0, 1, 2, 3, 4, 5, 6, 7, 8]
		}
	]
}