{
	"credit": "Made with Blockbench",
	"textures": {
		"0": "item/shenfu",
		"particle": "item/shenfu"
	},
	"elements": [
		{
			"name": "iron_sword_0",
			"from": [15, 15, 6.2],
			"to": [15.25, 15.75, 6.45],
			"rotation": {"angle": 0, "axis": "y", "origin": [0, 0, 6]},
			"faces": {
				"north": {"uv": [15.25, 0.25, 15, 1], "texture": "#0"},
				"east": {"uv": [15, 0.25, 15.25, 1], "texture": "#0"},
				"south": {"uv": [15, 0.25, 15.25, 1], "texture": "#0"},
				"west": {"uv": [15, 0.25, 15.25, 1], "texture": "#0"},
				"up": {"uv": [15, 0.25, 15.25, 0.5], "texture": "#0"},
				"down": {"uv": [15, 0.75, 15.25, 1], "texture": "#0"}
			}
		},
		{
			"name": "iron_sword_1",
			"from": [14.75, 14.75, 6.2],
			"to": [15, 15.5, 6.45],
			"rotation": {"angle": 0, "axis": "y", "origin": [0, 0, 6]},
			"faces": {
				"north": {"uv": [15, 0.5, 14.75, 1.25], "texture": "#0"},
				"east": {"uv": [14.75, 0.5, 15, 1.25], "texture": "#0"},
				"south": {"uv": [14.75, 0.5, 15, 1.25], "texture": "#0"},
				"west": {"uv": [14.75, 0.5, 15, 1.25], "texture": "#0"},
				"up": {"uv": [14.75, 0.5, 15, 0.75], "texture": "#0"},
				"down": {"uv": [14.75, 1, 15, 1.25], "texture": "#0"}
			}
		},
		{
			"name": "iron_sword_2",
			"from": [14.25, 14.5, 6.2],
			"to": [14.75, 15.25, 6.45],
			"rotation": {"angle": 0, "axis": "y", "origin": [0, 0, 6]},
			"faces": {
				"north": {"uv": [14.75, 0.75, 14.25, 1.5], "texture": "#0"},
				"east": {"uv": [14.5, 0.75, 14.75, 1.5], "texture": "#0"},
				"south": {"uv": [14.25, 0.75, 14.75, 1.5], "texture": "#0"},
				"west": {"uv": [14.25, 0.75, 14.5, 1.5], "texture": "#0"},
				"up": {"uv": [14.25, 0.75, 14.75, 1], "texture": "#0"},
				"down": {"uv": [14.25, 1.25, 14.75, 1.5], "texture": "#0"}
			}
		},
		{
			"name": "iron_sword_3",
			"from": [14, 14, 6.2],
			"to": [14.25, 15, 6.45],
			"rotation": {"angle": 0, "axis": "y", "origin": [0, 0, 6]},
			"faces": {
				"north": {"uv": [14.25, 1, 14, 2], "texture": "#0"},
				"east": {"uv": [14, 1, 14.25, 2], "texture": "#0"},
				"south": {"uv": [14, 1, 14.25, 2], "texture": "#0"},
				"west": {"uv": [14, 1, 14.25, 2], "texture": "#0"},
				"up": {"uv": [14, 1, 14.25, 1.25], "texture": "#0"},
				"down": {"uv": [14, 1.75, 14.25, 2], "texture": "#0"}
			}
		},
		{
			"name": "iron_sword_4",
			"from": [13.75, 13.5, 6.2],
			"to": [14, 14.75, 6.45],
			"rotation": {"angle": 0, "axis": "y", "origin": [0, 0, 6]},
			"faces": {
				"north": {"uv": [14, 1.25, 13.75, 2.5], "texture": "#0"},
				"east": {"uv": [13.75, 1.25, 14, 2.5], "texture": "#0"},
				"south": {"uv": [13.75, 1.25, 14, 2.5], "texture": "#0"},
				"west": {"uv": [13.75, 1.25, 14, 2.5], "texture": "#0"},
				"up": {"uv": [13.75, 1.25, 14, 1.5], "texture": "#0"},
				"down": {"uv": [13.75, 2.25, 14, 2.5], "texture": "#0"}
			}
		},
		{
			"name": "iron_sword_5",
			"from": [12, 14, 6.2],
			"to": [12.5, 14.5, 6.45],
			"rotation": {"angle": 0, "axis": "y", "origin": [0, 0, 6]},
			"faces": {
				"north": {"uv": [12.5, 1.5, 12, 2], "texture": "#0"},
				"east": {"uv": [12.25, 1.5, 12.5, 2], "texture": "#0"},
				"south": {"uv": [12, 1.5, 12.5, 2], "texture": "#0"},
				"west": {"uv": [12, 1.5, 12.25, 2], "texture": "#0"},
				"up": {"uv": [12, 1.5, 12.5, 1.75], "texture": "#0"},
				"down": {"uv": [12, 1.75, 12.5, 2], "texture": "#0"}
			}
		},
		{
			"name": "iron_sword_6",
			"from": [13.25, 13, 6.2],
			"to": [13.75, 14.5, 6.45],
			"rotation": {"angle": 0, "axis": "y", "origin": [0, 0, 6]},
			"faces": {
				"north": {"uv": [13.75, 1.5, 13.25, 3], "texture": "#0"},
				"east": {"uv": [13.5, 1.5, 13.75, 3], "texture": "#0"},
				"south": {"uv": [13.25, 1.5, 13.75, 3], "texture": "#0"},
				"west": {"uv": [13.25, 1.5, 13.5, 3], "texture": "#0"},
				"up": {"uv": [13.25, 1.5, 13.75, 1.75], "texture": "#0"},
				"down": {"uv": [13.25, 2.75, 13.75, 3], "texture": "#0"}
			}
		},
		{
			"name": "iron_sword_7",
			"from": [14.25, 14.25, 6.2],
			"to": [14.5, 14.5, 6.45],
			"rotation": {"angle": 0, "axis": "y", "origin": [0, 0, 6]},
			"faces": {
				"north": {"uv": [14.5, 1.5, 14.25, 1.75], "texture": "#0"},
				"east": {"uv": [14.25, 1.5, 14.5, 1.75], "texture": "#0"},
				"south": {"uv": [14.25, 1.5, 14.5, 1.75], "texture": "#0"},
				"west": {"uv": [14.25, 1.5, 14.5, 1.75], "texture": "#0"},
				"up": {"uv": [14.25, 1.5, 14.5, 1.75], "texture": "#0"},
				"down": {"uv": [14.25, 1.5, 14.5, 1.75], "texture": "#0"}
			}
		},
		{
			"name": "iron_sword_8",
			"from": [11.5, 9.25, 6.2],
			"to": [12, 14.25, 6.45],
			"rotation": {"angle": 0, "axis": "y", "origin": [0, 0, 6]},
			"faces": {
				"north": {"uv": [12, 1.75, 11.5, 6.75], "texture": "#0"},
				"east": {"uv": [11.75, 1.75, 12, 6.75], "texture": "#0"},
				"south": {"uv": [11.5, 1.75, 12, 6.75], "texture": "#0"},
				"west": {"uv": [11.5, 1.75, 11.75, 6.75], "texture": "#0"},
				"up": {"uv": [11.5, 1.75, 12, 2], "texture": "#0"},
				"down": {"uv": [11.5, 6.5, 12, 6.75], "texture": "#0"}
			}
		},
		{
			"name": "iron_sword_9",
			"from": [13, 9, 6.2],
			"to": [13.25, 14.25, 6.45],
			"rotation": {"angle": 0, "axis": "y", "origin": [0, 0, 6]},
			"faces": {
				"north": {"uv": [13.25, 1.75, 13, 7], "texture": "#0"},
				"east": {"uv": [13, 1.75, 13.25, 7], "texture": "#0"},
				"south": {"uv": [13, 1.75, 13.25, 7], "texture": "#0"},
				"west": {"uv": [13, 1.75, 13.25, 7], "texture": "#0"},
				"up": {"uv": [13, 1.75, 13.25, 2], "texture": "#0"},
				"down": {"uv": [13, 6.75, 13.25, 7], "texture": "#0"}
			}
		},
		{
			"name": "iron_sword_10",
			"from": [7.5, 13.5, 6.2],
			"to": [8, 14, 6.45],
			"rotation": {"angle": 0, "axis": "y", "origin": [0, 0, 6]},
			"faces": {
				"north": {"uv": [8, 2, 7.5, 2.5], "texture": "#0"},
				"east": {"uv": [7.75, 2, 8, 2.5], "texture": "#0"},
				"south": {"uv": [7.5, 2, 8, 2.5], "texture": "#0"},
				"west": {"uv": [7.5, 2, 7.75, 2.5], "texture": "#0"},
				"up": {"uv": [7.5, 2, 8, 2.25], "texture": "#0"},
				"down": {"uv": [7.5, 2.25, 8, 2.5], "texture": "#0"}
			}
		},
		{
			"name": "iron_sword_11",
			"from": [11.25, 11.5, 6.2],
			"to": [11.5, 14, 6.45],
			"rotation": {"angle": 0, "axis": "y", "origin": [0, 0, 6]},
			"faces": {
				"north": {"uv": [11.5, 2, 11.25, 4.5], "texture": "#0"},
				"east": {"uv": [11.25, 2, 11.5, 4.5], "texture": "#0"},
				"south": {"uv": [11.25, 2, 11.5, 4.5], "texture": "#0"},
				"west": {"uv": [11.25, 2, 11.5, 4.5], "texture": "#0"},
				"up": {"uv": [11.25, 2, 11.5, 2.25], "texture": "#0"},
				"down": {"uv": [11.25, 4.25, 11.5, 4.5], "texture": "#0"}
			}
		},
		{
			"name": "iron_sword_12",
			"from": [12, 8.75, 6.2],
			"to": [12.25, 14, 6.45],
			"rotation": {"angle": 0, "axis": "y", "origin": [0, 0, 6]},
			"faces": {
				"north": {"uv": [12.25, 2, 12, 7.25], "texture": "#0"},
				"east": {"uv": [12, 2, 12.25, 7.25], "texture": "#0"},
				"south": {"uv": [12, 2, 12.25, 7.25], "texture": "#0"},
				"west": {"uv": [12, 2, 12.25, 7.25], "texture": "#0"},
				"up": {"uv": [12, 2, 12.25, 2.25], "texture": "#0"},
				"down": {"uv": [12, 7, 12.25, 7.25], "texture": "#0"}
			}
		},
		{
			"name": "iron_sword_13",
			"from": [12.75, 9.25, 6.2],
			"to": [13, 14, 6.45],
			"rotation": {"angle": 0, "axis": "y", "origin": [0, 0, 6]},
			"faces": {
				"north": {"uv": [13, 2, 12.75, 6.75], "texture": "#0"},
				"east": {"uv": [12.75, 2, 13, 6.75], "texture": "#0"},
				"south": {"uv": [12.75, 2, 13, 6.75], "texture": "#0"},
				"west": {"uv": [12.75, 2, 13, 6.75], "texture": "#0"},
				"up": {"uv": [12.75, 2, 13, 2.25], "texture": "#0"},
				"down": {"uv": [12.75, 6.5, 13, 6.75], "texture": "#0"}
			}
		},
		{
			"name": "iron_sword_14",
			"from": [8, 12.75, 6.2],
			"to": [8.5, 13.75, 6.45],
			"rotation": {"angle": 0, "axis": "y", "origin": [0, 0, 6]},
			"faces": {
				"north": {"uv": [8.5, 2.25, 8, 3.25], "texture": "#0"},
				"east": {"uv": [8.25, 2.25, 8.5, 3.25], "texture": "#0"},
				"south": {"uv": [8, 2.25, 8.5, 3.25], "texture": "#0"},
				"west": {"uv": [8, 2.25, 8.25, 3.25], "texture": "#0"},
				"up": {"uv": [8, 2.25, 8.5, 2.5], "texture": "#0"},
				"down": {"uv": [8, 3, 8.5, 3.25], "texture": "#0"}
			}
		},
		{
			"name": "iron_sword_15",
			"from": [12.5, 9.25, 6.2],
			"to": [12.75, 13.75, 6.45],
			"rotation": {"angle": 0, "axis": "y", "origin": [0, 0, 6]},
			"faces": {
				"north": {"uv": [12.75, 2.25, 12.5, 6.75], "texture": "#0"},
				"east": {"uv": [12.5, 2.25, 12.75, 6.75], "texture": "#0"},
				"south": {"uv": [12.5, 2.25, 12.75, 6.75], "texture": "#0"},
				"west": {"uv": [12.5, 2.25, 12.75, 6.75], "texture": "#0"},
				"up": {"uv": [12.5, 2.25, 12.75, 2.5], "texture": "#0"},
				"down": {"uv": [12.5, 6.5, 12.75, 6.75], "texture": "#0"}
			}
		},
		{
			"name": "iron_sword_16",
			"from": [7.75, 13.25, 6.2],
			"to": [8, 13.5, 6.45],
			"rotation": {"angle": 0, "axis": "y", "origin": [0, 0, 6]},
			"faces": {
				"north": {"uv": [8, 2.5, 7.75, 2.75], "texture": "#0"},
				"east": {"uv": [7.75, 2.5, 8, 2.75], "texture": "#0"},
				"south": {"uv": [7.75, 2.5, 8, 2.75], "texture": "#0"},
				"west": {"uv": [7.75, 2.5, 8, 2.75], "texture": "#0"},
				"up": {"uv": [7.75, 2.5, 8, 2.75], "texture": "#0"},
				"down": {"uv": [7.75, 2.5, 8, 2.75], "texture": "#0"}
			}
		},
		{
			"name": "iron_sword_17",
			"from": [8.5, 12.25, 6.2],
			"to": [8.75, 13.5, 6.45],
			"rotation": {"angle": 0, "axis": "y", "origin": [0, 0, 6]},
			"faces": {
				"north": {"uv": [8.75, 2.5, 8.5, 3.75], "texture": "#0"},
				"east": {"uv": [8.5, 2.5, 8.75, 3.75], "texture": "#0"},
				"south": {"uv": [8.5, 2.5, 8.75, 3.75], "texture": "#0"},
				"west": {"uv": [8.5, 2.5, 8.75, 3.75], "texture": "#0"},
				"up": {"uv": [8.5, 2.5, 8.75, 2.75], "texture": "#0"},
				"down": {"uv": [8.5, 3.5, 8.75, 3.75], "texture": "#0"}
			}
		},
		{
			"name": "iron_sword_18",
			"from": [10.5, 11.5, 6.2],
			"to": [11.25, 13.5, 6.45],
			"rotation": {"angle": 0, "axis": "y", "origin": [0, 0, 6]},
			"faces": {
				"north": {"uv": [11.25, 2.5, 10.5, 4.5], "texture": "#0"},
				"east": {"uv": [11, 2.5, 11.25, 4.5], "texture": "#0"},
				"south": {"uv": [10.5, 2.5, 11.25, 4.5], "texture": "#0"},
				"west": {"uv": [10.5, 2.5, 10.75, 4.5], "texture": "#0"},
				"up": {"uv": [10.5, 2.5, 11.25, 2.75], "texture": "#0"},
				"down": {"uv": [10.5, 4.25, 11.25, 4.5], "texture": "#0"}
			}
		},
		{
			"name": "iron_sword_19",
			"from": [12.25, 9.5, 6.2],
			"to": [12.5, 13.5, 6.45],
			"rotation": {"angle": 0, "axis": "y", "origin": [0, 0, 6]},
			"faces": {
				"north": {"uv": [12.5, 2.5, 12.25, 6.5], "texture": "#0"},
				"east": {"uv": [12.25, 2.5, 12.5, 6.5], "texture": "#0"},
				"south": {"uv": [12.25, 2.5, 12.5, 6.5], "texture": "#0"},
				"west": {"uv": [12.25, 2.5, 12.5, 6.5], "texture": "#0"},
				"up": {"uv": [12.25, 2.5, 12.5, 2.75], "texture": "#0"},
				"down": {"uv": [12.25, 6.25, 12.5, 6.5], "texture": "#0"}
			}
		},
		{
			"name": "iron_sword_20",
			"from": [8.75, 12, 6.2],
			"to": [9, 13.25, 6.45],
			"rotation": {"angle": 0, "axis": "y", "origin": [0, 0, 6]},
			"faces": {
				"north": {"uv": [9, 2.75, 8.75, 4], "texture": "#0"},
				"east": {"uv": [8.75, 2.75, 9, 4], "texture": "#0"},
				"south": {"uv": [8.75, 2.75, 9, 4], "texture": "#0"},
				"west": {"uv": [8.75, 2.75, 9, 4], "texture": "#0"},
				"up": {"uv": [8.75, 2.75, 9, 3], "texture": "#0"},
				"down": {"uv": [8.75, 3.75, 9, 4], "texture": "#0"}
			}
		},
		{
			"name": "iron_sword_21",
			"from": [9, 11.75, 6.2],
			"to": [9.5, 13, 6.45],
			"rotation": {"angle": 0, "axis": "y", "origin": [0, 0, 6]},
			"faces": {
				"north": {"uv": [9.5, 3, 9, 4.25], "texture": "#0"},
				"east": {"uv": [9.25, 3, 9.5, 4.25], "texture": "#0"},
				"south": {"uv": [9, 3, 9.5, 4.25], "texture": "#0"},
				"west": {"uv": [9, 3, 9.25, 4.25], "texture": "#0"},
				"up": {"uv": [9, 3, 9.5, 3.25], "texture": "#0"},
				"down": {"uv": [9, 4, 9.5, 4.25], "texture": "#0"}
			}
		},
		{
			"name": "iron_sword_22",
			"from": [13.25, 11.25, 6.2],
			"to": [13.5, 13, 6.45],
			"rotation": {"angle": 0, "axis": "y", "origin": [0, 0, 6]},
			"faces": {
				"north": {"uv": [13.5, 3, 13.25, 4.75], "texture": "#0"},
				"east": {"uv": [13.25, 3, 13.5, 4.75], "texture": "#0"},
				"south": {"uv": [13.25, 3, 13.5, 4.75], "texture": "#0"},
				"west": {"uv": [13.25, 3, 13.5, 4.75], "texture": "#0"},
				"up": {"uv": [13.25, 3, 13.5, 3.25], "texture": "#0"},
				"down": {"uv": [13.25, 4.5, 13.5, 4.75], "texture": "#0"}
			}
		},
		{
			"name": "iron_sword_23",
			"from": [8.25, 12.5, 6.2],
			"to": [8.5, 12.75, 6.45],
			"rotation": {"angle": 0, "axis": "y", "origin": [0, 0, 6]},
			"faces": {
				"north": {"uv": [8.5, 3.25, 8.25, 3.5], "texture": "#0"},
				"east": {"uv": [8.25, 3.25, 8.5, 3.5], "texture": "#0"},
				"south": {"uv": [8.25, 3.25, 8.5, 3.5], "texture": "#0"},
				"west": {"uv": [8.25, 3.25, 8.5, 3.5], "texture": "#0"},
				"up": {"uv": [8.25, 3.25, 8.5, 3.5], "texture": "#0"},
				"down": {"uv": [8.25, 3.25, 8.5, 3.5], "texture": "#0"}
			}
		},
		{
			"name": "iron_sword_24",
			"from": [9.5, 10.5, 6.2],
			"to": [10, 12.75, 6.45],
			"rotation": {"angle": 0, "axis": "y", "origin": [0, 0, 6]},
			"faces": {
				"north": {"uv": [10, 3.25, 9.5, 5.5], "texture": "#0"},
				"east": {"uv": [9.75, 3.25, 10, 5.5], "texture": "#0"},
				"south": {"uv": [9.5, 3.25, 10, 5.5], "texture": "#0"},
				"west": {"uv": [9.5, 3.25, 9.75, 5.5], "texture": "#0"},
				"up": {"uv": [9.5, 3.25, 10, 3.5], "texture": "#0"},
				"down": {"uv": [9.5, 5.25, 10, 5.5], "texture": "#0"}
			}
		},
		{
			"name": "iron_sword_25",
			"from": [13.5, 11.75, 6.2],
			"to": [14.75, 12.75, 6.45],
			"rotation": {"angle": 0, "axis": "y", "origin": [0, 0, 6]},
			"faces": {
				"north": {"uv": [14.75, 3.25, 13.5, 4.25], "texture": "#0"},
				"east": {"uv": [14.5, 3.25, 14.75, 4.25], "texture": "#0"},
				"south": {"uv": [13.5, 3.25, 14.75, 4.25], "texture": "#0"},
				"west": {"uv": [13.5, 3.25, 13.75, 4.25], "texture": "#0"},
				"up": {"uv": [13.5, 3.25, 14.75, 3.5], "texture": "#0"},
				"down": {"uv": [13.5, 4, 14.75, 4.25], "texture": "#0"}
			}
		},
		{
			"name": "iron_sword_26",
			"from": [14.75, 12.5, 6.2],
			"to": [15.25, 12.75, 6.45],
			"rotation": {"angle": 0, "axis": "y", "origin": [0, 0, 6]},
			"faces": {
				"north": {"uv": [15.25, 3.25, 14.75, 3.5], "texture": "#0"},
				"east": {"uv": [15, 3.25, 15.25, 3.5], "texture": "#0"},
				"south": {"uv": [14.75, 3.25, 15.25, 3.5], "texture": "#0"},
				"west": {"uv": [14.75, 3.25, 15, 3.5], "texture": "#0"},
				"up": {"uv": [14.75, 3.25, 15.25, 3.5], "texture": "#0"},
				"down": {"uv": [14.75, 3.25, 15.25, 3.5], "texture": "#0"}
			}
		},
		{
			"name": "iron_sword_27",
			"from": [10, 9.25, 6.2],
			"to": [10.5, 12.5, 6.45],
			"rotation": {"angle": 0, "axis": "y", "origin": [0, 0, 6]},
			"faces": {
				"north": {"uv": [10.5, 3.5, 10, 6.75], "texture": "#0"},
				"east": {"uv": [10.25, 3.5, 10.5, 6.75], "texture": "#0"},
				"south": {"uv": [10, 3.5, 10.5, 6.75], "texture": "#0"},
				"west": {"uv": [10, 3.5, 10.25, 6.75], "texture": "#0"},
				"up": {"uv": [10, 3.5, 10.5, 3.75], "texture": "#0"},
				"down": {"uv": [10, 6.5, 10.5, 6.75], "texture": "#0"}
			}
		},
		{
			"name": "iron_sword_28",
			"from": [14.75, 12.25, 6.2],
			"to": [15, 12.5, 6.45],
			"rotation": {"angle": 0, "axis": "y", "origin": [0, 0, 6]},
			"faces": {
				"north": {"uv": [15, 3.5, 14.75, 3.75], "texture": "#0"},
				"east": {"uv": [14.75, 3.5, 15, 3.75], "texture": "#0"},
				"south": {"uv": [14.75, 3.5, 15, 3.75], "texture": "#0"},
				"west": {"uv": [14.75, 3.5, 15, 3.75], "texture": "#0"},
				"up": {"uv": [14.75, 3.5, 15, 3.75], "texture": "#0"},
				"down": {"uv": [14.75, 3.5, 15, 3.75], "texture": "#0"}
			}
		},
		{
			"name": "iron_sword_29",
			"from": [9.25, 11.5, 6.2],
			"to": [9.5, 11.75, 6.45],
			"rotation": {"angle": 0, "axis": "y", "origin": [0, 0, 6]},
			"faces": {
				"north": {"uv": [9.5, 4.25, 9.25, 4.5], "texture": "#0"},
				"east": {"uv": [9.25, 4.25, 9.5, 4.5], "texture": "#0"},
				"south": {"uv": [9.25, 4.25, 9.5, 4.5], "texture": "#0"},
				"west": {"uv": [9.25, 4.25, 9.5, 4.5], "texture": "#0"},
				"up": {"uv": [9.25, 4.25, 9.5, 4.5], "texture": "#0"},
				"down": {"uv": [9.25, 4.25, 9.5, 4.5], "texture": "#0"}
			}
		},
		{
			"name": "iron_sword_30",
			"from": [13.5, 11.5, 6.2],
			"to": [14, 11.75, 6.45],
			"rotation": {"angle": 0, "axis": "y", "origin": [0, 0, 6]},
			"faces": {
				"north": {"uv": [14, 4.25, 13.5, 4.5], "texture": "#0"},
				"east": {"uv": [13.75, 4.25, 14, 4.5], "texture": "#0"},
				"south": {"uv": [13.5, 4.25, 14, 4.5], "texture": "#0"},
				"west": {"uv": [13.5, 4.25, 13.75, 4.5], "texture": "#0"},
				"up": {"uv": [13.5, 4.25, 14, 4.5], "texture": "#0"},
				"down": {"uv": [13.5, 4.25, 14, 4.5], "texture": "#0"}
			}
		},
		{
			"name": "iron_sword_31",
			"from": [14.25, 11.25, 6.2],
			"to": [15, 11.75, 6.45],
			"rotation": {"angle": 0, "axis": "y", "origin": [0, 0, 6]},
			"faces": {
				"north": {"uv": [15, 4.25, 14.25, 4.75], "texture": "#0"},
				"east": {"uv": [14.75, 4.25, 15, 4.75], "texture": "#0"},
				"south": {"uv": [14.25, 4.25, 15, 4.75], "texture": "#0"},
				"west": {"uv": [14.25, 4.25, 14.5, 4.75], "texture": "#0"},
				"up": {"uv": [14.25, 4.25, 15, 4.5], "texture": "#0"},
				"down": {"uv": [14.25, 4.5, 15, 4.75], "texture": "#0"}
			}
		},
		{
			"name": "iron_sword_32",
			"from": [10.5, 11.25, 6.2],
			"to": [11, 11.5, 6.45],
			"rotation": {"angle": 0, "axis": "y", "origin": [0, 0, 6]},
			"faces": {
				"north": {"uv": [11, 4.5, 10.5, 4.75], "texture": "#0"},
				"east": {"uv": [10.75, 4.5, 11, 4.75], "texture": "#0"},
				"south": {"uv": [10.5, 4.5, 11, 4.75], "texture": "#0"},
				"west": {"uv": [10.5, 4.5, 10.75, 4.75], "texture": "#0"},
				"up": {"uv": [10.5, 4.5, 11, 4.75], "texture": "#0"},
				"down": {"uv": [10.5, 4.5, 11, 4.75], "texture": "#0"}
			}
		},
		{
			"name": "iron_sword_33",
			"from": [13.5, 11.25, 6.2],
			"to": [13.75, 11.5, 6.45],
			"rotation": {"angle": 0, "axis": "y", "origin": [0, 0, 6]},
			"faces": {
				"north": {"uv": [13.75, 4.5, 13.5, 4.75], "texture": "#0"},
				"east": {"uv": [13.5, 4.5, 13.75, 4.75], "texture": "#0"},
				"south": {"uv": [13.5, 4.5, 13.75, 4.75], "texture": "#0"},
				"west": {"uv": [13.5, 4.5, 13.75, 4.75], "texture": "#0"},
				"up": {"uv": [13.5, 4.5, 13.75, 4.75], "texture": "#0"},
				"down": {"uv": [13.5, 4.5, 13.75, 4.75], "texture": "#0"}
			}
		},
		{
			"name": "iron_sword_34",
			"from": [15, 7, 6.2],
			"to": [15.25, 11.5, 6.45],
			"rotation": {"angle": 0, "axis": "y", "origin": [0, 0, 6]},
			"faces": {
				"north": {"uv": [15.25, 4.5, 15, 9], "texture": "#0"},
				"east": {"uv": [15, 4.5, 15.25, 9], "texture": "#0"},
				"south": {"uv": [15, 4.5, 15.25, 9], "texture": "#0"},
				"west": {"uv": [15, 4.5, 15.25, 9], "texture": "#0"},
				"up": {"uv": [15, 4.5, 15.25, 4.75], "texture": "#0"},
				"down": {"uv": [15, 8.75, 15.25, 9], "texture": "#0"}
			}
		},
		{
			"name": "iron_sword_35",
			"from": [10.5, 11, 6.2],
			"to": [10.75, 11.25, 6.45],
			"rotation": {"angle": 0, "axis": "y", "origin": [0, 0, 6]},
			"faces": {
				"north": {"uv": [10.75, 4.75, 10.5, 5], "texture": "#0"},
				"east": {"uv": [10.5, 4.75, 10.75, 5], "texture": "#0"},
				"south": {"uv": [10.5, 4.75, 10.75, 5], "texture": "#0"},
				"west": {"uv": [10.5, 4.75, 10.75, 5], "texture": "#0"},
				"up": {"uv": [10.5, 4.75, 10.75, 5], "texture": "#0"},
				"down": {"uv": [10.5, 4.75, 10.75, 5], "texture": "#0"}
			}
		},
		{
			"name": "iron_sword_36",
			"from": [14.5, 6.5, 6.2],
			"to": [15, 11.25, 6.45],
			"rotation": {"angle": 0, "axis": "y", "origin": [0, 0, 6]},
			"faces": {
				"north": {"uv": [15, 4.75, 14.5, 9.5], "texture": "#0"},
				"east": {"uv": [14.75, 4.75, 15, 9.5], "texture": "#0"},
				"south": {"uv": [14.5, 4.75, 15, 9.5], "texture": "#0"},
				"west": {"uv": [14.5, 4.75, 14.75, 9.5], "texture": "#0"},
				"up": {"uv": [14.5, 4.75, 15, 5], "texture": "#0"},
				"down": {"uv": [14.5, 9.25, 15, 9.5], "texture": "#0"}
			}
		},
		{
			"name": "iron_sword_37",
			"from": [13.25, 9, 6.2],
			"to": [13.5, 11, 6.45],
			"rotation": {"angle": 0, "axis": "y", "origin": [0, 0, 6]},
			"faces": {
				"north": {"uv": [13.5, 5, 13.25, 7], "texture": "#0"},
				"east": {"uv": [13.25, 5, 13.5, 7], "texture": "#0"},
				"south": {"uv": [13.25, 5, 13.5, 7], "texture": "#0"},
				"west": {"uv": [13.25, 5, 13.5, 7], "texture": "#0"},
				"up": {"uv": [13.25, 5, 13.5, 5.25], "texture": "#0"},
				"down": {"uv": [13.25, 6.75, 13.5, 7], "texture": "#0"}
			}
		},
		{
			"name": "iron_sword_38",
			"from": [14.25, 10, 6.2],
			"to": [14.5, 11, 6.45],
			"rotation": {"angle": 0, "axis": "y", "origin": [0, 0, 6]},
			"faces": {
				"north": {"uv": [14.5, 5, 14.25, 6], "texture": "#0"},
				"east": {"uv": [14.25, 5, 14.5, 6], "texture": "#0"},
				"south": {"uv": [14.25, 5, 14.5, 6], "texture": "#0"},
				"west": {"uv": [14.25, 5, 14.5, 6], "texture": "#0"},
				"up": {"uv": [14.25, 5, 14.5, 5.25], "texture": "#0"},
				"down": {"uv": [14.25, 5.75, 14.5, 6], "texture": "#0"}
			}
		},
		{
			"name": "iron_sword_39",
			"from": [15.25, 10.75, 6.2],
			"to": [15.5, 11, 6.45],
			"rotation": {"angle": 0, "axis": "y", "origin": [0, 0, 6]},
			"faces": {
				"north": {"uv": [15.5, 5, 15.25, 5.25], "texture": "#0"},
				"east": {"uv": [15.25, 5, 15.5, 5.25], "texture": "#0"},
				"south": {"uv": [15.25, 5, 15.5, 5.25], "texture": "#0"},
				"west": {"uv": [15.25, 5, 15.5, 5.25], "texture": "#0"},
				"up": {"uv": [15.25, 5, 15.5, 5.25], "texture": "#0"},
				"down": {"uv": [15.25, 5, 15.5, 5.25], "texture": "#0"}
			}
		},
		{
			"name": "iron_sword_40",
			"from": [11.25, 9.5, 6.2],
			"to": [11.5, 10.75, 6.45],
			"rotation": {"angle": 0, "axis": "y", "origin": [0, 0, 6]},
			"faces": {
				"north": {"uv": [11.5, 5.25, 11.25, 6.5], "texture": "#0"},
				"east": {"uv": [11.25, 5.25, 11.5, 6.5], "texture": "#0"},
				"south": {"uv": [11.25, 5.25, 11.5, 6.5], "texture": "#0"},
				"west": {"uv": [11.25, 5.25, 11.5, 6.5], "texture": "#0"},
				"up": {"uv": [11.25, 5.25, 11.5, 5.5], "texture": "#0"},
				"down": {"uv": [11.25, 6.25, 11.5, 6.5], "texture": "#0"}
			}
		},
		{
			"name": "iron_sword_41",
			"from": [8.5, 7.5, 6.2],
			"to": [8.75, 10.5, 6.45],
			"rotation": {"angle": 0, "axis": "y", "origin": [0, 0, 6]},
			"faces": {
				"north": {"uv": [8.75, 5.5, 8.5, 8.5], "texture": "#0"},
				"east": {"uv": [8.5, 5.5, 8.75, 8.5], "texture": "#0"},
				"south": {"uv": [8.5, 5.5, 8.75, 8.5], "texture": "#0"},
				"west": {"uv": [8.5, 5.5, 8.75, 8.5], "texture": "#0"},
				"up": {"uv": [8.5, 5.5, 8.75, 5.75], "texture": "#0"},
				"down": {"uv": [8.5, 8.25, 8.75, 8.5], "texture": "#0"}
			}
		},
		{
			"name": "iron_sword_42",
			"from": [9.75, 7.75, 6.2],
			"to": [10, 10.5, 6.45],
			"rotation": {"angle": 0, "axis": "y", "origin": [0, 0, 6]},
			"faces": {
				"north": {"uv": [10, 5.5, 9.75, 8.25], "texture": "#0"},
				"east": {"uv": [9.75, 5.5, 10, 8.25], "texture": "#0"},
				"south": {"uv": [9.75, 5.5, 10, 8.25], "texture": "#0"},
				"west": {"uv": [9.75, 5.5, 10, 8.25], "texture": "#0"},
				"up": {"uv": [9.75, 5.5, 10, 5.75], "texture": "#0"},
				"down": {"uv": [9.75, 8, 10, 8.25], "texture": "#0"}
			}
		},
		{
			"name": "iron_sword_43",
			"from": [10.5, 9.75, 6.2],
			"to": [11.25, 10.5, 6.45],
			"rotation": {"angle": 0, "axis": "y", "origin": [0, 0, 6]},
			"faces": {
				"north": {"uv": [11.25, 5.5, 10.5, 6.25], "texture": "#0"},
				"east": {"uv": [11, 5.5, 11.25, 6.25], "texture": "#0"},
				"south": {"uv": [10.5, 5.5, 11.25, 6.25], "texture": "#0"},
				"west": {"uv": [10.5, 5.5, 10.75, 6.25], "texture": "#0"},
				"up": {"uv": [10.5, 5.5, 11.25, 5.75], "texture": "#0"},
				"down": {"uv": [10.5, 6, 11.25, 6.25], "texture": "#0"}
			}
		},
		{
			"name": "iron_sword_44",
			"from": [15.25, 8.25, 6.2],
			"to": [15.5, 10.5, 6.45],
			"rotation": {"angle": 0, "axis": "y", "origin": [0, 0, 6]},
			"faces": {
				"north": {"uv": [15.5, 5.5, 15.25, 7.75], "texture": "#0"},
				"east": {"uv": [15.25, 5.5, 15.5, 7.75], "texture": "#0"},
				"south": {"uv": [15.25, 5.5, 15.5, 7.75], "texture": "#0"},
				"west": {"uv": [15.25, 5.5, 15.5, 7.75], "texture": "#0"},
				"up": {"uv": [15.25, 5.5, 15.5, 5.75], "texture": "#0"},
				"down": {"uv": [15.25, 7.5, 15.5, 7.75], "texture": "#0"}
			}
		},
		{
			"name": "iron_sword_45",
			"from": [8.25, 9.5, 6.2],
			"to": [8.5, 10.25, 6.45],
			"rotation": {"angle": 0, "axis": "y", "origin": [0, 0, 6]},
			"faces": {
				"north": {"uv": [8.5, 5.75, 8.25, 6.5], "texture": "#0"},
				"east": {"uv": [8.25, 5.75, 8.5, 6.5], "texture": "#0"},
				"south": {"uv": [8.25, 5.75, 8.5, 6.5], "texture": "#0"},
				"west": {"uv": [8.25, 5.75, 8.5, 6.5], "texture": "#0"},
				"up": {"uv": [8.25, 5.75, 8.5, 6], "texture": "#0"},
				"down": {"uv": [8.25, 6.25, 8.5, 6.5], "texture": "#0"}
			}
		},
		{
			"name": "iron_sword_46",
			"from": [8.75, 7.25, 6.2],
			"to": [9, 10.25, 6.45],
			"rotation": {"angle": 0, "axis": "y", "origin": [0, 0, 6]},
			"faces": {
				"north": {"uv": [9, 5.75, 8.75, 8.75], "texture": "#0"},
				"east": {"uv": [8.75, 5.75, 9, 8.75], "texture": "#0"},
				"south": {"uv": [8.75, 5.75, 9, 8.75], "texture": "#0"},
				"west": {"uv": [8.75, 5.75, 9, 8.75], "texture": "#0"},
				"up": {"uv": [8.75, 5.75, 9, 6], "texture": "#0"},
				"down": {"uv": [8.75, 8.5, 9, 8.75], "texture": "#0"}
			}
		},
		{
			"name": "iron_sword_47",
			"from": [13.5, 10, 6.2],
			"to": [14, 10.25, 6.45],
			"rotation": {"angle": 0, "axis": "y", "origin": [0, 0, 6]},
			"faces": {
				"north": {"uv": [14, 5.75, 13.5, 6], "texture": "#0"},
				"east": {"uv": [13.75, 5.75, 14, 6], "texture": "#0"},
				"south": {"uv": [13.5, 5.75, 14, 6], "texture": "#0"},
				"west": {"uv": [13.5, 5.75, 13.75, 6], "texture": "#0"},
				"up": {"uv": [13.5, 5.75, 14, 6], "texture": "#0"},
				"down": {"uv": [13.5, 5.75, 14, 6], "texture": "#0"}
			}
		},
		{
			"name": "iron_sword_48",
			"from": [9.5, 7.25, 6.2],
			"to": [9.75, 10, 6.45],
			"rotation": {"angle": 0, "axis": "y", "origin": [0, 0, 6]},
			"faces": {
				"north": {"uv": [9.75, 6, 9.5, 8.75], "texture": "#0"},
				"east": {"uv": [9.5, 6, 9.75, 8.75], "texture": "#0"},
				"south": {"uv": [9.5, 6, 9.75, 8.75], "texture": "#0"},
				"west": {"uv": [9.5, 6, 9.75, 8.75], "texture": "#0"},
				"up": {"uv": [9.5, 6, 9.75, 6.25], "texture": "#0"},
				"down": {"uv": [9.5, 8.5, 9.75, 8.75], "texture": "#0"}
			}
		},
		{
			"name": "iron_sword_49",
			"from": [13.5, 9.75, 6.2],
			"to": [13.75, 10, 6.45],
			"rotation": {"angle": 0, "axis": "y", "origin": [0, 0, 6]},
			"faces": {
				"north": {"uv": [13.75, 6, 13.5, 6.25], "texture": "#0"},
				"east": {"uv": [13.5, 6, 13.75, 6.25], "texture": "#0"},
				"south": {"uv": [13.5, 6, 13.75, 6.25], "texture": "#0"},
				"west": {"uv": [13.5, 6, 13.75, 6.25], "texture": "#0"},
				"up": {"uv": [13.5, 6, 13.75, 6.25], "texture": "#0"},
				"down": {"uv": [13.5, 6, 13.75, 6.25], "texture": "#0"}
			}
		},
		{
			"name": "iron_sword_50",
			"from": [9, 7, 6.2],
			"to": [9.5, 9.75, 6.45],
			"rotation": {"angle": 0, "axis": "y", "origin": [0, 0, 6]},
			"faces": {
				"north": {"uv": [9.5, 6.25, 9, 9], "texture": "#0"},
				"east": {"uv": [9.25, 6.25, 9.5, 9], "texture": "#0"},
				"south": {"uv": [9, 6.25, 9.5, 9], "texture": "#0"},
				"west": {"uv": [9, 6.25, 9.25, 9], "texture": "#0"},
				"up": {"uv": [9, 6.25, 9.5, 6.5], "texture": "#0"},
				"down": {"uv": [9, 8.75, 9.5, 9], "texture": "#0"}
			}
		},
		{
			"name": "iron_sword_51",
			"from": [10.5, 9.5, 6.2],
			"to": [10.75, 9.75, 6.45],
			"rotation": {"angle": 0, "axis": "y", "origin": [0, 0, 6]},
			"faces": {
				"north": {"uv": [10.75, 6.25, 10.5, 6.5], "texture": "#0"},
				"east": {"uv": [10.5, 6.25, 10.75, 6.5], "texture": "#0"},
				"south": {"uv": [10.5, 6.25, 10.75, 6.5], "texture": "#0"},
				"west": {"uv": [10.5, 6.25, 10.75, 6.5], "texture": "#0"},
				"up": {"uv": [10.5, 6.25, 10.75, 6.5], "texture": "#0"},
				"down": {"uv": [10.5, 6.25, 10.75, 6.5], "texture": "#0"}
			}
		},
		{
			"name": "iron_sword_52",
			"from": [13.5, 8.75, 6.2],
			"to": [14, 9.5, 6.45],
			"rotation": {"angle": 0, "axis": "y", "origin": [0, 0, 6]},
			"faces": {
				"north": {"uv": [14, 6.5, 13.5, 7.25], "texture": "#0"},
				"east": {"uv": [13.75, 6.5, 14, 7.25], "texture": "#0"},
				"south": {"uv": [13.5, 6.5, 14, 7.25], "texture": "#0"},
				"west": {"uv": [13.5, 6.5, 13.75, 7.25], "texture": "#0"},
				"up": {"uv": [13.5, 6.5, 14, 6.75], "texture": "#0"},
				"down": {"uv": [13.5, 7, 14, 7.25], "texture": "#0"}
			}
		},
		{
			"name": "iron_sword_53",
			"from": [10, 9, 6.2],
			"to": [10.25, 9.25, 6.45],
			"rotation": {"angle": 0, "axis": "y", "origin": [0, 0, 6]},
			"faces": {
				"north": {"uv": [10.25, 6.75, 10, 7], "texture": "#0"},
				"east": {"uv": [10, 6.75, 10.25, 7], "texture": "#0"},
				"south": {"uv": [10, 6.75, 10.25, 7], "texture": "#0"},
				"west": {"uv": [10, 6.75, 10.25, 7], "texture": "#0"},
				"up": {"uv": [10, 6.75, 10.25, 7], "texture": "#0"},
				"down": {"uv": [10, 6.75, 10.25, 7], "texture": "#0"}
			}
		},
		{
			"name": "iron_sword_54",
			"from": [11.75, 9, 6.2],
			"to": [12, 9.25, 6.45],
			"rotation": {"angle": 0, "axis": "y", "origin": [0, 0, 6]},
			"faces": {
				"north": {"uv": [12, 6.75, 11.75, 7], "texture": "#0"},
				"east": {"uv": [11.75, 6.75, 12, 7], "texture": "#0"},
				"south": {"uv": [11.75, 6.75, 12, 7], "texture": "#0"},
				"west": {"uv": [11.75, 6.75, 12, 7], "texture": "#0"},
				"up": {"uv": [11.75, 6.75, 12, 7], "texture": "#0"},
				"down": {"uv": [11.75, 6.75, 12, 7], "texture": "#0"}
			}
		},
		{
			"name": "iron_sword_55",
			"from": [14, 8.5, 6.2],
			"to": [14.5, 9.25, 6.45],
			"rotation": {"angle": 0, "axis": "y", "origin": [0, 0, 6]},
			"faces": {
				"north": {"uv": [14.5, 6.75, 14, 7.5], "texture": "#0"},
				"east": {"uv": [14.25, 6.75, 14.5, 7.5], "texture": "#0"},
				"south": {"uv": [14, 6.75, 14.5, 7.5], "texture": "#0"},
				"west": {"uv": [14, 6.75, 14.25, 7.5], "texture": "#0"},
				"up": {"uv": [14, 6.75, 14.5, 7], "texture": "#0"},
				"down": {"uv": [14, 7.25, 14.5, 7.5], "texture": "#0"}
			}
		},
		{
			"name": "iron_sword_56",
			"from": [8, 7.25, 6.2],
			"to": [8.25, 9, 6.45],
			"rotation": {"angle": 0, "axis": "y", "origin": [0, 0, 6]},
			"faces": {
				"north": {"uv": [8.25, 7, 8, 8.75], "texture": "#0"},
				"east": {"uv": [8, 7, 8.25, 8.75], "texture": "#0"},
				"south": {"uv": [8, 7, 8.25, 8.75], "texture": "#0"},
				"west": {"uv": [8, 7, 8.25, 8.75], "texture": "#0"},
				"up": {"uv": [8, 7, 8.25, 7.25], "texture": "#0"},
				"down": {"uv": [8, 8.5, 8.25, 8.75], "texture": "#0"}
			}
		},
		{
			"name": "iron_sword_57",
			"from": [7.5, 8, 6.2],
			"to": [8, 8.75, 6.45],
			"rotation": {"angle": 0, "axis": "y", "origin": [0, 0, 6]},
			"faces": {
				"north": {"uv": [8, 7.25, 7.5, 8], "texture": "#0"},
				"east": {"uv": [7.75, 7.25, 8, 8], "texture": "#0"},
				"south": {"uv": [7.5, 7.25, 8, 8], "texture": "#0"},
				"west": {"uv": [7.5, 7.25, 7.75, 8], "texture": "#0"},
				"up": {"uv": [7.5, 7.25, 8, 7.5], "texture": "#0"},
				"down": {"uv": [7.5, 7.75, 8, 8], "texture": "#0"}
			}
		},
		{
			"name": "iron_sword_58",
			"from": [8.25, 7.5, 6.2],
			"to": [8.5, 8.75, 6.45],
			"rotation": {"angle": 0, "axis": "y", "origin": [0, 0, 6]},
			"faces": {
				"north": {"uv": [8.5, 7.25, 8.25, 8.5], "texture": "#0"},
				"east": {"uv": [8.25, 7.25, 8.5, 8.5], "texture": "#0"},
				"south": {"uv": [8.25, 7.25, 8.5, 8.5], "texture": "#0"},
				"west": {"uv": [8.25, 7.25, 8.5, 8.5], "texture": "#0"},
				"up": {"uv": [8.25, 7.25, 8.5, 7.5], "texture": "#0"},
				"down": {"uv": [8.25, 8.25, 8.5, 8.5], "texture": "#0"}
			}
		},
		{
			"name": "iron_sword_59",
			"from": [13.75, 8.5, 6.2],
			"to": [14, 8.75, 6.45],
			"rotation": {"angle": 0, "axis": "y", "origin": [0, 0, 6]},
			"faces": {
				"north": {"uv": [14, 7.25, 13.75, 7.5], "texture": "#0"},
				"east": {"uv": [13.75, 7.25, 14, 7.5], "texture": "#0"},
				"south": {"uv": [13.75, 7.25, 14, 7.5], "texture": "#0"},
				"west": {"uv": [13.75, 7.25, 14, 7.5], "texture": "#0"},
				"up": {"uv": [13.75, 7.25, 14, 7.5], "texture": "#0"},
				"down": {"uv": [13.75, 7.25, 14, 7.5], "texture": "#0"}
			}
		},
		{
			"name": "iron_sword_60",
			"from": [7.25, 8, 6.2],
			"to": [7.5, 8.5, 6.45],
			"rotation": {"angle": 0, "axis": "y", "origin": [0, 0, 6]},
			"faces": {
				"north": {"uv": [7.5, 7.5, 7.25, 8], "texture": "#0"},
				"east": {"uv": [7.25, 7.5, 7.5, 8], "texture": "#0"},
				"south": {"uv": [7.25, 7.5, 7.5, 8], "texture": "#0"},
				"west": {"uv": [7.25, 7.5, 7.5, 8], "texture": "#0"},
				"up": {"uv": [7.25, 7.5, 7.5, 7.75], "texture": "#0"},
				"down": {"uv": [7.25, 7.75, 7.5, 8], "texture": "#0"}
			}
		},
		{
			"name": "iron_sword_61",
			"from": [10, 7.75, 6.2],
			"to": [10.5, 8.5, 6.45],
			"rotation": {"angle": 0, "axis": "y", "origin": [0, 0, 6]},
			"faces": {
				"north": {"uv": [10.5, 7.5, 10, 8.25], "texture": "#0"},
				"east": {"uv": [10.25, 7.5, 10.5, 8.25], "texture": "#0"},
				"south": {"uv": [10, 7.5, 10.5, 8.25], "texture": "#0"},
				"west": {"uv": [10, 7.5, 10.25, 8.25], "texture": "#0"},
				"up": {"uv": [10, 7.5, 10.5, 7.75], "texture": "#0"},
				"down": {"uv": [10, 8, 10.5, 8.25], "texture": "#0"}
			}
		},
		{
			"name": "iron_sword_62",
			"from": [14.25, 3.5, 6.2],
			"to": [14.5, 8.5, 6.45],
			"rotation": {"angle": 0, "axis": "y", "origin": [0, 0, 6]},
			"faces": {
				"north": {"uv": [14.5, 7.5, 14.25, 12.5], "texture": "#0"},
				"east": {"uv": [14.25, 7.5, 14.5, 12.5], "texture": "#0"},
				"south": {"uv": [14.25, 7.5, 14.5, 12.5], "texture": "#0"},
				"west": {"uv": [14.25, 7.5, 14.5, 12.5], "texture": "#0"},
				"up": {"uv": [14.25, 7.5, 14.5, 7.75], "texture": "#0"},
				"down": {"uv": [14.25, 12.25, 14.5, 12.5], "texture": "#0"}
			}
		},
		{
			"name": "iron_sword_63",
			"from": [7, 8, 6.2],
			"to": [7.25, 8.25, 6.45],
			"rotation": {"angle": 0, "axis": "y", "origin": [0, 0, 6]},
			"faces": {
				"north": {"uv": [7.25, 7.75, 7, 8], "texture": "#0"},
				"east": {"uv": [7, 7.75, 7.25, 8], "texture": "#0"},
				"south": {"uv": [7, 7.75, 7.25, 8], "texture": "#0"},
				"west": {"uv": [7, 7.75, 7.25, 8], "texture": "#0"},
				"up": {"uv": [7, 7.75, 7.25, 8], "texture": "#0"},
				"down": {"uv": [7, 7.75, 7.25, 8], "texture": "#0"}
			}
		},
		{
			"name": "iron_sword_64",
			"from": [7.75, 7, 6.2],
			"to": [8, 8, 6.45],
			"rotation": {"angle": 0, "axis": "y", "origin": [0, 0, 6]},
			"faces": {
				"north": {"uv": [8, 8, 7.75, 9], "texture": "#0"},
				"east": {"uv": [7.75, 8, 8, 9], "texture": "#0"},
				"south": {"uv": [7.75, 8, 8, 9], "texture": "#0"},
				"west": {"uv": [7.75, 8, 8, 9], "texture": "#0"},
				"up": {"uv": [7.75, 8, 8, 8.25], "texture": "#0"},
				"down": {"uv": [7.75, 8.75, 8, 9], "texture": "#0"}
			}
		},
		{
			"name": "iron_sword_65",
			"from": [10.5, 7.75, 6.2],
			"to": [11, 8, 6.45],
			"rotation": {"angle": 0, "axis": "y", "origin": [0, 0, 6]},
			"faces": {
				"north": {"uv": [11, 8, 10.5, 8.25], "texture": "#0"},
				"east": {"uv": [10.75, 8, 11, 8.25], "texture": "#0"},
				"south": {"uv": [10.5, 8, 11, 8.25], "texture": "#0"},
				"west": {"uv": [10.5, 8, 10.75, 8.25], "texture": "#0"},
				"up": {"uv": [10.5, 8, 11, 8.25], "texture": "#0"},
				"down": {"uv": [10.5, 8, 11, 8.25], "texture": "#0"}
			}
		},
		{
			"name": "iron_sword_66",
			"from": [14, 7.75, 6.2],
			"to": [14.25, 8, 6.45],
			"rotation": {"angle": 0, "axis": "y", "origin": [0, 0, 6]},
			"faces": {
				"north": {"uv": [14.25, 8, 14, 8.25], "texture": "#0"},
				"east": {"uv": [14, 8, 14.25, 8.25], "texture": "#0"},
				"south": {"uv": [14, 8, 14.25, 8.25], "texture": "#0"},
				"west": {"uv": [14, 8, 14.25, 8.25], "texture": "#0"},
				"up": {"uv": [14, 8, 14.25, 8.25], "texture": "#0"},
				"down": {"uv": [14, 8, 14.25, 8.25], "texture": "#0"}
			}
		},
		{
			"name": "iron_sword_67",
			"from": [7.5, 6.75, 6.2],
			"to": [7.75, 7.75, 6.45],
			"rotation": {"angle": 0, "axis": "y", "origin": [0, 0, 6]},
			"faces": {
				"north": {"uv": [7.75, 8.25, 7.5, 9.25], "texture": "#0"},
				"east": {"uv": [7.5, 8.25, 7.75, 9.25], "texture": "#0"},
				"south": {"uv": [7.5, 8.25, 7.75, 9.25], "texture": "#0"},
				"west": {"uv": [7.5, 8.25, 7.75, 9.25], "texture": "#0"},
				"up": {"uv": [7.5, 8.25, 7.75, 8.5], "texture": "#0"},
				"down": {"uv": [7.5, 9, 7.75, 9.25], "texture": "#0"}
			}
		},
		{
			"name": "iron_sword_68",
			"from": [7.25, 6.5, 6.2],
			"to": [7.5, 7.5, 6.45],
			"rotation": {"angle": 0, "axis": "y", "origin": [0, 0, 6]},
			"faces": {
				"north": {"uv": [7.5, 8.5, 7.25, 9.5], "texture": "#0"},
				"east": {"uv": [7.25, 8.5, 7.5, 9.5], "texture": "#0"},
				"south": {"uv": [7.25, 8.5, 7.5, 9.5], "texture": "#0"},
				"west": {"uv": [7.25, 8.5, 7.5, 9.5], "texture": "#0"},
				"up": {"uv": [7.25, 8.5, 7.5, 8.75], "texture": "#0"},
				"down": {"uv": [7.25, 9.25, 7.5, 9.5], "texture": "#0"}
			}
		},
		{
			"name": "iron_sword_69",
			"from": [14, 7.25, 6.2],
			"to": [14.25, 7.5, 6.45],
			"rotation": {"angle": 0, "axis": "y", "origin": [0, 0, 6]},
			"faces": {
				"north": {"uv": [14.25, 8.5, 14, 8.75], "texture": "#0"},
				"east": {"uv": [14, 8.5, 14.25, 8.75], "texture": "#0"},
				"south": {"uv": [14, 8.5, 14.25, 8.75], "texture": "#0"},
				"west": {"uv": [14, 8.5, 14.25, 8.75], "texture": "#0"},
				"up": {"uv": [14, 8.5, 14.25, 8.75], "texture": "#0"},
				"down": {"uv": [14, 8.5, 14.25, 8.75], "texture": "#0"}
			}
		},
		{
			"name": "iron_sword_70",
			"from": [15.25, 7.25, 6.2],
			"to": [15.75, 7.5, 6.45],
			"rotation": {"angle": 0, "axis": "y", "origin": [0, 0, 6]},
			"faces": {
				"north": {"uv": [15.75, 8.5, 15.25, 8.75], "texture": "#0"},
				"east": {"uv": [15.5, 8.5, 15.75, 8.75], "texture": "#0"},
				"south": {"uv": [15.25, 8.5, 15.75, 8.75], "texture": "#0"},
				"west": {"uv": [15.25, 8.5, 15.5, 8.75], "texture": "#0"},
				"up": {"uv": [15.25, 8.5, 15.75, 8.75], "texture": "#0"},
				"down": {"uv": [15.25, 8.5, 15.75, 8.75], "texture": "#0"}
			}
		},
		{
			"name": "iron_sword_71",
			"from": [7, 6.25, 6.2],
			"to": [7.25, 7.25, 6.45],
			"rotation": {"angle": 0, "axis": "y", "origin": [0, 0, 6]},
			"faces": {
				"north": {"uv": [7.25, 8.75, 7, 9.75], "texture": "#0"},
				"east": {"uv": [7, 8.75, 7.25, 9.75], "texture": "#0"},
				"south": {"uv": [7, 8.75, 7.25, 9.75], "texture": "#0"},
				"west": {"uv": [7, 8.75, 7.25, 9.75], "texture": "#0"},
				"up": {"uv": [7, 8.75, 7.25, 9], "texture": "#0"},
				"down": {"uv": [7, 9.5, 7.25, 9.75], "texture": "#0"}
			}
		},
		{
			"name": "iron_sword_72",
			"from": [15.25, 7, 6.2],
			"to": [15.5, 7.25, 6.45],
			"rotation": {"angle": 0, "axis": "y", "origin": [0, 0, 6]},
			"faces": {
				"north": {"uv": [15.5, 8.75, 15.25, 9], "texture": "#0"},
				"east": {"uv": [15.25, 8.75, 15.5, 9], "texture": "#0"},
				"south": {"uv": [15.25, 8.75, 15.5, 9], "texture": "#0"},
				"west": {"uv": [15.25, 8.75, 15.5, 9], "texture": "#0"},
				"up": {"uv": [15.25, 8.75, 15.5, 9], "texture": "#0"},
				"down": {"uv": [15.25, 8.75, 15.5, 9], "texture": "#0"}
			}
		},
		{
			"name": "iron_sword_73",
			"from": [6.75, 6, 6.2],
			"to": [7, 7, 6.45],
			"rotation": {"angle": 0, "axis": "y", "origin": [0, 0, 6]},
			"faces": {
				"north": {"uv": [7, 9, 6.75, 10], "texture": "#0"},
				"east": {"uv": [6.75, 9, 7, 10], "texture": "#0"},
				"south": {"uv": [6.75, 9, 7, 10], "texture": "#0"},
				"west": {"uv": [6.75, 9, 7, 10], "texture": "#0"},
				"up": {"uv": [6.75, 9, 7, 9.25], "texture": "#0"},
				"down": {"uv": [6.75, 9.75, 7, 10], "texture": "#0"}
			}
		},
		{
			"name": "iron_sword_74",
			"from": [9.25, 6.75, 6.2],
			"to": [9.5, 7, 6.45],
			"rotation": {"angle": 0, "axis": "y", "origin": [0, 0, 6]},
			"faces": {
				"north": {"uv": [9.5, 9, 9.25, 9.25], "texture": "#0"},
				"east": {"uv": [9.25, 9, 9.5, 9.25], "texture": "#0"},
				"south": {"uv": [9.25, 9, 9.5, 9.25], "texture": "#0"},
				"west": {"uv": [9.25, 9, 9.5, 9.25], "texture": "#0"},
				"up": {"uv": [9.25, 9, 9.5, 9.25], "texture": "#0"},
				"down": {"uv": [9.25, 9, 9.5, 9.25], "texture": "#0"}
			}
		},
		{
			"name": "iron_sword_75",
			"from": [14, 3.75, 6.2],
			"to": [14.25, 7, 6.45],
			"rotation": {"angle": 0, "axis": "y", "origin": [0, 0, 6]},
			"faces": {
				"north": {"uv": [14.25, 9, 14, 12.25], "texture": "#0"},
				"east": {"uv": [14, 9, 14.25, 12.25], "texture": "#0"},
				"south": {"uv": [14, 9, 14.25, 12.25], "texture": "#0"},
				"west": {"uv": [14, 9, 14.25, 12.25], "texture": "#0"},
				"up": {"uv": [14, 9, 14.25, 9.25], "texture": "#0"},
				"down": {"uv": [14, 12, 14.25, 12.25], "texture": "#0"}
			}
		},
		{
			"name": "iron_sword_76",
			"from": [6.5, 5.75, 6.2],
			"to": [6.75, 6.75, 6.45],
			"rotation": {"angle": 0, "axis": "y", "origin": [0, 0, 6]},
			"faces": {
				"north": {"uv": [6.75, 9.25, 6.5, 10.25], "texture": "#0"},
				"east": {"uv": [6.5, 9.25, 6.75, 10.25], "texture": "#0"},
				"south": {"uv": [6.5, 9.25, 6.75, 10.25], "texture": "#0"},
				"west": {"uv": [6.5, 9.25, 6.75, 10.25], "texture": "#0"},
				"up": {"uv": [6.5, 9.25, 6.75, 9.5], "texture": "#0"},
				"down": {"uv": [6.5, 10, 6.75, 10.25], "texture": "#0"}
			}
		},
		{
			"name": "iron_sword_77",
			"from": [13.75, 6.5, 6.2],
			"to": [14, 6.75, 6.45],
			"rotation": {"angle": 0, "axis": "y", "origin": [0, 0, 6]},
			"faces": {
				"north": {"uv": [14, 9.25, 13.75, 9.5], "texture": "#0"},
				"east": {"uv": [13.75, 9.25, 14, 9.5], "texture": "#0"},
				"south": {"uv": [13.75, 9.25, 14, 9.5], "texture": "#0"},
				"west": {"uv": [13.75, 9.25, 14, 9.5], "texture": "#0"},
				"up": {"uv": [13.75, 9.25, 14, 9.5], "texture": "#0"},
				"down": {"uv": [13.75, 9.25, 14, 9.5], "texture": "#0"}
			}
		},
		{
			"name": "iron_sword_78",
			"from": [6.25, 5.5, 6.2],
			"to": [6.5, 6.5, 6.45],
			"rotation": {"angle": 0, "axis": "y", "origin": [0, 0, 6]},
			"faces": {
				"north": {"uv": [6.5, 9.5, 6.25, 10.5], "texture": "#0"},
				"east": {"uv": [6.25, 9.5, 6.5, 10.5], "texture": "#0"},
				"south": {"uv": [6.25, 9.5, 6.5, 10.5], "texture": "#0"},
				"west": {"uv": [6.25, 9.5, 6.5, 10.5], "texture": "#0"},
				"up": {"uv": [6.25, 9.5, 6.5, 9.75], "texture": "#0"},
				"down": {"uv": [6.25, 10.25, 6.5, 10.5], "texture": "#0"}
			}
		},
		{
			"name": "iron_sword_79",
			"from": [14.5, 2.75, 6.2],
			"to": [14.75, 6.5, 6.45],
			"rotation": {"angle": 0, "axis": "y", "origin": [0, 0, 6]},
			"faces": {
				"north": {"uv": [14.75, 9.5, 14.5, 13.25], "texture": "#0"},
				"east": {"uv": [14.5, 9.5, 14.75, 13.25], "texture": "#0"},
				"south": {"uv": [14.5, 9.5, 14.75, 13.25], "texture": "#0"},
				"west": {"uv": [14.5, 9.5, 14.75, 13.25], "texture": "#0"},
				"up": {"uv": [14.5, 9.5, 14.75, 9.75], "texture": "#0"},
				"down": {"uv": [14.5, 13, 14.75, 13.25], "texture": "#0"}
			}
		},
		{
			"name": "iron_sword_80",
			"from": [6, 5.25, 6.2],
			"to": [6.25, 6.25, 6.45],
			"rotation": {"angle": 0, "axis": "y", "origin": [0, 0, 6]},
			"faces": {
				"north": {"uv": [6.25, 9.75, 6, 10.75], "texture": "#0"},
				"east": {"uv": [6, 9.75, 6.25, 10.75], "texture": "#0"},
				"south": {"uv": [6, 9.75, 6.25, 10.75], "texture": "#0"},
				"west": {"uv": [6, 9.75, 6.25, 10.75], "texture": "#0"},
				"up": {"uv": [6, 9.75, 6.25, 10], "texture": "#0"},
				"down": {"uv": [6, 10.5, 6.25, 10.75], "texture": "#0"}
			}
		},
		{
			"name": "iron_sword_81",
			"from": [5.75, 5, 6.2],
			"to": [6, 6, 6.45],
			"rotation": {"angle": 0, "axis": "y", "origin": [0, 0, 6]},
			"faces": {
				"north": {"uv": [6, 10, 5.75, 11], "texture": "#0"},
				"east": {"uv": [5.75, 10, 6, 11], "texture": "#0"},
				"south": {"uv": [5.75, 10, 6, 11], "texture": "#0"},
				"west": {"uv": [5.75, 10, 6, 11], "texture": "#0"},
				"up": {"uv": [5.75, 10, 6, 10.25], "texture": "#0"},
				"down": {"uv": [5.75, 10.75, 6, 11], "texture": "#0"}
			}
		},
		{
			"name": "iron_sword_82",
			"from": [5.5, 4.75, 6.2],
			"to": [5.75, 5.75, 6.45],
			"rotation": {"angle": 0, "axis": "y", "origin": [0, 0, 6]},
			"faces": {
				"north": {"uv": [5.75, 10.25, 5.5, 11.25], "texture": "#0"},
				"east": {"uv": [5.5, 10.25, 5.75, 11.25], "texture": "#0"},
				"south": {"uv": [5.5, 10.25, 5.75, 11.25], "texture": "#0"},
				"west": {"uv": [5.5, 10.25, 5.75, 11.25], "texture": "#0"},
				"up": {"uv": [5.5, 10.25, 5.75, 10.5], "texture": "#0"},
				"down": {"uv": [5.5, 11, 5.75, 11.25], "texture": "#0"}
			}
		},
		{
			"name": "iron_sword_83",
			"from": [5.25, 4.5, 6.2],
			"to": [5.5, 5.5, 6.45],
			"rotation": {"angle": 0, "axis": "y", "origin": [0, 0, 6]},
			"faces": {
				"north": {"uv": [5.5, 10.5, 5.25, 11.5], "texture": "#0"},
				"east": {"uv": [5.25, 10.5, 5.5, 11.5], "texture": "#0"},
				"south": {"uv": [5.25, 10.5, 5.5, 11.5], "texture": "#0"},
				"west": {"uv": [5.25, 10.5, 5.5, 11.5], "texture": "#0"},
				"up": {"uv": [5.25, 10.5, 5.5, 10.75], "texture": "#0"},
				"down": {"uv": [5.25, 11.25, 5.5, 11.5], "texture": "#0"}
			}
		},
		{
			"name": "iron_sword_84",
			"from": [5, 4.25, 6.2],
			"to": [5.25, 5.25, 6.45],
			"rotation": {"angle": 0, "axis": "y", "origin": [0, 0, 6]},
			"faces": {
				"north": {"uv": [5.25, 10.75, 5, 11.75], "texture": "#0"},
				"east": {"uv": [5, 10.75, 5.25, 11.75], "texture": "#0"},
				"south": {"uv": [5, 10.75, 5.25, 11.75], "texture": "#0"},
				"west": {"uv": [5, 10.75, 5.25, 11.75], "texture": "#0"},
				"up": {"uv": [5, 10.75, 5.25, 11], "texture": "#0"},
				"down": {"uv": [5, 11.5, 5.25, 11.75], "texture": "#0"}
			}
		},
		{
			"name": "iron_sword_85",
			"from": [14.75, 5, 6.2],
			"to": [15, 5.25, 6.45],
			"rotation": {"angle": 0, "axis": "y", "origin": [0, 0, 6]},
			"faces": {
				"north": {"uv": [15, 10.75, 14.75, 11], "texture": "#0"},
				"east": {"uv": [14.75, 10.75, 15, 11], "texture": "#0"},
				"south": {"uv": [14.75, 10.75, 15, 11], "texture": "#0"},
				"west": {"uv": [14.75, 10.75, 15, 11], "texture": "#0"},
				"up": {"uv": [14.75, 10.75, 15, 11], "texture": "#0"},
				"down": {"uv": [14.75, 10.75, 15, 11], "texture": "#0"}
			}
		},
		{
			"name": "iron_sword_86",
			"from": [4.75, 4, 6.2],
			"to": [5, 5, 6.45],
			"rotation": {"angle": 0, "axis": "y", "origin": [0, 0, 6]},
			"faces": {
				"north": {"uv": [5, 11, 4.75, 12], "texture": "#0"},
				"east": {"uv": [4.75, 11, 5, 12], "texture": "#0"},
				"south": {"uv": [4.75, 11, 5, 12], "texture": "#0"},
				"west": {"uv": [4.75, 11, 5, 12], "texture": "#0"},
				"up": {"uv": [4.75, 11, 5, 11.25], "texture": "#0"},
				"down": {"uv": [4.75, 11.75, 5, 12], "texture": "#0"}
			}
		},
		{
			"name": "iron_sword_87",
			"from": [4.5, 3.75, 6.2],
			"to": [4.75, 4.75, 6.45],
			"rotation": {"angle": 0, "axis": "y", "origin": [0, 0, 6]},
			"faces": {
				"north": {"uv": [4.75, 11.25, 4.5, 12.25], "texture": "#0"},
				"east": {"uv": [4.5, 11.25, 4.75, 12.25], "texture": "#0"},
				"south": {"uv": [4.5, 11.25, 4.75, 12.25], "texture": "#0"},
				"west": {"uv": [4.5, 11.25, 4.75, 12.25], "texture": "#0"},
				"up": {"uv": [4.5, 11.25, 4.75, 11.5], "texture": "#0"},
				"down": {"uv": [4.5, 12, 4.75, 12.25], "texture": "#0"}
			}
		},
		{
			"name": "iron_sword_88",
			"from": [4.25, 3.5, 6.2],
			"to": [4.5, 4.5, 6.45],
			"rotation": {"angle": 0, "axis": "y", "origin": [0, 0, 6]},
			"faces": {
				"north": {"uv": [4.5, 11.5, 4.25, 12.5], "texture": "#0"},
				"east": {"uv": [4.25, 11.5, 4.5, 12.5], "texture": "#0"},
				"south": {"uv": [4.25, 11.5, 4.5, 12.5], "texture": "#0"},
				"west": {"uv": [4.25, 11.5, 4.5, 12.5], "texture": "#0"},
				"up": {"uv": [4.25, 11.5, 4.5, 11.75], "texture": "#0"},
				"down": {"uv": [4.25, 12.25, 4.5, 12.5], "texture": "#0"}
			}
		},
		{
			"name": "iron_sword_89",
			"from": [4, 3.25, 6.2],
			"to": [4.25, 4.25, 6.45],
			"rotation": {"angle": 0, "axis": "y", "origin": [0, 0, 6]},
			"faces": {
				"north": {"uv": [4.25, 11.75, 4, 12.75], "texture": "#0"},
				"east": {"uv": [4, 11.75, 4.25, 12.75], "texture": "#0"},
				"south": {"uv": [4, 11.75, 4.25, 12.75], "texture": "#0"},
				"west": {"uv": [4, 11.75, 4.25, 12.75], "texture": "#0"},
				"up": {"uv": [4, 11.75, 4.25, 12], "texture": "#0"},
				"down": {"uv": [4, 12.5, 4.25, 12.75], "texture": "#0"}
			}
		},
		{
			"name": "iron_sword_90",
			"from": [14.75, 3.75, 6.2],
			"to": [15.25, 4.25, 6.45],
			"rotation": {"angle": 0, "axis": "y", "origin": [0, 0, 6]},
			"faces": {
				"north": {"uv": [15.25, 11.75, 14.75, 12.25], "texture": "#0"},
				"east": {"uv": [15, 11.75, 15.25, 12.25], "texture": "#0"},
				"south": {"uv": [14.75, 11.75, 15.25, 12.25], "texture": "#0"},
				"west": {"uv": [14.75, 11.75, 15, 12.25], "texture": "#0"},
				"up": {"uv": [14.75, 11.75, 15.25, 12], "texture": "#0"},
				"down": {"uv": [14.75, 12, 15.25, 12.25], "texture": "#0"}
			}
		},
		{
			"name": "iron_sword_91",
			"from": [3.75, 3, 6.2],
			"to": [4, 4, 6.45],
			"rotation": {"angle": 0, "axis": "y", "origin": [0, 0, 6]},
			"faces": {
				"north": {"uv": [4, 12, 3.75, 13], "texture": "#0"},
				"east": {"uv": [3.75, 12, 4, 13], "texture": "#0"},
				"south": {"uv": [3.75, 12, 4, 13], "texture": "#0"},
				"west": {"uv": [3.75, 12, 4, 13], "texture": "#0"},
				"up": {"uv": [3.75, 12, 4, 12.25], "texture": "#0"},
				"down": {"uv": [3.75, 12.75, 4, 13], "texture": "#0"}
			}
		},
		{
			"name": "iron_sword_92",
			"from": [3.5, 2.75, 6.2],
			"to": [3.75, 3.75, 6.45],
			"rotation": {"angle": 0, "axis": "y", "origin": [0, 0, 6]},
			"faces": {
				"north": {"uv": [3.75, 12.25, 3.5, 13.25], "texture": "#0"},
				"east": {"uv": [3.5, 12.25, 3.75, 13.25], "texture": "#0"},
				"south": {"uv": [3.5, 12.25, 3.75, 13.25], "texture": "#0"},
				"west": {"uv": [3.5, 12.25, 3.75, 13.25], "texture": "#0"},
				"up": {"uv": [3.5, 12.25, 3.75, 12.5], "texture": "#0"},
				"down": {"uv": [3.5, 13, 3.75, 13.25], "texture": "#0"}
			}
		},
		{
			"name": "iron_sword_93",
			"from": [14.75, 2.5, 6.2],
			"to": [15, 3.75, 6.45],
			"rotation": {"angle": 0, "axis": "y", "origin": [0, 0, 6]},
			"faces": {
				"north": {"uv": [15, 12.25, 14.75, 13.5], "texture": "#0"},
				"east": {"uv": [14.75, 12.25, 15, 13.5], "texture": "#0"},
				"south": {"uv": [14.75, 12.25, 15, 13.5], "texture": "#0"},
				"west": {"uv": [14.75, 12.25, 15, 13.5], "texture": "#0"},
				"up": {"uv": [14.75, 12.25, 15, 12.5], "texture": "#0"},
				"down": {"uv": [14.75, 13.25, 15, 13.5], "texture": "#0"}
			}
		},
		{
			"name": "iron_sword_94",
			"from": [3.25, 2.5, 6.2],
			"to": [3.5, 3.5, 6.45],
			"rotation": {"angle": 0, "axis": "y", "origin": [0, 0, 6]},
			"faces": {
				"north": {"uv": [3.5, 12.5, 3.25, 13.5], "texture": "#0"},
				"east": {"uv": [3.25, 12.5, 3.5, 13.5], "texture": "#0"},
				"south": {"uv": [3.25, 12.5, 3.5, 13.5], "texture": "#0"},
				"west": {"uv": [3.25, 12.5, 3.5, 13.5], "texture": "#0"},
				"up": {"uv": [3.25, 12.5, 3.5, 12.75], "texture": "#0"},
				"down": {"uv": [3.25, 13.25, 3.5, 13.5], "texture": "#0"}
			}
		},
		{
			"name": "iron_sword_95",
			"from": [15, 2.5, 6.2],
			"to": [15.5, 3.5, 6.45],
			"rotation": {"angle": 0, "axis": "y", "origin": [0, 0, 6]},
			"faces": {
				"north": {"uv": [15.5, 12.5, 15, 13.5], "texture": "#0"},
				"east": {"uv": [15.25, 12.5, 15.5, 13.5], "texture": "#0"},
				"south": {"uv": [15, 12.5, 15.5, 13.5], "texture": "#0"},
				"west": {"uv": [15, 12.5, 15.25, 13.5], "texture": "#0"},
				"up": {"uv": [15, 12.5, 15.5, 12.75], "texture": "#0"},
				"down": {"uv": [15, 13.25, 15.5, 13.5], "texture": "#0"}
			}
		},
		{
			"name": "iron_sword_96",
			"from": [3, 2.25, 6.2],
			"to": [3.25, 3.25, 6.45],
			"rotation": {"angle": 0, "axis": "y", "origin": [0, 0, 6]},
			"faces": {
				"north": {"uv": [3.25, 12.75, 3, 13.75], "texture": "#0"},
				"east": {"uv": [3, 12.75, 3.25, 13.75], "texture": "#0"},
				"south": {"uv": [3, 12.75, 3.25, 13.75], "texture": "#0"},
				"west": {"uv": [3, 12.75, 3.25, 13.75], "texture": "#0"},
				"up": {"uv": [3, 12.75, 3.25, 13], "texture": "#0"},
				"down": {"uv": [3, 13.5, 3.25, 13.75], "texture": "#0"}
			}
		},
		{
			"name": "iron_sword_97",
			"from": [2.75, 2, 6.2],
			"to": [3, 3, 6.45],
			"rotation": {"angle": 0, "axis": "y", "origin": [0, 0, 6]},
			"faces": {
				"north": {"uv": [3, 13, 2.75, 14], "texture": "#0"},
				"east": {"uv": [2.75, 13, 3, 14], "texture": "#0"},
				"south": {"uv": [2.75, 13, 3, 14], "texture": "#0"},
				"west": {"uv": [2.75, 13, 3, 14], "texture": "#0"},
				"up": {"uv": [2.75, 13, 3, 13.25], "texture": "#0"},
				"down": {"uv": [2.75, 13.75, 3, 14], "texture": "#0"}
			}
		},
		{
			"name": "iron_sword_98",
			"from": [2.5, 1.75, 6.2],
			"to": [2.75, 2.75, 6.45],
			"rotation": {"angle": 0, "axis": "y", "origin": [0, 0, 6]},
			"faces": {
				"north": {"uv": [2.75, 13.25, 2.5, 14.25], "texture": "#0"},
				"east": {"uv": [2.5, 13.25, 2.75, 14.25], "texture": "#0"},
				"south": {"uv": [2.5, 13.25, 2.75, 14.25], "texture": "#0"},
				"west": {"uv": [2.5, 13.25, 2.75, 14.25], "texture": "#0"},
				"up": {"uv": [2.5, 13.25, 2.75, 13.5], "texture": "#0"},
				"down": {"uv": [2.5, 14, 2.75, 14.25], "texture": "#0"}
			}
		},
		{
			"name": "iron_sword_99",
			"from": [2.25, 1.5, 6.2],
			"to": [2.5, 2.5, 6.45],
			"rotation": {"angle": 0, "axis": "y", "origin": [0, 0, 6]},
			"faces": {
				"north": {"uv": [2.5, 13.5, 2.25, 14.5], "texture": "#0"},
				"east": {"uv": [2.25, 13.5, 2.5, 14.5], "texture": "#0"},
				"south": {"uv": [2.25, 13.5, 2.5, 14.5], "texture": "#0"},
				"west": {"uv": [2.25, 13.5, 2.5, 14.5], "texture": "#0"},
				"up": {"uv": [2.25, 13.5, 2.5, 13.75], "texture": "#0"},
				"down": {"uv": [2.25, 14.25, 2.5, 14.5], "texture": "#0"}
			}
		},
		{
			"name": "iron_sword_100",
			"from": [2, 1.25, 6.2],
			"to": [2.25, 2.25, 6.45],
			"rotation": {"angle": 0, "axis": "y", "origin": [0, 0, 6]},
			"faces": {
				"north": {"uv": [2.25, 13.75, 2, 14.75], "texture": "#0"},
				"east": {"uv": [2, 13.75, 2.25, 14.75], "texture": "#0"},
				"south": {"uv": [2, 13.75, 2.25, 14.75], "texture": "#0"},
				"west": {"uv": [2, 13.75, 2.25, 14.75], "texture": "#0"},
				"up": {"uv": [2, 13.75, 2.25, 14], "texture": "#0"},
				"down": {"uv": [2, 14.5, 2.25, 14.75], "texture": "#0"}
			}
		},
		{
			"name": "iron_sword_101",
			"from": [1.75, 1, 6.2],
			"to": [2, 2, 6.45],
			"rotation": {"angle": 0, "axis": "y", "origin": [0, 0, 6]},
			"faces": {
				"north": {"uv": [2, 14, 1.75, 15], "texture": "#0"},
				"east": {"uv": [1.75, 14, 2, 15], "texture": "#0"},
				"south": {"uv": [1.75, 14, 2, 15], "texture": "#0"},
				"west": {"uv": [1.75, 14, 2, 15], "texture": "#0"},
				"up": {"uv": [1.75, 14, 2, 14.25], "texture": "#0"},
				"down": {"uv": [1.75, 14.75, 2, 15], "texture": "#0"}
			}
		},
		{
			"name": "iron_sword_102",
			"from": [1.5, 0.75, 6.2],
			"to": [1.75, 1.75, 6.45],
			"rotation": {"angle": 0, "axis": "y", "origin": [0, 0, 6]},
			"faces": {
				"north": {"uv": [1.75, 14.25, 1.5, 15.25], "texture": "#0"},
				"east": {"uv": [1.5, 14.25, 1.75, 15.25], "texture": "#0"},
				"south": {"uv": [1.5, 14.25, 1.75, 15.25], "texture": "#0"},
				"west": {"uv": [1.5, 14.25, 1.75, 15.25], "texture": "#0"},
				"up": {"uv": [1.5, 14.25, 1.75, 14.5], "texture": "#0"},
				"down": {"uv": [1.5, 15, 1.75, 15.25], "texture": "#0"}
			}
		},
		{
			"name": "iron_sword_103",
			"from": [1.25, 0.5, 6.2],
			"to": [1.5, 1.5, 6.45],
			"rotation": {"angle": 0, "axis": "y", "origin": [0, 0, 6]},
			"faces": {
				"north": {"uv": [1.5, 14.5, 1.25, 15.5], "texture": "#0"},
				"east": {"uv": [1.25, 14.5, 1.5, 15.5], "texture": "#0"},
				"south": {"uv": [1.25, 14.5, 1.5, 15.5], "texture": "#0"},
				"west": {"uv": [1.25, 14.5, 1.5, 15.5], "texture": "#0"},
				"up": {"uv": [1.25, 14.5, 1.5, 14.75], "texture": "#0"},
				"down": {"uv": [1.25, 15.25, 1.5, 15.5], "texture": "#0"}
			}
		},
		{
			"name": "iron_sword_104",
			"from": [1, 0.25, 6.2],
			"to": [1.25, 1.25, 6.45],
			"rotation": {"angle": 0, "axis": "y", "origin": [0, 0, 6]},
			"faces": {
				"north": {"uv": [1.25, 14.75, 1, 15.75], "texture": "#0"},
				"east": {"uv": [1, 14.75, 1.25, 15.75], "texture": "#0"},
				"south": {"uv": [1, 14.75, 1.25, 15.75], "texture": "#0"},
				"west": {"uv": [1, 14.75, 1.25, 15.75], "texture": "#0"},
				"up": {"uv": [1, 14.75, 1.25, 15], "texture": "#0"},
				"down": {"uv": [1, 15.5, 1.25, 15.75], "texture": "#0"}
			}
		},
		{
			"name": "iron_sword_105",
			"from": [0.75, 0.25, 6.2],
			"to": [1, 1, 6.45],
			"rotation": {"angle": 0, "axis": "y", "origin": [0, 0, 6]},
			"faces": {
				"north": {"uv": [1, 15, 0.75, 15.75], "texture": "#0"},
				"east": {"uv": [0.75, 15, 1, 15.75], "texture": "#0"},
				"south": {"uv": [0.75, 15, 1, 15.75], "texture": "#0"},
				"west": {"uv": [0.75, 15, 1, 15.75], "texture": "#0"},
				"up": {"uv": [0.75, 15, 1, 15.25], "texture": "#0"},
				"down": {"uv": [0.75, 15.5, 1, 15.75], "texture": "#0"}
			}
		}
	],
	"display": {
		"thirdperson_righthand": {
			"rotation": [15, 90, 48],
			"translation": [3.5, 9.5, 4.75],
			"scale": [2.2, 2.2, 2.2]
		},
		"firstperson_righthand": {
			"rotation": [0, 90, 20],
			"translation": [6, 1.75, -1.5],
			"scale": [2, 2, 2]
		},
		"gui": {
			"scale": [2, 2, 2]
		}
	},
	"groups": [
		{
			"name": "iron_sword",
			"origin": [8, 8, 8],
			"color": 0,
			"children": [
				0,
				1,
				2,
				3,
				4,
				5,
				6,
				7,
				8,
				9,
				10,
				11,
				12,
				13,
				14,
				15,
				16,
				17,
				18,
				19,
				20,
				21,
				22,
				23,
				24,
				25,
				26,
				27,
				28,
				29,
				30,
				31,
				32,
				33,
				34,
				35,
				36,
				37,
				38,
				39,
				40,
				41,
				42,
				43,
				44,
				45,
				46,
				47,
				48,
				49,
				50,
				51,
				52,
				53,
				54,
				55,
				56,
				57,
				58,
				59,
				60,
				61,
				62,
				63,
				64,
				65,
				66,
				67,
				68,
				69,
				70,
				71,
				72,
				73,
				74,
				75,
				76,
				77,
				78,
				79,
				80,
				81,
				82,
				83,
				84,
				85,
				86,
				87,
				88,
				89,
				90,
				91,
				92,
				93,
				94,
				95,
				96,
				97,
				98,
				99,
				100,
				101,
				102,
				103,
				104,
				105
			]
		}
	]
}