{
	"credit": "Made with Blockbench",
	"textures": {
		"0": "item/syu",
		"particle": "item/syu"
	},
	"elements": [
		{
			"name": "9815d71be1f25ac028664fc5c20be621_0",
			"from": [7.46667, 13.51111, 0],
			"to": [8.53333, 15.11111, 0.27778],
			"faces": {
				"north": {"uv": [8.53333, 0.88889, 7.46667, 2.48889], "texture": "#0"},
				"east": {"uv": [8.35556, 0.88889, 8.53333, 2.48889], "texture": "#0"},
				"south": {"uv": [7.46667, 0.88889, 8.53333, 2.48889], "texture": "#0"},
				"west": {"uv": [7.46667, 0.88889, 7.64444, 2.48889], "texture": "#0"},
				"up": {"uv": [7.46667, 0.88889, 8.53333, 1.06667], "texture": "#0"},
				"down": {"uv": [7.46667, 2.31111, 8.53333, 2.48889], "texture": "#0"}
			}
		},
		{
			"name": "9815d71be1f25ac028664fc5c20be621_1",
			"from": [6.93333, 13.51111, 0],
			"to": [7.46667, 14.93333, 0.27778],
			"faces": {
				"north": {"uv": [7.46667, 1.06667, 6.93333, 2.48889], "texture": "#0"},
				"east": {"uv": [7.28889, 1.06667, 7.46667, 2.48889], "texture": "#0"},
				"south": {"uv": [6.93333, 1.06667, 7.46667, 2.48889], "texture": "#0"},
				"west": {"uv": [6.93333, 1.06667, 7.11111, 2.48889], "texture": "#0"},
				"up": {"uv": [6.93333, 1.06667, 7.46667, 1.24444], "texture": "#0"},
				"down": {"uv": [6.93333, 2.31111, 7.46667, 2.48889], "texture": "#0"}
			}
		},
		{
			"name": "9815d71be1f25ac028664fc5c20be621_2",
			"from": [8.53333, 6.93333, 0],
			"to": [8.71111, 14.93333, 0.27778],
			"faces": {
				"north": {"uv": [8.71111, 1.06667, 8.53333, 9.06667], "texture": "#0"},
				"east": {"uv": [8.53333, 1.06667, 8.71111, 9.06667], "texture": "#0"},
				"south": {"uv": [8.53333, 1.06667, 8.71111, 9.06667], "texture": "#0"},
				"west": {"uv": [8.53333, 1.06667, 8.71111, 9.06667], "texture": "#0"},
				"up": {"uv": [8.53333, 1.06667, 8.71111, 1.24444], "texture": "#0"},
				"down": {"uv": [8.53333, 8.88889, 8.71111, 9.06667], "texture": "#0"}
			}
		},
		{
			"name": "9815d71be1f25ac028664fc5c20be621_3",
			"from": [6.75556, 13.51111, 0],
			"to": [6.93333, 14.75556, 0.27778],
			"faces": {
				"north": {"uv": [6.93333, 1.24444, 6.75556, 2.48889], "texture": "#0"},
				"east": {"uv": [6.75556, 1.24444, 6.93333, 2.48889], "texture": "#0"},
				"south": {"uv": [6.75556, 1.24444, 6.93333, 2.48889], "texture": "#0"},
				"west": {"uv": [6.75556, 1.24444, 6.93333, 2.48889], "texture": "#0"},
				"up": {"uv": [6.75556, 1.24444, 6.93333, 1.42222], "texture": "#0"},
				"down": {"uv": [6.75556, 2.31111, 6.93333, 2.48889], "texture": "#0"}
			}
		},
		{
			"name": "9815d71be1f25ac028664fc5c20be621_4",
			"from": [8.71111, 7.11111, 0],
			"to": [8.88889, 14.75556, 0.27778],
			"faces": {
				"north": {"uv": [8.88889, 1.24444, 8.71111, 8.88889], "texture": "#0"},
				"east": {"uv": [8.71111, 1.24444, 8.88889, 8.88889], "texture": "#0"},
				"south": {"uv": [8.71111, 1.24444, 8.88889, 8.88889], "texture": "#0"},
				"west": {"uv": [8.71111, 1.24444, 8.88889, 8.88889], "texture": "#0"},
				"up": {"uv": [8.71111, 1.24444, 8.88889, 1.42222], "texture": "#0"},
				"down": {"uv": [8.71111, 8.71111, 8.88889, 8.88889], "texture": "#0"}
			}
		},
		{
			"name": "9815d71be1f25ac028664fc5c20be621_5",
			"from": [6.57778, 13.68889, 0],
			"to": [6.75556, 14.57778, 0.27778],
			"faces": {
				"north": {"uv": [6.75556, 1.42222, 6.57778, 2.31111], "texture": "#0"},
				"east": {"uv": [6.57778, 1.42222, 6.75556, 2.31111], "texture": "#0"},
				"south": {"uv": [6.57778, 1.42222, 6.75556, 2.31111], "texture": "#0"},
				"west": {"uv": [6.57778, 1.42222, 6.75556, 2.31111], "texture": "#0"},
				"up": {"uv": [6.57778, 1.42222, 6.75556, 1.6], "texture": "#0"},
				"down": {"uv": [6.57778, 2.13333, 6.75556, 2.31111], "texture": "#0"}
			}
		},
		{
			"name": "9815d71be1f25ac028664fc5c20be621_6",
			"from": [8.88889, 9.6, 0],
			"to": [9.06667, 14.57778, 0.27778],
			"faces": {
				"north": {"uv": [9.06667, 1.42222, 8.88889, 6.4], "texture": "#0"},
				"east": {"uv": [8.88889, 1.42222, 9.06667, 6.4], "texture": "#0"},
				"south": {"uv": [8.88889, 1.42222, 9.06667, 6.4], "texture": "#0"},
				"west": {"uv": [8.88889, 1.42222, 9.06667, 6.4], "texture": "#0"},
				"up": {"uv": [8.88889, 1.42222, 9.06667, 1.6], "texture": "#0"},
				"down": {"uv": [8.88889, 6.22222, 9.06667, 6.4], "texture": "#0"}
			}
		},
		{
			"name": "9815d71be1f25ac028664fc5c20be621_7",
			"from": [6.4, 13.68889, 0],
			"to": [6.57778, 14.4, 0.27778],
			"faces": {
				"north": {"uv": [6.57778, 1.6, 6.4, 2.31111], "texture": "#0"},
				"east": {"uv": [6.4, 1.6, 6.57778, 2.31111], "texture": "#0"},
				"south": {"uv": [6.4, 1.6, 6.57778, 2.31111], "texture": "#0"},
				"west": {"uv": [6.4, 1.6, 6.57778, 2.31111], "texture": "#0"},
				"up": {"uv": [6.4, 1.6, 6.57778, 1.77778], "texture": "#0"},
				"down": {"uv": [6.4, 2.13333, 6.57778, 2.31111], "texture": "#0"}
			}
		},
		{
			"name": "9815d71be1f25ac028664fc5c20be621_8",
			"from": [6.22222, 13.86667, 0],
			"to": [6.4, 14.22222, 0.27778],
			"faces": {
				"north": {"uv": [6.4, 1.77778, 6.22222, 2.13333], "texture": "#0"},
				"east": {"uv": [6.22222, 1.77778, 6.4, 2.13333], "texture": "#0"},
				"south": {"uv": [6.22222, 1.77778, 6.4, 2.13333], "texture": "#0"},
				"west": {"uv": [6.22222, 1.77778, 6.4, 2.13333], "texture": "#0"},
				"up": {"uv": [6.22222, 1.77778, 6.4, 1.95556], "texture": "#0"},
				"down": {"uv": [6.22222, 1.95556, 6.4, 2.13333], "texture": "#0"}
			}
		},
		{
			"name": "9815d71be1f25ac028664fc5c20be621_9",
			"from": [6.93333, 13.33333, 0],
			"to": [7.28889, 13.51111, 0.27778],
			"faces": {
				"north": {"uv": [7.28889, 2.48889, 6.93333, 2.66667], "texture": "#0"},
				"east": {"uv": [7.11111, 2.48889, 7.28889, 2.66667], "texture": "#0"},
				"south": {"uv": [6.93333, 2.48889, 7.28889, 2.66667], "texture": "#0"},
				"west": {"uv": [6.93333, 2.48889, 7.11111, 2.66667], "texture": "#0"},
				"up": {"uv": [6.93333, 2.48889, 7.28889, 2.66667], "texture": "#0"},
				"down": {"uv": [6.93333, 2.48889, 7.28889, 2.66667], "texture": "#0"}
			}
		},
		{
			"name": "9815d71be1f25ac028664fc5c20be621_10",
			"from": [7.64444, 13.33333, 0],
			"to": [8.53333, 13.51111, 0.27778],
			"faces": {
				"north": {"uv": [8.53333, 2.48889, 7.64444, 2.66667], "texture": "#0"},
				"east": {"uv": [8.35556, 2.48889, 8.53333, 2.66667], "texture": "#0"},
				"south": {"uv": [7.64444, 2.48889, 8.53333, 2.66667], "texture": "#0"},
				"west": {"uv": [7.64444, 2.48889, 7.82222, 2.66667], "texture": "#0"},
				"up": {"uv": [7.64444, 2.48889, 8.53333, 2.66667], "texture": "#0"},
				"down": {"uv": [7.64444, 2.48889, 8.53333, 2.66667], "texture": "#0"}
			}
		},
		{
			"name": "9815d71be1f25ac028664fc5c20be621_11",
			"from": [8, 7.11111, 0],
			"to": [8.53333, 13.33333, 0.27778],
			"faces": {
				"north": {"uv": [8.53333, 2.66667, 8, 8.88889], "texture": "#0"},
				"east": {"uv": [8.35556, 2.66667, 8.53333, 8.88889], "texture": "#0"},
				"south": {"uv": [8, 2.66667, 8.53333, 8.88889], "texture": "#0"},
				"west": {"uv": [8, 2.66667, 8.17778, 8.88889], "texture": "#0"},
				"up": {"uv": [8, 2.66667, 8.53333, 2.84444], "texture": "#0"},
				"down": {"uv": [8, 8.71111, 8.53333, 8.88889], "texture": "#0"}
			}
		},
		{
			"name": "9815d71be1f25ac028664fc5c20be621_12",
			"from": [7.46667, 0.35556, 0],
			"to": [7.82222, 13.15556, 0.27778],
			"faces": {
				"north": {"uv": [7.82222, 2.84444, 7.46667, 15.64444], "texture": "#0"},
				"east": {"uv": [7.64444, 2.84444, 7.82222, 15.64444], "texture": "#0"},
				"south": {"uv": [7.46667, 2.84444, 7.82222, 15.64444], "texture": "#0"},
				"west": {"uv": [7.46667, 2.84444, 7.64444, 15.64444], "texture": "#0"},
				"up": {"uv": [7.46667, 2.84444, 7.82222, 3.02222], "texture": "#0"},
				"down": {"uv": [7.46667, 15.46667, 7.82222, 15.64444], "texture": "#0"}
			}
		},
		{
			"name": "9815d71be1f25ac028664fc5c20be621_13",
			"from": [6.93333, 2.48889, 0],
			"to": [7.46667, 12.97778, 0.27778],
			"faces": {
				"north": {"uv": [7.46667, 3.02222, 6.93333, 13.51111], "texture": "#0"},
				"east": {"uv": [7.28889, 3.02222, 7.46667, 13.51111], "texture": "#0"},
				"south": {"uv": [6.93333, 3.02222, 7.46667, 13.51111], "texture": "#0"},
				"west": {"uv": [6.93333, 3.02222, 7.11111, 13.51111], "texture": "#0"},
				"up": {"uv": [6.93333, 3.02222, 7.46667, 3.2], "texture": "#0"},
				"down": {"uv": [6.93333, 13.33333, 7.46667, 13.51111], "texture": "#0"}
			}
		},
		{
			"name": "9815d71be1f25ac028664fc5c20be621_14",
			"from": [7.82222, 8.71111, 0],
			"to": [8, 12.97778, 0.27778],
			"faces": {
				"north": {"uv": [8, 3.02222, 7.82222, 7.28889], "texture": "#0"},
				"east": {"uv": [7.82222, 3.02222, 8, 7.28889], "texture": "#0"},
				"south": {"uv": [7.82222, 3.02222, 8, 7.28889], "texture": "#0"},
				"west": {"uv": [7.82222, 3.02222, 8, 7.28889], "texture": "#0"},
				"up": {"uv": [7.82222, 3.02222, 8, 3.2], "texture": "#0"},
				"down": {"uv": [7.82222, 7.11111, 8, 7.28889], "texture": "#0"}
			}
		},
		{
			"name": "9815d71be1f25ac028664fc5c20be621_15",
			"from": [6.75556, 10.48889, 0],
			"to": [6.93333, 12.8, 0.27778],
			"faces": {
				"north": {"uv": [6.93333, 3.2, 6.75556, 5.51111], "texture": "#0"},
				"east": {"uv": [6.75556, 3.2, 6.93333, 5.51111], "texture": "#0"},
				"south": {"uv": [6.75556, 3.2, 6.93333, 5.51111], "texture": "#0"},
				"west": {"uv": [6.75556, 3.2, 6.93333, 5.51111], "texture": "#0"},
				"up": {"uv": [6.75556, 3.2, 6.93333, 3.37778], "texture": "#0"},
				"down": {"uv": [6.75556, 5.33333, 6.93333, 5.51111], "texture": "#0"}
			}
		},
		{
			"name": "9815d71be1f25ac028664fc5c20be621_16",
			"from": [9.06667, 9.6, 0],
			"to": [9.24444, 12.8, 0.27778],
			"faces": {
				"north": {"uv": [9.24444, 3.2, 9.06667, 6.4], "texture": "#0"},
				"east": {"uv": [9.06667, 3.2, 9.24444, 6.4], "texture": "#0"},
				"south": {"uv": [9.06667, 3.2, 9.24444, 6.4], "texture": "#0"},
				"west": {"uv": [9.06667, 3.2, 9.24444, 6.4], "texture": "#0"},
				"up": {"uv": [9.06667, 3.2, 9.24444, 3.37778], "texture": "#0"},
				"down": {"uv": [9.06667, 6.22222, 9.24444, 6.4], "texture": "#0"}
			}
		},
		{
			"name": "9815d71be1f25ac028664fc5c20be621_17",
			"from": [9.6, 11.91111, 0],
			"to": [10.13333, 12.62222, 0.27778],
			"faces": {
				"north": {"uv": [10.13333, 3.37778, 9.6, 4.08889], "texture": "#0"},
				"east": {"uv": [9.95556, 3.37778, 10.13333, 4.08889], "texture": "#0"},
				"south": {"uv": [9.6, 3.37778, 10.13333, 4.08889], "texture": "#0"},
				"west": {"uv": [9.6, 3.37778, 9.77778, 4.08889], "texture": "#0"},
				"up": {"uv": [9.6, 3.37778, 10.13333, 3.55556], "texture": "#0"},
				"down": {"uv": [9.6, 3.91111, 10.13333, 4.08889], "texture": "#0"}
			}
		},
		{
			"name": "9815d71be1f25ac028664fc5c20be621_18",
			"from": [9.24444, 10.13333, 0],
			"to": [9.42222, 12.44444, 0.27778],
			"faces": {
				"north": {"uv": [9.42222, 3.55556, 9.24444, 5.86667], "texture": "#0"},
				"east": {"uv": [9.24444, 3.55556, 9.42222, 5.86667], "texture": "#0"},
				"south": {"uv": [9.24444, 3.55556, 9.42222, 5.86667], "texture": "#0"},
				"west": {"uv": [9.24444, 3.55556, 9.42222, 5.86667], "texture": "#0"},
				"up": {"uv": [9.24444, 3.55556, 9.42222, 3.73333], "texture": "#0"},
				"down": {"uv": [9.24444, 5.68889, 9.42222, 5.86667], "texture": "#0"}
			}
		},
		{
			"name": "9815d71be1f25ac028664fc5c20be621_19",
			"from": [9.42222, 10.13333, 0],
			"to": [9.6, 12.26667, 0.27778],
			"faces": {
				"north": {"uv": [9.6, 3.73333, 9.42222, 5.86667], "texture": "#0"},
				"east": {"uv": [9.42222, 3.73333, 9.6, 5.86667], "texture": "#0"},
				"south": {"uv": [9.42222, 3.73333, 9.6, 5.86667], "texture": "#0"},
				"west": {"uv": [9.42222, 3.73333, 9.6, 5.86667], "texture": "#0"},
				"up": {"uv": [9.42222, 3.73333, 9.6, 3.91111], "texture": "#0"},
				"down": {"uv": [9.42222, 5.68889, 9.6, 5.86667], "texture": "#0"}
			}
		},
		{
			"name": "9815d71be1f25ac028664fc5c20be621_20",
			"from": [9.6, 11.73333, 0],
			"to": [9.95556, 11.91111, 0.27778],
			"faces": {
				"north": {"uv": [9.95556, 4.08889, 9.6, 4.26667], "texture": "#0"},
				"east": {"uv": [9.77778, 4.08889, 9.95556, 4.26667], "texture": "#0"},
				"south": {"uv": [9.6, 4.08889, 9.95556, 4.26667], "texture": "#0"},
				"west": {"uv": [9.6, 4.08889, 9.77778, 4.26667], "texture": "#0"},
				"up": {"uv": [9.6, 4.08889, 9.95556, 4.26667], "texture": "#0"},
				"down": {"uv": [9.6, 4.08889, 9.95556, 4.26667], "texture": "#0"}
			}
		},
		{
			"name": "9815d71be1f25ac028664fc5c20be621_21",
			"from": [9.6, 10.48889, 0],
			"to": [9.77778, 11.73333, 0.27778],
			"faces": {
				"north": {"uv": [9.77778, 4.26667, 9.6, 5.51111], "texture": "#0"},
				"east": {"uv": [9.6, 4.26667, 9.77778, 5.51111], "texture": "#0"},
				"south": {"uv": [9.6, 4.26667, 9.77778, 5.51111], "texture": "#0"},
				"west": {"uv": [9.6, 4.26667, 9.77778, 5.51111], "texture": "#0"},
				"up": {"uv": [9.6, 4.26667, 9.77778, 4.44444], "texture": "#0"},
				"down": {"uv": [9.6, 5.33333, 9.77778, 5.51111], "texture": "#0"}
			}
		},
		{
			"name": "9815d71be1f25ac028664fc5c20be621_22",
			"from": [9.77778, 11.02222, 0],
			"to": [10.13333, 11.55556, 0.27778],
			"faces": {
				"north": {"uv": [10.13333, 4.44444, 9.77778, 4.97778], "texture": "#0"},
				"east": {"uv": [9.95556, 4.44444, 10.13333, 4.97778], "texture": "#0"},
				"south": {"uv": [9.77778, 4.44444, 10.13333, 4.97778], "texture": "#0"},
				"west": {"uv": [9.77778, 4.44444, 9.95556, 4.97778], "texture": "#0"},
				"up": {"uv": [9.77778, 4.44444, 10.13333, 4.62222], "texture": "#0"},
				"down": {"uv": [9.77778, 4.8, 10.13333, 4.97778], "texture": "#0"}
			}
		},
		{
			"name": "9815d71be1f25ac028664fc5c20be621_23",
			"from": [9.77778, 10.84444, 0],
			"to": [9.95556, 11.02222, 0.27778],
			"faces": {
				"north": {"uv": [9.95556, 4.97778, 9.77778, 5.15556], "texture": "#0"},
				"east": {"uv": [9.77778, 4.97778, 9.95556, 5.15556], "texture": "#0"},
				"south": {"uv": [9.77778, 4.97778, 9.95556, 5.15556], "texture": "#0"},
				"west": {"uv": [9.77778, 4.97778, 9.95556, 5.15556], "texture": "#0"},
				"up": {"uv": [9.77778, 4.97778, 9.95556, 5.15556], "texture": "#0"},
				"down": {"uv": [9.77778, 4.97778, 9.95556, 5.15556], "texture": "#0"}
			}
		},
		{
			"name": "9815d71be1f25ac028664fc5c20be621_24",
			"from": [6.57778, 9.24444, 0],
			"to": [6.93333, 9.95556, 0.27778],
			"faces": {
				"north": {"uv": [6.93333, 6.04444, 6.57778, 6.75556], "texture": "#0"},
				"east": {"uv": [6.75556, 6.04444, 6.93333, 6.75556], "texture": "#0"},
				"south": {"uv": [6.57778, 6.04444, 6.93333, 6.75556], "texture": "#0"},
				"west": {"uv": [6.57778, 6.04444, 6.75556, 6.75556], "texture": "#0"},
				"up": {"uv": [6.57778, 6.04444, 6.93333, 6.22222], "texture": "#0"},
				"down": {"uv": [6.57778, 6.57778, 6.93333, 6.75556], "texture": "#0"}
			}
		},
		{
			"name": "9815d71be1f25ac028664fc5c20be621_25",
			"from": [8.17778, 6.93333, 0],
			"to": [8.53333, 7.11111, 0.27778],
			"faces": {
				"north": {"uv": [8.53333, 8.88889, 8.17778, 9.06667], "texture": "#0"},
				"east": {"uv": [8.35556, 8.88889, 8.53333, 9.06667], "texture": "#0"},
				"south": {"uv": [8.17778, 8.88889, 8.53333, 9.06667], "texture": "#0"},
				"west": {"uv": [8.17778, 8.88889, 8.35556, 9.06667], "texture": "#0"},
				"up": {"uv": [8.17778, 8.88889, 8.53333, 9.06667], "texture": "#0"},
				"down": {"uv": [8.17778, 8.88889, 8.53333, 9.06667], "texture": "#0"}
			}
		},
		{
			"name": "9815d71be1f25ac028664fc5c20be621_26",
			"from": [6.75556, 5.33333, 0],
			"to": [6.93333, 6.22222, 0.27778],
			"faces": {
				"north": {"uv": [6.93333, 9.77778, 6.75556, 10.66667], "texture": "#0"},
				"east": {"uv": [6.75556, 9.77778, 6.93333, 10.66667], "texture": "#0"},
				"south": {"uv": [6.75556, 9.77778, 6.93333, 10.66667], "texture": "#0"},
				"west": {"uv": [6.75556, 9.77778, 6.93333, 10.66667], "texture": "#0"},
				"up": {"uv": [6.75556, 9.77778, 6.93333, 9.95556], "texture": "#0"},
				"down": {"uv": [6.75556, 10.48889, 6.93333, 10.66667], "texture": "#0"}
			}
		},
		{
			"name": "9815d71be1f25ac028664fc5c20be621_27",
			"from": [7.82222, 5.33333, 0],
			"to": [8, 6.22222, 0.27778],
			"faces": {
				"north": {"uv": [8, 9.77778, 7.82222, 10.66667], "texture": "#0"},
				"east": {"uv": [7.82222, 9.77778, 8, 10.66667], "texture": "#0"},
				"south": {"uv": [7.82222, 9.77778, 8, 10.66667], "texture": "#0"},
				"west": {"uv": [7.82222, 9.77778, 8, 10.66667], "texture": "#0"},
				"up": {"uv": [7.82222, 9.77778, 8, 9.95556], "texture": "#0"},
				"down": {"uv": [7.82222, 10.48889, 8, 10.66667], "texture": "#0"}
			}
		},
		{
			"name": "9815d71be1f25ac028664fc5c20be621_28",
			"from": [6.57778, 5.51111, 0],
			"to": [6.75556, 6.04444, 0.27778],
			"faces": {
				"north": {"uv": [6.75556, 9.95556, 6.57778, 10.48889], "texture": "#0"},
				"east": {"uv": [6.57778, 9.95556, 6.75556, 10.48889], "texture": "#0"},
				"south": {"uv": [6.57778, 9.95556, 6.75556, 10.48889], "texture": "#0"},
				"west": {"uv": [6.57778, 9.95556, 6.75556, 10.48889], "texture": "#0"},
				"up": {"uv": [6.57778, 9.95556, 6.75556, 10.13333], "texture": "#0"},
				"down": {"uv": [6.57778, 10.31111, 6.75556, 10.48889], "texture": "#0"}
			}
		},
		{
			"name": "9815d71be1f25ac028664fc5c20be621_29",
			"from": [8, 5.51111, 0],
			"to": [8.17778, 6.04444, 0.27778],
			"faces": {
				"north": {"uv": [8.17778, 9.95556, 8, 10.48889], "texture": "#0"},
				"east": {"uv": [8, 9.95556, 8.17778, 10.48889], "texture": "#0"},
				"south": {"uv": [8, 9.95556, 8.17778, 10.48889], "texture": "#0"},
				"west": {"uv": [8, 9.95556, 8.17778, 10.48889], "texture": "#0"},
				"up": {"uv": [8, 9.95556, 8.17778, 10.13333], "texture": "#0"},
				"down": {"uv": [8, 10.31111, 8.17778, 10.48889], "texture": "#0"}
			}
		},
		{
			"name": "9815d71be1f25ac028664fc5c20be621_30",
			"from": [7.11111, 0.35556, 0],
			"to": [7.46667, 2.48889, 0.27778],
			"faces": {
				"north": {"uv": [7.46667, 13.51111, 7.11111, 15.64444], "texture": "#0"},
				"east": {"uv": [7.28889, 13.51111, 7.46667, 15.64444], "texture": "#0"},
				"south": {"uv": [7.11111, 13.51111, 7.46667, 15.64444], "texture": "#0"},
				"west": {"uv": [7.11111, 13.51111, 7.28889, 15.64444], "texture": "#0"},
				"up": {"uv": [7.11111, 13.51111, 7.46667, 13.68889], "texture": "#0"},
				"down": {"uv": [7.11111, 15.46667, 7.46667, 15.64444], "texture": "#0"}
			}
		},
		{
			"name": "9815d71be1f25ac028664fc5c20be621_31",
			"from": [6.93333, 0.53333, 0],
			"to": [7.11111, 1.06667, 0.27778],
			"faces": {
				"north": {"uv": [7.11111, 14.93333, 6.93333, 15.46667], "texture": "#0"},
				"east": {"uv": [6.93333, 14.93333, 7.11111, 15.46667], "texture": "#0"},
				"south": {"uv": [6.93333, 14.93333, 7.11111, 15.46667], "texture": "#0"},
				"west": {"uv": [6.93333, 14.93333, 7.11111, 15.46667], "texture": "#0"},
				"up": {"uv": [6.93333, 14.93333, 7.11111, 15.11111], "texture": "#0"},
				"down": {"uv": [6.93333, 15.28889, 7.11111, 15.46667], "texture": "#0"}
			}
		},
		{
			"name": "9815d71be1f25ac028664fc5c20be621_32",
			"from": [7.82222, 0.53333, 0],
			"to": [8, 1.06667, 0.27778],
			"faces": {
				"north": {"uv": [8, 14.93333, 7.82222, 15.46667], "texture": "#0"},
				"east": {"uv": [7.82222, 14.93333, 8, 15.46667], "texture": "#0"},
				"south": {"uv": [7.82222, 14.93333, 8, 15.46667], "texture": "#0"},
				"west": {"uv": [7.82222, 14.93333, 8, 15.46667], "texture": "#0"},
				"up": {"uv": [7.82222, 14.93333, 8, 15.11111], "texture": "#0"},
				"down": {"uv": [7.82222, 15.28889, 8, 15.46667], "texture": "#0"}
			}
		}
	],
	"display": {
		"thirdperson_righthand": {
			"rotation": [0, -90, 0],
			"translation": [-13.5, 7.25, 1.5],
			"scale": [1.7, 1.7, 1.7]
		},
		"firstperson_righthand": {
			"rotation": [0, -90, 0],
			"translation": [-9, 4, -0.75],
			"scale": [1.5, 1.5, 1.5]
		},
		"gui": {
			"scale": [1.5, 1.5, 1.5]
		}
	},
	"groups": [
		{
			"name": "9815d71be1f25ac028664fc5c20be621",
			"origin": [8, 8, 8],
			"color": 0,
			"children": [0, 1, 2, 3, 4, 5, 6, 7, 8, 9, 10, 11, 12, 13, 14, 15, 16, 17, 18, 19, 20, 21, 22, 23, 24, 25, 26, 27, 28, 29, 30, 31, 32]
		}
	]
}