{
	"credit": "Made with Blockbench",
	"textures": {
		"0": "item/warpaxe",
		"particle": "item/warpaxe"
	},
	"elements": [
		{
			"name": "b07f0d69bcfc8a74d8e1779678766ced_0",
			"from": [11.6, 6.2, 0],
			"to": [12.2, 11.6, 0.25],
			"faces": {
				"north": {"uv": [12.2, 4.4, 11.6, 9.8], "texture": "#0"},
				"east": {"uv": [12, 4.4, 12.2, 9.8], "texture": "#0"},
				"south": {"uv": [11.6, 4.4, 12.2, 9.8], "texture": "#0"},
				"west": {"uv": [11.6, 4.4, 11.8, 9.8], "texture": "#0"},
				"up": {"uv": [11.6, 4.4, 12.2, 4.6], "texture": "#0"},
				"down": {"uv": [11.6, 9.6, 12.2, 9.8], "texture": "#0"}
			}
		},
		{
			"name": "b07f0d69bcfc8a74d8e1779678766ced_1",
			"from": [11.4, 6, 0],
			"to": [11.6, 11.4, 0.25],
			"faces": {
				"north": {"uv": [11.6, 4.6, 11.4, 10], "texture": "#0"},
				"east": {"uv": [11.4, 4.6, 11.6, 10], "texture": "#0"},
				"south": {"uv": [11.4, 4.6, 11.6, 10], "texture": "#0"},
				"west": {"uv": [11.4, 4.6, 11.6, 10], "texture": "#0"},
				"up": {"uv": [11.4, 4.6, 11.6, 4.8], "texture": "#0"},
				"down": {"uv": [11.4, 9.8, 11.6, 10], "texture": "#0"}
			}
		},
		{
			"name": "b07f0d69bcfc8a74d8e1779678766ced_2",
			"from": [12.2, 6.2, 0],
			"to": [12.4, 11.4, 0.25],
			"faces": {
				"north": {"uv": [12.4, 4.6, 12.2, 9.8], "texture": "#0"},
				"east": {"uv": [12.2, 4.6, 12.4, 9.8], "texture": "#0"},
				"south": {"uv": [12.2, 4.6, 12.4, 9.8], "texture": "#0"},
				"west": {"uv": [12.2, 4.6, 12.4, 9.8], "texture": "#0"},
				"up": {"uv": [12.2, 4.6, 12.4, 4.8], "texture": "#0"},
				"down": {"uv": [12.2, 9.6, 12.4, 9.8], "texture": "#0"}
			}
		},
		{
			"name": "b07f0d69bcfc8a74d8e1779678766ced_3",
			"from": [11.2, 5.8, 0],
			"to": [11.4, 11.2, 0.25],
			"faces": {
				"north": {"uv": [11.4, 4.8, 11.2, 10.2], "texture": "#0"},
				"east": {"uv": [11.2, 4.8, 11.4, 10.2], "texture": "#0"},
				"south": {"uv": [11.2, 4.8, 11.4, 10.2], "texture": "#0"},
				"west": {"uv": [11.2, 4.8, 11.4, 10.2], "texture": "#0"},
				"up": {"uv": [11.2, 4.8, 11.4, 5], "texture": "#0"},
				"down": {"uv": [11.2, 10, 11.4, 10.2], "texture": "#0"}
			}
		},
		{
			"name": "b07f0d69bcfc8a74d8e1779678766ced_4",
			"from": [11, 5.8, 0],
			"to": [11.2, 11, 0.25],
			"faces": {
				"north": {"uv": [11.2, 5, 11, 10.2], "texture": "#0"},
				"east": {"uv": [11, 5, 11.2, 10.2], "texture": "#0"},
				"south": {"uv": [11, 5, 11.2, 10.2], "texture": "#0"},
				"west": {"uv": [11, 5, 11.2, 10.2], "texture": "#0"},
				"up": {"uv": [11, 5, 11.2, 5.2], "texture": "#0"},
				"down": {"uv": [11, 10, 11.2, 10.2], "texture": "#0"}
			}
		},
		{
			"name": "b07f0d69bcfc8a74d8e1779678766ced_5",
			"from": [12.4, 6.4, 0],
			"to": [12.6, 11, 0.25],
			"faces": {
				"north": {"uv": [12.6, 5, 12.4, 9.6], "texture": "#0"},
				"east": {"uv": [12.4, 5, 12.6, 9.6], "texture": "#0"},
				"south": {"uv": [12.4, 5, 12.6, 9.6], "texture": "#0"},
				"west": {"uv": [12.4, 5, 12.6, 9.6], "texture": "#0"},
				"up": {"uv": [12.4, 5, 12.6, 5.2], "texture": "#0"},
				"down": {"uv": [12.4, 9.4, 12.6, 9.6], "texture": "#0"}
			}
		},
		{
			"name": "b07f0d69bcfc8a74d8e1779678766ced_6",
			"from": [10.6, 8.8, 0],
			"to": [11, 10.8, 0.25],
			"faces": {
				"north": {"uv": [11, 5.2, 10.6, 7.2], "texture": "#0"},
				"east": {"uv": [10.8, 5.2, 11, 7.2], "texture": "#0"},
				"south": {"uv": [10.6, 5.2, 11, 7.2], "texture": "#0"},
				"west": {"uv": [10.6, 5.2, 10.8, 7.2], "texture": "#0"},
				"up": {"uv": [10.6, 5.2, 11, 5.4], "texture": "#0"},
				"down": {"uv": [10.6, 7, 11, 7.2], "texture": "#0"}
			}
		},
		{
			"name": "b07f0d69bcfc8a74d8e1779678766ced_7",
			"from": [10.4, 9.2, 0],
			"to": [10.6, 10.6, 0.25],
			"faces": {
				"north": {"uv": [10.6, 5.4, 10.4, 6.8], "texture": "#0"},
				"east": {"uv": [10.4, 5.4, 10.6, 6.8], "texture": "#0"},
				"south": {"uv": [10.4, 5.4, 10.6, 6.8], "texture": "#0"},
				"west": {"uv": [10.4, 5.4, 10.6, 6.8], "texture": "#0"},
				"up": {"uv": [10.4, 5.4, 10.6, 5.6], "texture": "#0"},
				"down": {"uv": [10.4, 6.6, 10.6, 6.8], "texture": "#0"}
			}
		},
		{
			"name": "b07f0d69bcfc8a74d8e1779678766ced_8",
			"from": [10, 9.4, 0],
			"to": [10.4, 10.4, 0.25],
			"faces": {
				"north": {"uv": [10.4, 5.6, 10, 6.6], "texture": "#0"},
				"east": {"uv": [10.2, 5.6, 10.4, 6.6], "texture": "#0"},
				"south": {"uv": [10, 5.6, 10.4, 6.6], "texture": "#0"},
				"west": {"uv": [10, 5.6, 10.2, 6.6], "texture": "#0"},
				"up": {"uv": [10, 5.6, 10.4, 5.8], "texture": "#0"},
				"down": {"uv": [10, 6.4, 10.4, 6.6], "texture": "#0"}
			}
		},
		{
			"name": "b07f0d69bcfc8a74d8e1779678766ced_9",
			"from": [12.6, 6.4, 0],
			"to": [12.8, 10.4, 0.25],
			"faces": {
				"north": {"uv": [12.8, 5.6, 12.6, 9.6], "texture": "#0"},
				"east": {"uv": [12.6, 5.6, 12.8, 9.6], "texture": "#0"},
				"south": {"uv": [12.6, 5.6, 12.8, 9.6], "texture": "#0"},
				"west": {"uv": [12.6, 5.6, 12.8, 9.6], "texture": "#0"},
				"up": {"uv": [12.6, 5.6, 12.8, 5.8], "texture": "#0"},
				"down": {"uv": [12.6, 9.4, 12.8, 9.6], "texture": "#0"}
			}
		},
		{
			"name": "b07f0d69bcfc8a74d8e1779678766ced_10",
			"from": [9.8, 9.2, 0],
			"to": [10, 10.2, 0.25],
			"faces": {
				"north": {"uv": [10, 5.8, 9.8, 6.8], "texture": "#0"},
				"east": {"uv": [9.8, 5.8, 10, 6.8], "texture": "#0"},
				"south": {"uv": [9.8, 5.8, 10, 6.8], "texture": "#0"},
				"west": {"uv": [9.8, 5.8, 10, 6.8], "texture": "#0"},
				"up": {"uv": [9.8, 5.8, 10, 6], "texture": "#0"},
				"down": {"uv": [9.8, 6.6, 10, 6.8], "texture": "#0"}
			}
		},
		{
			"name": "b07f0d69bcfc8a74d8e1779678766ced_11",
			"from": [12.8, 6.8, 0],
			"to": [13.2, 10.2, 0.25],
			"faces": {
				"north": {"uv": [13.2, 5.8, 12.8, 9.2], "texture": "#0"},
				"east": {"uv": [13, 5.8, 13.2, 9.2], "texture": "#0"},
				"south": {"uv": [12.8, 5.8, 13.2, 9.2], "texture": "#0"},
				"west": {"uv": [12.8, 5.8, 13, 9.2], "texture": "#0"},
				"up": {"uv": [12.8, 5.8, 13.2, 6], "texture": "#0"},
				"down": {"uv": [12.8, 9, 13.2, 9.2], "texture": "#0"}
			}
		},
		{
			"name": "b07f0d69bcfc8a74d8e1779678766ced_12",
			"from": [9.6, 9.2, 0],
			"to": [9.8, 10, 0.25],
			"faces": {
				"north": {"uv": [9.8, 6, 9.6, 6.8], "texture": "#0"},
				"east": {"uv": [9.6, 6, 9.8, 6.8], "texture": "#0"},
				"south": {"uv": [9.6, 6, 9.8, 6.8], "texture": "#0"},
				"west": {"uv": [9.6, 6, 9.8, 6.8], "texture": "#0"},
				"up": {"uv": [9.6, 6, 9.8, 6.2], "texture": "#0"},
				"down": {"uv": [9.6, 6.6, 9.8, 6.8], "texture": "#0"}
			}
		},
		{
			"name": "b07f0d69bcfc8a74d8e1779678766ced_13",
			"from": [13.2, 7, 0],
			"to": [13.4, 10, 0.25],
			"faces": {
				"north": {"uv": [13.4, 6, 13.2, 9], "texture": "#0"},
				"east": {"uv": [13.2, 6, 13.4, 9], "texture": "#0"},
				"south": {"uv": [13.2, 6, 13.4, 9], "texture": "#0"},
				"west": {"uv": [13.2, 6, 13.4, 9], "texture": "#0"},
				"up": {"uv": [13.2, 6, 13.4, 6.2], "texture": "#0"},
				"down": {"uv": [13.2, 8.8, 13.4, 9], "texture": "#0"}
			}
		},
		{
			"name": "b07f0d69bcfc8a74d8e1779678766ced_14",
			"from": [9.2, 9, 0],
			"to": [9.6, 9.8, 0.25],
			"faces": {
				"north": {"uv": [9.6, 6.2, 9.2, 7], "texture": "#0"},
				"east": {"uv": [9.4, 6.2, 9.6, 7], "texture": "#0"},
				"south": {"uv": [9.2, 6.2, 9.6, 7], "texture": "#0"},
				"west": {"uv": [9.2, 6.2, 9.4, 7], "texture": "#0"},
				"up": {"uv": [9.2, 6.2, 9.6, 6.4], "texture": "#0"},
				"down": {"uv": [9.2, 6.8, 9.6, 7], "texture": "#0"}
			}
		},
		{
			"name": "b07f0d69bcfc8a74d8e1779678766ced_15",
			"from": [13.4, 8.6, 0],
			"to": [14.8, 9.8, 0.25],
			"faces": {
				"north": {"uv": [14.8, 6.2, 13.4, 7.4], "texture": "#0"},
				"east": {"uv": [14.6, 6.2, 14.8, 7.4], "texture": "#0"},
				"south": {"uv": [13.4, 6.2, 14.8, 7.4], "texture": "#0"},
				"west": {"uv": [13.4, 6.2, 13.6, 7.4], "texture": "#0"},
				"up": {"uv": [13.4, 6.2, 14.8, 6.4], "texture": "#0"},
				"down": {"uv": [13.4, 7.2, 14.8, 7.4], "texture": "#0"}
			}
		},
		{
			"name": "b07f0d69bcfc8a74d8e1779678766ced_16",
			"from": [9, 8.6, 0],
			"to": [9.2, 9.6, 0.25],
			"faces": {
				"north": {"uv": [9.2, 6.4, 9, 7.4], "texture": "#0"},
				"east": {"uv": [9, 6.4, 9.2, 7.4], "texture": "#0"},
				"south": {"uv": [9, 6.4, 9.2, 7.4], "texture": "#0"},
				"west": {"uv": [9, 6.4, 9.2, 7.4], "texture": "#0"},
				"up": {"uv": [9, 6.4, 9.2, 6.6], "texture": "#0"},
				"down": {"uv": [9, 7.2, 9.2, 7.4], "texture": "#0"}
			}
		},
		{
			"name": "b07f0d69bcfc8a74d8e1779678766ced_17",
			"from": [8.8, 8.4, 0],
			"to": [9, 9.4, 0.25],
			"faces": {
				"north": {"uv": [9, 6.6, 8.8, 7.6], "texture": "#0"},
				"east": {"uv": [8.8, 6.6, 9, 7.6], "texture": "#0"},
				"south": {"uv": [8.8, 6.6, 9, 7.6], "texture": "#0"},
				"west": {"uv": [8.8, 6.6, 9, 7.6], "texture": "#0"},
				"up": {"uv": [8.8, 6.6, 9, 6.8], "texture": "#0"},
				"down": {"uv": [8.8, 7.4, 9, 7.6], "texture": "#0"}
			}
		},
		{
			"name": "b07f0d69bcfc8a74d8e1779678766ced_18",
			"from": [8.6, 8.2, 0],
			"to": [8.8, 9.2, 0.25],
			"faces": {
				"north": {"uv": [8.8, 6.8, 8.6, 7.8], "texture": "#0"},
				"east": {"uv": [8.6, 6.8, 8.8, 7.8], "texture": "#0"},
				"south": {"uv": [8.6, 6.8, 8.8, 7.8], "texture": "#0"},
				"west": {"uv": [8.6, 6.8, 8.8, 7.8], "texture": "#0"},
				"up": {"uv": [8.6, 6.8, 8.8, 7], "texture": "#0"},
				"down": {"uv": [8.6, 7.6, 8.8, 7.8], "texture": "#0"}
			}
		},
		{
			"name": "b07f0d69bcfc8a74d8e1779678766ced_19",
			"from": [8.4, 8, 0],
			"to": [8.6, 9, 0.25],
			"faces": {
				"north": {"uv": [8.6, 7, 8.4, 8], "texture": "#0"},
				"east": {"uv": [8.4, 7, 8.6, 8], "texture": "#0"},
				"south": {"uv": [8.4, 7, 8.6, 8], "texture": "#0"},
				"west": {"uv": [8.4, 7, 8.6, 8], "texture": "#0"},
				"up": {"uv": [8.4, 7, 8.6, 7.2], "texture": "#0"},
				"down": {"uv": [8.4, 7.8, 8.6, 8], "texture": "#0"}
			}
		},
		{
			"name": "b07f0d69bcfc8a74d8e1779678766ced_20",
			"from": [9.2, 8.8, 0],
			"to": [9.4, 9, 0.25],
			"faces": {
				"north": {"uv": [9.4, 7, 9.2, 7.2], "texture": "#0"},
				"east": {"uv": [9.2, 7, 9.4, 7.2], "texture": "#0"},
				"south": {"uv": [9.2, 7, 9.4, 7.2], "texture": "#0"},
				"west": {"uv": [9.2, 7, 9.4, 7.2], "texture": "#0"},
				"up": {"uv": [9.2, 7, 9.4, 7.2], "texture": "#0"},
				"down": {"uv": [9.2, 7, 9.4, 7.2], "texture": "#0"}
			}
		},
		{
			"name": "b07f0d69bcfc8a74d8e1779678766ced_21",
			"from": [8.2, 7.8, 0],
			"to": [8.4, 8.8, 0.25],
			"faces": {
				"north": {"uv": [8.4, 7.2, 8.2, 8.2], "texture": "#0"},
				"east": {"uv": [8.2, 7.2, 8.4, 8.2], "texture": "#0"},
				"south": {"uv": [8.2, 7.2, 8.4, 8.2], "texture": "#0"},
				"west": {"uv": [8.2, 7.2, 8.4, 8.2], "texture": "#0"},
				"up": {"uv": [8.2, 7.2, 8.4, 7.4], "texture": "#0"},
				"down": {"uv": [8.2, 8, 8.4, 8.2], "texture": "#0"}
			}
		},
		{
			"name": "b07f0d69bcfc8a74d8e1779678766ced_22",
			"from": [10.8, 5.8, 0],
			"to": [11, 8.8, 0.25],
			"faces": {
				"north": {"uv": [11, 7.2, 10.8, 10.2], "texture": "#0"},
				"east": {"uv": [10.8, 7.2, 11, 10.2], "texture": "#0"},
				"south": {"uv": [10.8, 7.2, 11, 10.2], "texture": "#0"},
				"west": {"uv": [10.8, 7.2, 11, 10.2], "texture": "#0"},
				"up": {"uv": [10.8, 7.2, 11, 7.4], "texture": "#0"},
				"down": {"uv": [10.8, 10, 11, 10.2], "texture": "#0"}
			}
		},
		{
			"name": "b07f0d69bcfc8a74d8e1779678766ced_23",
			"from": [7.8, 7.8, 0],
			"to": [8.2, 8.6, 0.25],
			"faces": {
				"north": {"uv": [8.2, 7.4, 7.8, 8.2], "texture": "#0"},
				"east": {"uv": [8, 7.4, 8.2, 8.2], "texture": "#0"},
				"south": {"uv": [7.8, 7.4, 8.2, 8.2], "texture": "#0"},
				"west": {"uv": [7.8, 7.4, 8, 8.2], "texture": "#0"},
				"up": {"uv": [7.8, 7.4, 8.2, 7.6], "texture": "#0"},
				"down": {"uv": [7.8, 8, 8.2, 8.2], "texture": "#0"}
			}
		},
		{
			"name": "b07f0d69bcfc8a74d8e1779678766ced_24",
			"from": [13.4, 7.8, 0],
			"to": [14.2, 8.6, 0.25],
			"faces": {
				"north": {"uv": [14.2, 7.4, 13.4, 8.2], "texture": "#0"},
				"east": {"uv": [14, 7.4, 14.2, 8.2], "texture": "#0"},
				"south": {"uv": [13.4, 7.4, 14.2, 8.2], "texture": "#0"},
				"west": {"uv": [13.4, 7.4, 13.6, 8.2], "texture": "#0"},
				"up": {"uv": [13.4, 7.4, 14.2, 7.6], "texture": "#0"},
				"down": {"uv": [13.4, 8, 14.2, 8.2], "texture": "#0"}
			}
		},
		{
			"name": "b07f0d69bcfc8a74d8e1779678766ced_25",
			"from": [14.2, 8.2, 0],
			"to": [14.6, 8.6, 0.25],
			"faces": {
				"north": {"uv": [14.6, 7.4, 14.2, 7.8], "texture": "#0"},
				"east": {"uv": [14.4, 7.4, 14.6, 7.8], "texture": "#0"},
				"south": {"uv": [14.2, 7.4, 14.6, 7.8], "texture": "#0"},
				"west": {"uv": [14.2, 7.4, 14.4, 7.8], "texture": "#0"},
				"up": {"uv": [14.2, 7.4, 14.6, 7.6], "texture": "#0"},
				"down": {"uv": [14.2, 7.6, 14.6, 7.8], "texture": "#0"}
			}
		},
		{
			"name": "b07f0d69bcfc8a74d8e1779678766ced_26",
			"from": [7.6, 7.4, 0],
			"to": [7.8, 8.4, 0.25],
			"faces": {
				"north": {"uv": [7.8, 7.6, 7.6, 8.6], "texture": "#0"},
				"east": {"uv": [7.6, 7.6, 7.8, 8.6], "texture": "#0"},
				"south": {"uv": [7.6, 7.6, 7.8, 8.6], "texture": "#0"},
				"west": {"uv": [7.6, 7.6, 7.8, 8.6], "texture": "#0"},
				"up": {"uv": [7.6, 7.6, 7.8, 7.8], "texture": "#0"},
				"down": {"uv": [7.6, 8.4, 7.8, 8.6], "texture": "#0"}
			}
		},
		{
			"name": "b07f0d69bcfc8a74d8e1779678766ced_27",
			"from": [7.2, 7.4, 0],
			"to": [7.6, 8.2, 0.25],
			"faces": {
				"north": {"uv": [7.6, 7.8, 7.2, 8.6], "texture": "#0"},
				"east": {"uv": [7.4, 7.8, 7.6, 8.6], "texture": "#0"},
				"south": {"uv": [7.2, 7.8, 7.6, 8.6], "texture": "#0"},
				"west": {"uv": [7.2, 7.8, 7.4, 8.6], "texture": "#0"},
				"up": {"uv": [7.2, 7.8, 7.6, 8], "texture": "#0"},
				"down": {"uv": [7.2, 8.4, 7.6, 8.6], "texture": "#0"}
			}
		},
		{
			"name": "b07f0d69bcfc8a74d8e1779678766ced_28",
			"from": [14.2, 8, 0],
			"to": [14.4, 8.2, 0.25],
			"faces": {
				"north": {"uv": [14.4, 7.8, 14.2, 8], "texture": "#0"},
				"east": {"uv": [14.2, 7.8, 14.4, 8], "texture": "#0"},
				"south": {"uv": [14.2, 7.8, 14.4, 8], "texture": "#0"},
				"west": {"uv": [14.2, 7.8, 14.4, 8], "texture": "#0"},
				"up": {"uv": [14.2, 7.8, 14.4, 8], "texture": "#0"},
				"down": {"uv": [14.2, 7.8, 14.4, 8], "texture": "#0"}
			}
		},
		{
			"name": "b07f0d69bcfc8a74d8e1779678766ced_29",
			"from": [7, 7, 0],
			"to": [7.2, 8, 0.25],
			"faces": {
				"north": {"uv": [7.2, 8, 7, 9], "texture": "#0"},
				"east": {"uv": [7, 8, 7.2, 9], "texture": "#0"},
				"south": {"uv": [7, 8, 7.2, 9], "texture": "#0"},
				"west": {"uv": [7, 8, 7.2, 9], "texture": "#0"},
				"up": {"uv": [7, 8, 7.2, 8.2], "texture": "#0"},
				"down": {"uv": [7, 8.8, 7.2, 9], "texture": "#0"}
			}
		},
		{
			"name": "b07f0d69bcfc8a74d8e1779678766ced_30",
			"from": [6.8, 7, 0],
			"to": [7, 7.8, 0.25],
			"faces": {
				"north": {"uv": [7, 8.2, 6.8, 9], "texture": "#0"},
				"east": {"uv": [6.8, 8.2, 7, 9], "texture": "#0"},
				"south": {"uv": [6.8, 8.2, 7, 9], "texture": "#0"},
				"west": {"uv": [6.8, 8.2, 7, 9], "texture": "#0"},
				"up": {"uv": [6.8, 8.2, 7, 8.4], "texture": "#0"},
				"down": {"uv": [6.8, 8.8, 7, 9], "texture": "#0"}
			}
		},
		{
			"name": "b07f0d69bcfc8a74d8e1779678766ced_31",
			"from": [7.8, 7.6, 0],
			"to": [8, 7.8, 0.25],
			"faces": {
				"north": {"uv": [8, 8.2, 7.8, 8.4], "texture": "#0"},
				"east": {"uv": [7.8, 8.2, 8, 8.4], "texture": "#0"},
				"south": {"uv": [7.8, 8.2, 8, 8.4], "texture": "#0"},
				"west": {"uv": [7.8, 8.2, 8, 8.4], "texture": "#0"},
				"up": {"uv": [7.8, 8.2, 8, 8.4], "texture": "#0"},
				"down": {"uv": [7.8, 8.2, 8, 8.4], "texture": "#0"}
			}
		},
		{
			"name": "b07f0d69bcfc8a74d8e1779678766ced_32",
			"from": [13.4, 7.4, 0],
			"to": [13.8, 7.8, 0.25],
			"faces": {
				"north": {"uv": [13.8, 8.2, 13.4, 8.6], "texture": "#0"},
				"east": {"uv": [13.6, 8.2, 13.8, 8.6], "texture": "#0"},
				"south": {"uv": [13.4, 8.2, 13.8, 8.6], "texture": "#0"},
				"west": {"uv": [13.4, 8.2, 13.6, 8.6], "texture": "#0"},
				"up": {"uv": [13.4, 8.2, 13.8, 8.4], "texture": "#0"},
				"down": {"uv": [13.4, 8.4, 13.8, 8.6], "texture": "#0"}
			}
		},
		{
			"name": "b07f0d69bcfc8a74d8e1779678766ced_33",
			"from": [13.8, 7.6, 0],
			"to": [14, 7.8, 0.25],
			"faces": {
				"north": {"uv": [14, 8.2, 13.8, 8.4], "texture": "#0"},
				"east": {"uv": [13.8, 8.2, 14, 8.4], "texture": "#0"},
				"south": {"uv": [13.8, 8.2, 14, 8.4], "texture": "#0"},
				"west": {"uv": [13.8, 8.2, 14, 8.4], "texture": "#0"},
				"up": {"uv": [13.8, 8.2, 14, 8.4], "texture": "#0"},
				"down": {"uv": [13.8, 8.2, 14, 8.4], "texture": "#0"}
			}
		},
		{
			"name": "b07f0d69bcfc8a74d8e1779678766ced_34",
			"from": [6.6, 6.8, 0],
			"to": [6.8, 7.6, 0.25],
			"faces": {
				"north": {"uv": [6.8, 8.4, 6.6, 9.2], "texture": "#0"},
				"east": {"uv": [6.6, 8.4, 6.8, 9.2], "texture": "#0"},
				"south": {"uv": [6.6, 8.4, 6.8, 9.2], "texture": "#0"},
				"west": {"uv": [6.6, 8.4, 6.8, 9.2], "texture": "#0"},
				"up": {"uv": [6.6, 8.4, 6.8, 8.6], "texture": "#0"},
				"down": {"uv": [6.6, 9, 6.8, 9.2], "texture": "#0"}
			}
		},
		{
			"name": "b07f0d69bcfc8a74d8e1779678766ced_35",
			"from": [6.2, 6.6, 0],
			"to": [6.6, 7.4, 0.25],
			"faces": {
				"north": {"uv": [6.6, 8.6, 6.2, 9.4], "texture": "#0"},
				"east": {"uv": [6.4, 8.6, 6.6, 9.4], "texture": "#0"},
				"south": {"uv": [6.2, 8.6, 6.6, 9.4], "texture": "#0"},
				"west": {"uv": [6.2, 8.6, 6.4, 9.4], "texture": "#0"},
				"up": {"uv": [6.2, 8.6, 6.6, 8.8], "texture": "#0"},
				"down": {"uv": [6.2, 9.2, 6.6, 9.4], "texture": "#0"}
			}
		},
		{
			"name": "b07f0d69bcfc8a74d8e1779678766ced_36",
			"from": [7.2, 7.2, 0],
			"to": [7.4, 7.4, 0.25],
			"faces": {
				"north": {"uv": [7.4, 8.6, 7.2, 8.8], "texture": "#0"},
				"east": {"uv": [7.2, 8.6, 7.4, 8.8], "texture": "#0"},
				"south": {"uv": [7.2, 8.6, 7.4, 8.8], "texture": "#0"},
				"west": {"uv": [7.2, 8.6, 7.4, 8.8], "texture": "#0"},
				"up": {"uv": [7.2, 8.6, 7.4, 8.8], "texture": "#0"},
				"down": {"uv": [7.2, 8.6, 7.4, 8.8], "texture": "#0"}
			}
		},
		{
			"name": "b07f0d69bcfc8a74d8e1779678766ced_37",
			"from": [10.6, 5.8, 0],
			"to": [10.8, 7.4, 0.25],
			"faces": {
				"north": {"uv": [10.8, 8.6, 10.6, 10.2], "texture": "#0"},
				"east": {"uv": [10.6, 8.6, 10.8, 10.2], "texture": "#0"},
				"south": {"uv": [10.6, 8.6, 10.8, 10.2], "texture": "#0"},
				"west": {"uv": [10.6, 8.6, 10.8, 10.2], "texture": "#0"},
				"up": {"uv": [10.6, 8.6, 10.8, 8.8], "texture": "#0"},
				"down": {"uv": [10.6, 10, 10.8, 10.2], "texture": "#0"}
			}
		},
		{
			"name": "b07f0d69bcfc8a74d8e1779678766ced_38",
			"from": [13.4, 7.2, 0],
			"to": [13.6, 7.4, 0.25],
			"faces": {
				"north": {"uv": [13.6, 8.6, 13.4, 8.8], "texture": "#0"},
				"east": {"uv": [13.4, 8.6, 13.6, 8.8], "texture": "#0"},
				"south": {"uv": [13.4, 8.6, 13.6, 8.8], "texture": "#0"},
				"west": {"uv": [13.4, 8.6, 13.6, 8.8], "texture": "#0"},
				"up": {"uv": [13.4, 8.6, 13.6, 8.8], "texture": "#0"},
				"down": {"uv": [13.4, 8.6, 13.6, 8.8], "texture": "#0"}
			}
		},
		{
			"name": "b07f0d69bcfc8a74d8e1779678766ced_39",
			"from": [5.8, 6.4, 0],
			"to": [6.2, 7.2, 0.25],
			"faces": {
				"north": {"uv": [6.2, 8.8, 5.8, 9.6], "texture": "#0"},
				"east": {"uv": [6, 8.8, 6.2, 9.6], "texture": "#0"},
				"south": {"uv": [5.8, 8.8, 6.2, 9.6], "texture": "#0"},
				"west": {"uv": [5.8, 8.8, 6, 9.6], "texture": "#0"},
				"up": {"uv": [5.8, 8.8, 6.2, 9], "texture": "#0"},
				"down": {"uv": [5.8, 9.4, 6.2, 9.6], "texture": "#0"}
			}
		},
		{
			"name": "b07f0d69bcfc8a74d8e1779678766ced_40",
			"from": [5.6, 6, 0],
			"to": [5.8, 7, 0.25],
			"faces": {
				"north": {"uv": [5.8, 9, 5.6, 10], "texture": "#0"},
				"east": {"uv": [5.6, 9, 5.8, 10], "texture": "#0"},
				"south": {"uv": [5.6, 9, 5.8, 10], "texture": "#0"},
				"west": {"uv": [5.6, 9, 5.8, 10], "texture": "#0"},
				"up": {"uv": [5.6, 9, 5.8, 9.2], "texture": "#0"},
				"down": {"uv": [5.6, 9.8, 5.8, 10], "texture": "#0"}
			}
		},
		{
			"name": "b07f0d69bcfc8a74d8e1779678766ced_41",
			"from": [10.4, 5.8, 0],
			"to": [10.6, 7, 0.25],
			"faces": {
				"north": {"uv": [10.6, 9, 10.4, 10.2], "texture": "#0"},
				"east": {"uv": [10.4, 9, 10.6, 10.2], "texture": "#0"},
				"south": {"uv": [10.4, 9, 10.6, 10.2], "texture": "#0"},
				"west": {"uv": [10.4, 9, 10.6, 10.2], "texture": "#0"},
				"up": {"uv": [10.4, 9, 10.6, 9.2], "texture": "#0"},
				"down": {"uv": [10.4, 10, 10.6, 10.2], "texture": "#0"}
			}
		},
		{
			"name": "b07f0d69bcfc8a74d8e1779678766ced_42",
			"from": [5.4, 5.8, 0],
			"to": [5.6, 6.8, 0.25],
			"faces": {
				"north": {"uv": [5.6, 9.2, 5.4, 10.2], "texture": "#0"},
				"east": {"uv": [5.4, 9.2, 5.6, 10.2], "texture": "#0"},
				"south": {"uv": [5.4, 9.2, 5.6, 10.2], "texture": "#0"},
				"west": {"uv": [5.4, 9.2, 5.6, 10.2], "texture": "#0"},
				"up": {"uv": [5.4, 9.2, 5.6, 9.4], "texture": "#0"},
				"down": {"uv": [5.4, 10, 5.6, 10.2], "texture": "#0"}
			}
		},
		{
			"name": "b07f0d69bcfc8a74d8e1779678766ced_43",
			"from": [10, 5.8, 0],
			"to": [10.4, 6.8, 0.25],
			"faces": {
				"north": {"uv": [10.4, 9.2, 10, 10.2], "texture": "#0"},
				"east": {"uv": [10.2, 9.2, 10.4, 10.2], "texture": "#0"},
				"south": {"uv": [10, 9.2, 10.4, 10.2], "texture": "#0"},
				"west": {"uv": [10, 9.2, 10.2, 10.2], "texture": "#0"},
				"up": {"uv": [10, 9.2, 10.4, 9.4], "texture": "#0"},
				"down": {"uv": [10, 10, 10.4, 10.2], "texture": "#0"}
			}
		},
		{
			"name": "b07f0d69bcfc8a74d8e1779678766ced_44",
			"from": [12.8, 6.6, 0],
			"to": [13, 6.8, 0.25],
			"faces": {
				"north": {"uv": [13, 9.2, 12.8, 9.4], "texture": "#0"},
				"east": {"uv": [12.8, 9.2, 13, 9.4], "texture": "#0"},
				"south": {"uv": [12.8, 9.2, 13, 9.4], "texture": "#0"},
				"west": {"uv": [12.8, 9.2, 13, 9.4], "texture": "#0"},
				"up": {"uv": [12.8, 9.2, 13, 9.4], "texture": "#0"},
				"down": {"uv": [12.8, 9.2, 13, 9.4], "texture": "#0"}
			}
		},
		{
			"name": "b07f0d69bcfc8a74d8e1779678766ced_45",
			"from": [5, 5.8, 0],
			"to": [5.4, 6.6, 0.25],
			"faces": {
				"north": {"uv": [5.4, 9.4, 5, 10.2], "texture": "#0"},
				"east": {"uv": [5.2, 9.4, 5.4, 10.2], "texture": "#0"},
				"south": {"uv": [5, 9.4, 5.4, 10.2], "texture": "#0"},
				"west": {"uv": [5, 9.4, 5.2, 10.2], "texture": "#0"},
				"up": {"uv": [5, 9.4, 5.4, 9.6], "texture": "#0"},
				"down": {"uv": [5, 10, 5.4, 10.2], "texture": "#0"}
			}
		},
		{
			"name": "b07f0d69bcfc8a74d8e1779678766ced_46",
			"from": [6.2, 6.4, 0],
			"to": [6.4, 6.6, 0.25],
			"faces": {
				"north": {"uv": [6.4, 9.4, 6.2, 9.6], "texture": "#0"},
				"east": {"uv": [6.2, 9.4, 6.4, 9.6], "texture": "#0"},
				"south": {"uv": [6.2, 9.4, 6.4, 9.6], "texture": "#0"},
				"west": {"uv": [6.2, 9.4, 6.4, 9.6], "texture": "#0"},
				"up": {"uv": [6.2, 9.4, 6.4, 9.6], "texture": "#0"},
				"down": {"uv": [6.2, 9.4, 6.4, 9.6], "texture": "#0"}
			}
		},
		{
			"name": "b07f0d69bcfc8a74d8e1779678766ced_47",
			"from": [9.8, 5.8, 0],
			"to": [10, 6.6, 0.25],
			"faces": {
				"north": {"uv": [10, 9.4, 9.8, 10.2], "texture": "#0"},
				"east": {"uv": [9.8, 9.4, 10, 10.2], "texture": "#0"},
				"south": {"uv": [9.8, 9.4, 10, 10.2], "texture": "#0"},
				"west": {"uv": [9.8, 9.4, 10, 10.2], "texture": "#0"},
				"up": {"uv": [9.8, 9.4, 10, 9.6], "texture": "#0"},
				"down": {"uv": [9.8, 10, 10, 10.2], "texture": "#0"}
			}
		},
		{
			"name": "b07f0d69bcfc8a74d8e1779678766ced_48",
			"from": [4.8, 5.6, 0],
			"to": [5, 6.4, 0.25],
			"faces": {
				"north": {"uv": [5, 9.6, 4.8, 10.4], "texture": "#0"},
				"east": {"uv": [4.8, 9.6, 5, 10.4], "texture": "#0"},
				"south": {"uv": [4.8, 9.6, 5, 10.4], "texture": "#0"},
				"west": {"uv": [4.8, 9.6, 5, 10.4], "texture": "#0"},
				"up": {"uv": [4.8, 9.6, 5, 9.8], "texture": "#0"},
				"down": {"uv": [4.8, 10.2, 5, 10.4], "texture": "#0"}
			}
		},
		{
			"name": "b07f0d69bcfc8a74d8e1779678766ced_49",
			"from": [5.8, 6.2, 0],
			"to": [6, 6.4, 0.25],
			"faces": {
				"north": {"uv": [6, 9.6, 5.8, 9.8], "texture": "#0"},
				"east": {"uv": [5.8, 9.6, 6, 9.8], "texture": "#0"},
				"south": {"uv": [5.8, 9.6, 6, 9.8], "texture": "#0"},
				"west": {"uv": [5.8, 9.6, 6, 9.8], "texture": "#0"},
				"up": {"uv": [5.8, 9.6, 6, 9.8], "texture": "#0"},
				"down": {"uv": [5.8, 9.6, 6, 9.8], "texture": "#0"}
			}
		},
		{
			"name": "b07f0d69bcfc8a74d8e1779678766ced_50",
			"from": [9.6, 5.8, 0],
			"to": [9.8, 6.4, 0.25],
			"faces": {
				"north": {"uv": [9.8, 9.6, 9.6, 10.2], "texture": "#0"},
				"east": {"uv": [9.6, 9.6, 9.8, 10.2], "texture": "#0"},
				"south": {"uv": [9.6, 9.6, 9.8, 10.2], "texture": "#0"},
				"west": {"uv": [9.6, 9.6, 9.8, 10.2], "texture": "#0"},
				"up": {"uv": [9.6, 9.6, 9.8, 9.8], "texture": "#0"},
				"down": {"uv": [9.6, 10, 9.8, 10.2], "texture": "#0"}
			}
		},
		{
			"name": "b07f0d69bcfc8a74d8e1779678766ced_51",
			"from": [4.4, 5.4, 0],
			"to": [4.8, 6.2, 0.25],
			"faces": {
				"north": {"uv": [4.8, 9.8, 4.4, 10.6], "texture": "#0"},
				"east": {"uv": [4.6, 9.8, 4.8, 10.6], "texture": "#0"},
				"south": {"uv": [4.4, 9.8, 4.8, 10.6], "texture": "#0"},
				"west": {"uv": [4.4, 9.8, 4.6, 10.6], "texture": "#0"},
				"up": {"uv": [4.4, 9.8, 4.8, 10], "texture": "#0"},
				"down": {"uv": [4.4, 10.4, 4.8, 10.6], "texture": "#0"}
			}
		},
		{
			"name": "b07f0d69bcfc8a74d8e1779678766ced_52",
			"from": [9.4, 6, 0],
			"to": [9.6, 6.2, 0.25],
			"faces": {
				"north": {"uv": [9.6, 9.8, 9.4, 10], "texture": "#0"},
				"east": {"uv": [9.4, 9.8, 9.6, 10], "texture": "#0"},
				"south": {"uv": [9.4, 9.8, 9.6, 10], "texture": "#0"},
				"west": {"uv": [9.4, 9.8, 9.6, 10], "texture": "#0"},
				"up": {"uv": [9.4, 9.8, 9.6, 10], "texture": "#0"},
				"down": {"uv": [9.4, 9.8, 9.6, 10], "texture": "#0"}
			}
		},
		{
			"name": "b07f0d69bcfc8a74d8e1779678766ced_53",
			"from": [11.6, 6, 0],
			"to": [12, 6.2, 0.25],
			"faces": {
				"north": {"uv": [12, 9.8, 11.6, 10], "texture": "#0"},
				"east": {"uv": [11.8, 9.8, 12, 10], "texture": "#0"},
				"south": {"uv": [11.6, 9.8, 12, 10], "texture": "#0"},
				"west": {"uv": [11.6, 9.8, 11.8, 10], "texture": "#0"},
				"up": {"uv": [11.6, 9.8, 12, 10], "texture": "#0"},
				"down": {"uv": [11.6, 9.8, 12, 10], "texture": "#0"}
			}
		},
		{
			"name": "b07f0d69bcfc8a74d8e1779678766ced_54",
			"from": [4.2, 5, 0],
			"to": [4.4, 6, 0.25],
			"faces": {
				"north": {"uv": [4.4, 10, 4.2, 11], "texture": "#0"},
				"east": {"uv": [4.2, 10, 4.4, 11], "texture": "#0"},
				"south": {"uv": [4.2, 10, 4.4, 11], "texture": "#0"},
				"west": {"uv": [4.2, 10, 4.4, 11], "texture": "#0"},
				"up": {"uv": [4.2, 10, 4.4, 10.2], "texture": "#0"},
				"down": {"uv": [4.2, 10.8, 4.4, 11], "texture": "#0"}
			}
		},
		{
			"name": "b07f0d69bcfc8a74d8e1779678766ced_55",
			"from": [4, 5, 0],
			"to": [4.2, 5.8, 0.25],
			"faces": {
				"north": {"uv": [4.2, 10.2, 4, 11], "texture": "#0"},
				"east": {"uv": [4, 10.2, 4.2, 11], "texture": "#0"},
				"south": {"uv": [4, 10.2, 4.2, 11], "texture": "#0"},
				"west": {"uv": [4, 10.2, 4.2, 11], "texture": "#0"},
				"up": {"uv": [4, 10.2, 4.2, 10.4], "texture": "#0"},
				"down": {"uv": [4, 10.8, 4.2, 11], "texture": "#0"}
			}
		},
		{
			"name": "b07f0d69bcfc8a74d8e1779678766ced_56",
			"from": [5, 5.6, 0],
			"to": [5.2, 5.8, 0.25],
			"faces": {
				"north": {"uv": [5.2, 10.2, 5, 10.4], "texture": "#0"},
				"east": {"uv": [5, 10.2, 5.2, 10.4], "texture": "#0"},
				"south": {"uv": [5, 10.2, 5.2, 10.4], "texture": "#0"},
				"west": {"uv": [5, 10.2, 5.2, 10.4], "texture": "#0"},
				"up": {"uv": [5, 10.2, 5.2, 10.4], "texture": "#0"},
				"down": {"uv": [5, 10.2, 5.2, 10.4], "texture": "#0"}
			}
		},
		{
			"name": "b07f0d69bcfc8a74d8e1779678766ced_57",
			"from": [3.6, 4.8, 0],
			"to": [4, 5.6, 0.25],
			"faces": {
				"north": {"uv": [4, 10.4, 3.6, 11.2], "texture": "#0"},
				"east": {"uv": [3.8, 10.4, 4, 11.2], "texture": "#0"},
				"south": {"uv": [3.6, 10.4, 4, 11.2], "texture": "#0"},
				"west": {"uv": [3.6, 10.4, 3.8, 11.2], "texture": "#0"},
				"up": {"uv": [3.6, 10.4, 4, 10.6], "texture": "#0"},
				"down": {"uv": [3.6, 11, 4, 11.2], "texture": "#0"}
			}
		},
		{
			"name": "b07f0d69bcfc8a74d8e1779678766ced_58",
			"from": [3.2, 4.4, 0],
			"to": [3.6, 5.4, 0.25],
			"faces": {
				"north": {"uv": [3.6, 10.6, 3.2, 11.6], "texture": "#0"},
				"east": {"uv": [3.4, 10.6, 3.6, 11.6], "texture": "#0"},
				"south": {"uv": [3.2, 10.6, 3.6, 11.6], "texture": "#0"},
				"west": {"uv": [3.2, 10.6, 3.4, 11.6], "texture": "#0"},
				"up": {"uv": [3.2, 10.6, 3.6, 10.8], "texture": "#0"},
				"down": {"uv": [3.2, 11.4, 3.6, 11.6], "texture": "#0"}
			}
		},
		{
			"name": "b07f0d69bcfc8a74d8e1779678766ced_59",
			"from": [4.4, 5.2, 0],
			"to": [4.6, 5.4, 0.25],
			"faces": {
				"north": {"uv": [4.6, 10.6, 4.4, 10.8], "texture": "#0"},
				"east": {"uv": [4.4, 10.6, 4.6, 10.8], "texture": "#0"},
				"south": {"uv": [4.4, 10.6, 4.6, 10.8], "texture": "#0"},
				"west": {"uv": [4.4, 10.6, 4.6, 10.8], "texture": "#0"},
				"up": {"uv": [4.4, 10.6, 4.6, 10.8], "texture": "#0"},
				"down": {"uv": [4.4, 10.6, 4.6, 10.8], "texture": "#0"}
			}
		},
		{
			"name": "b07f0d69bcfc8a74d8e1779678766ced_60",
			"from": [3, 4.2, 0],
			"to": [3.2, 5.2, 0.25],
			"faces": {
				"north": {"uv": [3.2, 10.8, 3, 11.8], "texture": "#0"},
				"east": {"uv": [3, 10.8, 3.2, 11.8], "texture": "#0"},
				"south": {"uv": [3, 10.8, 3.2, 11.8], "texture": "#0"},
				"west": {"uv": [3, 10.8, 3.2, 11.8], "texture": "#0"},
				"up": {"uv": [3, 10.8, 3.2, 11], "texture": "#0"},
				"down": {"uv": [3, 11.6, 3.2, 11.8], "texture": "#0"}
			}
		},
		{
			"name": "b07f0d69bcfc8a74d8e1779678766ced_61",
			"from": [2.6, 4, 0],
			"to": [3, 5, 0.25],
			"faces": {
				"north": {"uv": [3, 11, 2.6, 12], "texture": "#0"},
				"east": {"uv": [2.8, 11, 3, 12], "texture": "#0"},
				"south": {"uv": [2.6, 11, 3, 12], "texture": "#0"},
				"west": {"uv": [2.6, 11, 2.8, 12], "texture": "#0"},
				"up": {"uv": [2.6, 11, 3, 11.2], "texture": "#0"},
				"down": {"uv": [2.6, 11.8, 3, 12], "texture": "#0"}
			}
		},
		{
			"name": "b07f0d69bcfc8a74d8e1779678766ced_62",
			"from": [2.2, 3.8, 0],
			"to": [2.6, 4.8, 0.25],
			"faces": {
				"north": {"uv": [2.6, 11.2, 2.2, 12.2], "texture": "#0"},
				"east": {"uv": [2.4, 11.2, 2.6, 12.2], "texture": "#0"},
				"south": {"uv": [2.2, 11.2, 2.6, 12.2], "texture": "#0"},
				"west": {"uv": [2.2, 11.2, 2.4, 12.2], "texture": "#0"},
				"up": {"uv": [2.2, 11.2, 2.6, 11.4], "texture": "#0"},
				"down": {"uv": [2.2, 12, 2.6, 12.2], "texture": "#0"}
			}
		},
		{
			"name": "b07f0d69bcfc8a74d8e1779678766ced_63",
			"from": [3.6, 4.6, 0],
			"to": [3.8, 4.8, 0.25],
			"faces": {
				"north": {"uv": [3.8, 11.2, 3.6, 11.4], "texture": "#0"},
				"east": {"uv": [3.6, 11.2, 3.8, 11.4], "texture": "#0"},
				"south": {"uv": [3.6, 11.2, 3.8, 11.4], "texture": "#0"},
				"west": {"uv": [3.6, 11.2, 3.8, 11.4], "texture": "#0"},
				"up": {"uv": [3.6, 11.2, 3.8, 11.4], "texture": "#0"},
				"down": {"uv": [3.6, 11.2, 3.8, 11.4], "texture": "#0"}
			}
		},
		{
			"name": "b07f0d69bcfc8a74d8e1779678766ced_64",
			"from": [2, 3.6, 0],
			"to": [2.2, 4.6, 0.25],
			"faces": {
				"north": {"uv": [2.2, 11.4, 2, 12.4], "texture": "#0"},
				"east": {"uv": [2, 11.4, 2.2, 12.4], "texture": "#0"},
				"south": {"uv": [2, 11.4, 2.2, 12.4], "texture": "#0"},
				"west": {"uv": [2, 11.4, 2.2, 12.4], "texture": "#0"},
				"up": {"uv": [2, 11.4, 2.2, 11.6], "texture": "#0"},
				"down": {"uv": [2, 12.2, 2.2, 12.4], "texture": "#0"}
			}
		},
		{
			"name": "b07f0d69bcfc8a74d8e1779678766ced_65",
			"from": [1.8, 3.4, 0],
			"to": [2, 4.4, 0.25],
			"faces": {
				"north": {"uv": [2, 11.6, 1.8, 12.6], "texture": "#0"},
				"east": {"uv": [1.8, 11.6, 2, 12.6], "texture": "#0"},
				"south": {"uv": [1.8, 11.6, 2, 12.6], "texture": "#0"},
				"west": {"uv": [1.8, 11.6, 2, 12.6], "texture": "#0"},
				"up": {"uv": [1.8, 11.6, 2, 11.8], "texture": "#0"},
				"down": {"uv": [1.8, 12.4, 2, 12.6], "texture": "#0"}
			}
		},
		{
			"name": "b07f0d69bcfc8a74d8e1779678766ced_66",
			"from": [1.4, 3.2, 0],
			"to": [1.8, 4.2, 0.25],
			"faces": {
				"north": {"uv": [1.8, 11.8, 1.4, 12.8], "texture": "#0"},
				"east": {"uv": [1.6, 11.8, 1.8, 12.8], "texture": "#0"},
				"south": {"uv": [1.4, 11.8, 1.8, 12.8], "texture": "#0"},
				"west": {"uv": [1.4, 11.8, 1.6, 12.8], "texture": "#0"},
				"up": {"uv": [1.4, 11.8, 1.8, 12], "texture": "#0"},
				"down": {"uv": [1.4, 12.6, 1.8, 12.8], "texture": "#0"}
			}
		},
		{
			"name": "b07f0d69bcfc8a74d8e1779678766ced_67",
			"from": [1, 3.6, 0],
			"to": [1.4, 4, 0.25],
			"faces": {
				"north": {"uv": [1.4, 12, 1, 12.4], "texture": "#0"},
				"east": {"uv": [1.2, 12, 1.4, 12.4], "texture": "#0"},
				"south": {"uv": [1, 12, 1.4, 12.4], "texture": "#0"},
				"west": {"uv": [1, 12, 1.2, 12.4], "texture": "#0"},
				"up": {"uv": [1, 12, 1.4, 12.2], "texture": "#0"},
				"down": {"uv": [1, 12.2, 1.4, 12.4], "texture": "#0"}
			}
		},
		{
			"name": "b07f0d69bcfc8a74d8e1779678766ced_68",
			"from": [1.2, 3.4, 0],
			"to": [1.4, 3.6, 0.25],
			"faces": {
				"north": {"uv": [1.4, 12.4, 1.2, 12.6], "texture": "#0"},
				"east": {"uv": [1.2, 12.4, 1.4, 12.6], "texture": "#0"},
				"south": {"uv": [1.2, 12.4, 1.4, 12.6], "texture": "#0"},
				"west": {"uv": [1.2, 12.4, 1.4, 12.6], "texture": "#0"},
				"up": {"uv": [1.2, 12.4, 1.4, 12.6], "texture": "#0"},
				"down": {"uv": [1.2, 12.4, 1.4, 12.6], "texture": "#0"}
			}
		}
	],
	"display": {
		"thirdperson_righthand": {
			"rotation": [0, 90, 55],
			"translation": [13.5, 6.25, 0.75],
			"scale": [1.7, 1.7, 1.7]
		},
		"firstperson_righthand": {
			"rotation": [0, 90, 51],
			"translation": [14, 2, 0],
			"scale": [1.72, 1.72, 1.51]
		},
		"gui": {
			"translation": [0.75, 1, 0],
			"scale": [1.49, 1.49, 1.54]
		}
	},
	"groups": [
		{
			"name": "b07f0d69bcfc8a74d8e1779678766ced",
			"origin": [8, 8, 8],
			"color": 0,
			"children": [
				0,
				1,
				2,
				3,
				4,
				5,
				6,
				7,
				8,
				9,
				10,
				11,
				12,
				13,
				14,
				15,
				16,
				17,
				18,
				19,
				20,
				21,
				22,
				23,
				24,
				25,
				26,
				27,
				28,
				29,
				30,
				31,
				32,
				33,
				34,
				35,
				36,
				37,
				38,
				39,
				40,
				41,
				42,
				43,
				44,
				45,
				46,
				47,
				48,
				49,
				50,
				51,
				52,
				53,
				54,
				55,
				56,
				57,
				58,
				59,
				60,
				61,
				62,
				63,
				64,
				65,
				66,
				67,
				68
			]
		}
	]
}