{
	"credit": "Made with Blockbench",
	"texture_size": [64, 64],
	"textures": {
		"0": "item/warpaxe1",
		"particle": "item/warpaxe1"
	},
	"elements": [
		{
			"from": [8, 1, 8],
			"to": [9, 22, 10],
			"rotation": {"angle": 0, "axis": "y", "origin": [7, 1, 10]},
			"faces": {
				"north": {"uv": [0, 3, 0.25, 8.25], "texture": "#0"},
				"east": {"uv": [2.25, 0, 2.75, 5.25], "texture": "#0"},
				"south": {"uv": [0.25, 3, 0.5, 8.25], "texture": "#0"},
				"west": {"uv": [2.75, 0, 3.25, 5.25], "texture": "#0"},
				"up": {"uv": [2.25, 4.75, 2, 4.25], "texture": "#0"},
				"down": {"uv": [4.5, 2.25, 4.25, 2.75], "texture": "#0"}
			}
		},
		{
			"from": [8, 15, -1],
			"to": [9, 21, 8],
			"rotation": {"angle": 0, "axis": "y", "origin": [7, 20, 6]},
			"faces": {
				"north": {"uv": [1, 3, 1.25, 4.5], "texture": "#0"},
				"east": {"uv": [0, 0, 2.25, 1.5], "texture": "#0"},
				"south": {"uv": [1.25, 3, 1.5, 4.5], "texture": "#0"},
				"west": {"uv": [0, 1.5, 2.25, 3], "texture": "#0"},
				"up": {"uv": [0.75, 5.25, 0.5, 3], "texture": "#0"},
				"down": {"uv": [1, 3, 0.75, 5.25], "texture": "#0"}
			}
		},
		{
			"from": [8, 14.5, 0],
			"to": [9, 15.5, 5],
			"rotation": {"angle": 0, "axis": "y", "origin": [7, 7.5, 2]},
			"faces": {
				"north": {"uv": [4.25, 3.5, 4.5, 3.75], "texture": "#0"},
				"east": {"uv": [3.25, 0, 4.5, 0.25], "texture": "#0"},
				"south": {"uv": [4.25, 3.75, 4.5, 4], "texture": "#0"},
				"west": {"uv": [3.25, 0.25, 4.5, 0.5], "texture": "#0"},
				"up": {"uv": [1.75, 4.25, 1.5, 3], "texture": "#0"},
				"down": {"uv": [2, 3, 1.75, 4.25], "texture": "#0"}
			}
		},
		{
			"from": [8, 21, 0],
			"to": [9, 22, 5],
			"rotation": {"angle": 0, "axis": "y", "origin": [7, 14, 2]},
			"faces": {
				"north": {"uv": [4.25, 4, 4.5, 4.25], "texture": "#0"},
				"east": {"uv": [3.25, 0.5, 4.5, 0.75], "texture": "#0"},
				"south": {"uv": [4.25, 4.25, 4.5, 4.5], "texture": "#0"},
				"west": {"uv": [3.25, 0.75, 4.5, 1], "texture": "#0"},
				"up": {"uv": [2.25, 4.25, 2, 3], "texture": "#0"},
				"down": {"uv": [3.5, 1, 3.25, 2.25], "texture": "#0"}
			}
		},
		{
			"from": [8, 23, 2],
			"to": [9, 24, 4],
			"rotation": {"angle": 0, "axis": "y", "origin": [7, 16, 2]},
			"faces": {
				"north": {"uv": [4.5, 0, 4.75, 0.25], "texture": "#0"},
				"east": {"uv": [4.25, 1.5, 4.75, 1.75], "texture": "#0"},
				"south": {"uv": [4.5, 0.25, 4.75, 0.5], "texture": "#0"},
				"west": {"uv": [4, 1.75, 4.5, 2], "texture": "#0"},
				"up": {"uv": [1.75, 5, 1.5, 4.5], "texture": "#0"},
				"down": {"uv": [2, 4.5, 1.75, 5], "texture": "#0"}
			}
		},
		{
			"from": [8, 22, 1],
			"to": [9, 23, 5],
			"rotation": {"angle": 0, "axis": "y", "origin": [7, 15, 2]},
			"faces": {
				"north": {"uv": [4.5, 0.5, 4.75, 0.75], "texture": "#0"},
				"east": {"uv": [3.25, 2.25, 4.25, 2.5], "texture": "#0"},
				"south": {"uv": [4.5, 0.75, 4.75, 1], "texture": "#0"},
				"west": {"uv": [3.25, 2.5, 4.25, 2.75], "texture": "#0"},
				"up": {"uv": [3.5, 3.75, 3.25, 2.75], "texture": "#0"},
				"down": {"uv": [3.75, 1, 3.5, 2], "texture": "#0"}
			}
		},
		{
			"from": [8, 12.5, 2],
			"to": [9, 13.5, 6],
			"rotation": {"angle": 0, "axis": "y", "origin": [7, 5.5, 2]},
			"faces": {
				"north": {"uv": [1, 4.5, 1.25, 4.75], "texture": "#0"},
				"east": {"uv": [3.5, 2, 4.5, 2.25], "texture": "#0"},
				"south": {"uv": [1.25, 4.5, 1.5, 4.75], "texture": "#0"},
				"west": {"uv": [3.5, 2.75, 4.5, 3], "texture": "#0"},
				"up": {"uv": [3.75, 4, 3.5, 3], "texture": "#0"},
				"down": {"uv": [4, 1, 3.75, 2], "texture": "#0"}
			}
		},
		{
			"from": [8, 11.5, 3],
			"to": [9, 12.5, 7],
			"rotation": {"angle": 0, "axis": "y", "origin": [7, 4.5, 2]},
			"faces": {
				"north": {"uv": [4.5, 2, 4.75, 2.25], "texture": "#0"},
				"east": {"uv": [3.75, 3, 4.75, 3.25], "texture": "#0"},
				"south": {"uv": [4.5, 2.25, 4.75, 2.5], "texture": "#0"},
				"west": {"uv": [3.75, 3.25, 4.75, 3.5], "texture": "#0"},
				"up": {"uv": [3.5, 4.75, 3.25, 3.75], "texture": "#0"},
				"down": {"uv": [4, 3.5, 3.75, 4.5], "texture": "#0"}
			}
		},
		{
			"from": [8, 13.5, 1],
			"to": [9, 14.5, 5],
			"rotation": {"angle": 0, "axis": "y", "origin": [7, 6.5, 2]},
			"faces": {
				"north": {"uv": [4.5, 2.5, 4.75, 2.75], "texture": "#0"},
				"east": {"uv": [4, 1, 5, 1.25], "texture": "#0"},
				"south": {"uv": [4.5, 2.75, 4.75, 3], "texture": "#0"},
				"west": {"uv": [4, 1.25, 5, 1.5], "texture": "#0"},
				"up": {"uv": [3.75, 5, 3.5, 4], "texture": "#0"},
				"down": {"uv": [4.25, 3.5, 4, 4.5], "texture": "#0"}
			}
		}
	],
	"display": {
		"thirdperson_righthand": {
			"translation": [0, -0.25, 0.75],
			"scale": [0.9, 0.9, 0.9]
		},
		"firstperson_righthand": {
			"translation": [0.75, -1.25, 0],
			"scale": [0.9, 0.9, 0.9]
		},
		"gui": {
			"rotation": [89, -126, 86],
			"translation": [-0.5, -2.25, 0],
			"scale": [0.97, 0.99, 0.98]
		}
	},
	"groups": [
		{
			"name": "group",
			"origin": [8, 8, 8],
			"color": 0,
			"children": [0, 1, 2, 3, 4, 5, 6, 7, 8]
		}
	]
}