{
	"parent": "minecraft:item/generated",
	"textures": {
		"layer0": "minecraft:item/wheat"
	},
	"overrides": [
		{
			"predicate": { "custom_model_data": 1001 },
			"model": "item/portol"
		},
		{
			"predicate": { "custom_model_data": 1002 },
			"model": "item/mask"
		},
		{
			"predicate": { "custom_model_data": 1003 },
			"model": "item/identity/sweep_mask"
		},
		{
			"predicate": { "custom_model_data": 1004 },
			"model": "item/identity/bloodfiend_mask"
		},
		{
			"predicate": { "custom_model_data": 1005 },
			"model": "item/identity/k3_helmet"
		},
		{
			"predicate": { "custom_model_data": 1006 },
			"model": "item/identity/ring_hat"
		},
		{
			"predicate": { "custom_model_data": 1007 },
			"model": "item/identity/syu_hat"
		},
		{
			"predicate": { "custom_model_data": 1008 },
			"model": "item/identity/warp_hat"
		},
		{
			"predicate": { "custom_model_data": 1009 },
			"model": "item/identity/thumb_hat"
		},
		{
			"predicate": { "custom_model_data": 2001 },
			"model": "item/identity/heishou_hat"
		},
		{
			"predicate": { "custom_model_data": 2002 },
			"model": "item/identity/shi_hat"
		}
    ]
}