{
	"credit": "Made with Blockbench",
	"texture_size": [128, 128],
	"textures": {
		"2": "block/texture",
		"particle": "texture1"
	},
	"elements": [
		{
			"from": [-0.5, 21.51172, 6.75744],
			"to": [1.75, 22.98772, 7.75744],
			"rotation": {"angle": 45, "axis": "x", "origin": [1, 22.48772, 7.25744]},
			"faces": {
				"north": {"uv": [6.375, 2.875, 6.6875, 3.0625], "texture": "#2"},
				"east": {"uv": [4.5, 4.625, 4.625, 4.8125], "texture": "#2"},
				"south": {"uv": [6.375, 3.125, 6.6875, 3.3125], "texture": "#2"},
				"west": {"uv": [4.5, 4.875, 4.625, 5.0625], "texture": "#2"},
				"up": {"uv": [4.0625, 6.625, 3.75, 6.5], "texture": "#2"},
				"down": {"uv": [4.4375, 6.5, 4.125, 6.625], "texture": "#2"}
			}
		},
		{
			"from": [-0.78, 13.97248, 4.99194],
			"to": [2, 20.55879, 7.12794],
			"rotation": {"angle": 0, "axis": "y", "origin": [0, 20.04679, 5.0029]},
			"faces": {
				"north": {"uv": [3.75, 4.375, 4.125, 5.1875], "texture": "#2"},
				"east": {"uv": [4.625, 3.375, 4.875, 4.1875], "texture": "#2"},
				"south": {"uv": [4.125, 4.375, 4.5, 5.1875], "texture": "#2"},
				"west": {"uv": [4.625, 4.25, 4.875, 5.0625], "texture": "#2"},
				"up": {"uv": [6, 1.375, 5.625, 1.125], "texture": "#2"},
				"down": {"uv": [5.875, 5.75, 5.5, 6], "texture": "#2"}
			}
		},
		{
			"from": [-0.5, 21.98772, 4.34669],
			"to": [1.75, 22.98772, 5.82269],
			"rotation": {"angle": 45, "axis": "x", "origin": [1, 22.48772, 4.84669]},
			"faces": {
				"north": {"uv": [2, 6.625, 2.3125, 6.75], "texture": "#2"},
				"east": {"uv": [6.625, 2.625, 6.8125, 2.75], "texture": "#2"},
				"south": {"uv": [6.625, 2.5, 6.9375, 2.625], "texture": "#2"},
				"west": {"uv": [2.75, 6.625, 2.9375, 6.75], "texture": "#2"},
				"up": {"uv": [6.6875, 3.5625, 6.375, 3.375], "texture": "#2"},
				"down": {"uv": [6.6875, 3.625, 6.375, 3.8125], "texture": "#2"}
			}
		},
		{
			"from": [-0.5, 21.05019, 6.93141],
			"to": [1.75, 22.83619, 8.29141],
			"rotation": {"angle": -22.5, "axis": "x", "origin": [1, 21.84319, 9.00559]},
			"faces": {
				"north": {"uv": [1.25, 5.875, 1.5625, 6.125], "texture": "#2"},
				"east": {"uv": [6.5, 0.75, 6.6875, 1], "texture": "#2"},
				"south": {"uv": [5.875, 1.375, 6.1875, 1.625], "texture": "#2"},
				"west": {"uv": [6.5, 1, 6.6875, 1.25], "texture": "#2"},
				"up": {"uv": [6.6875, 4.0625, 6.375, 3.875], "texture": "#2"},
				"down": {"uv": [6.6875, 4.125, 6.375, 4.3125], "texture": "#2"}
			}
		},
		{
			"from": [0, 14, 2.5],
			"to": [1.25, 49, 9.5],
			"rotation": {"angle": 0, "axis": "y", "origin": [0, 20, 4]},
			"faces": {
				"north": {"uv": [4.25, 0, 4.4375, 4.375], "texture": "#2"},
				"east": {"uv": [2.5, 0, 3.375, 4.375], "texture": "#2"},
				"south": {"uv": [2.5, 4.375, 2.6875, 8.75], "texture": "#2"},
				"west": {"uv": [3.375, 0, 4.25, 4.375], "texture": "#2"},
				"up": {"uv": [5.0625, 4.75, 4.875, 3.875], "texture": "#2"},
				"down": {"uv": [5.0625, 4.75, 4.875, 5.625], "texture": "#2"}
			}
		},
		{
			"from": [-0.5, 13.99467, 3.45611],
			"to": [1.75, 20.83767, 4.72211],
			"rotation": {"angle": 0, "axis": "y", "origin": [1, 18.27567, 3.96611]},
			"faces": {
				"north": {"uv": [4.625, 0, 4.9375, 0.875], "texture": "#2"},
				"east": {"uv": [5, 0, 5.1875, 0.875], "texture": "#2"},
				"south": {"uv": [0.125, 4.625, 0.4375, 5.5], "texture": "#2"},
				"west": {"uv": [5.125, 3.875, 5.3125, 4.75], "texture": "#2"},
				"up": {"uv": [6.6875, 4.5625, 6.375, 4.375], "texture": "#2"},
				"down": {"uv": [6.6875, 4.625, 6.375, 4.8125], "texture": "#2"}
			}
		},
		{
			"from": [-0.5, 20.12132, 3.62909],
			"to": [1.75, 21.90732, 4.98909],
			"rotation": {"angle": 22.5, "axis": "x", "origin": [1, 20.91432, 5.34328]},
			"faces": {
				"north": {"uv": [1.625, 5.875, 1.9375, 6.125], "texture": "#2"},
				"east": {"uv": [6.5, 1.25, 6.6875, 1.5], "texture": "#2"},
				"south": {"uv": [5.875, 1.625, 6.1875, 1.875], "texture": "#2"},
				"west": {"uv": [6.5, 1.5, 6.6875, 1.75], "texture": "#2"},
				"up": {"uv": [6.6875, 5.0625, 6.375, 4.875], "texture": "#2"},
				"down": {"uv": [6.6875, 5.125, 6.375, 5.3125], "texture": "#2"}
			}
		},
		{
			"from": [-0.5, 13.906, 7.38324],
			"to": [1.75, 20.83725, 8.64924],
			"rotation": {"angle": 0, "axis": "y", "origin": [1, 18.46325, 8.16724]},
			"faces": {
				"north": {"uv": [0.5, 4.625, 0.8125, 5.5], "texture": "#2"},
				"east": {"uv": [4.5, 5.125, 4.6875, 6], "texture": "#2"},
				"south": {"uv": [0.875, 4.625, 1.1875, 5.5], "texture": "#2"},
				"west": {"uv": [5.125, 4.75, 5.3125, 5.625], "texture": "#2"},
				"up": {"uv": [6.6875, 5.5625, 6.375, 5.375], "texture": "#2"},
				"down": {"uv": [6.6875, 5.625, 6.375, 5.8125], "texture": "#2"}
			}
		},
		{
			"from": [-0.5, 21.94483, 4.84669],
			"to": [1.75, 23.19483, 7.25744],
			"rotation": {"angle": 0, "axis": "y", "origin": [1, 22.65483, 6.21156]},
			"faces": {
				"north": {"uv": [6.375, 5.875, 6.6875, 6.0625], "texture": "#2"},
				"east": {"uv": [6.375, 6.125, 6.6875, 6.3125], "texture": "#2"},
				"south": {"uv": [6.375, 6.375, 6.6875, 6.5625], "texture": "#2"},
				"west": {"uv": [6.5, 0, 6.8125, 0.1875], "texture": "#2"},
				"up": {"uv": [5.8125, 4.9375, 5.5, 4.625], "texture": "#2"},
				"down": {"uv": [5.8125, 5, 5.5, 5.3125], "texture": "#2"}
			}
		},
		{
			"from": [0.28516, 13.99219, 1],
			"to": [0.93516, 51, 11],
			"rotation": {"angle": 0, "axis": "y", "origin": [0.28516, 17, 0]},
			"faces": {
				"north": {"uv": [4.5, 0, 4.5625, 4.625], "texture": "#2"},
				"east": {"uv": [0, 0, 1.25, 4.625], "texture": "#2"},
				"south": {"uv": [0, 4.625, 0.0625, 9.25], "texture": "#2"},
				"west": {"uv": [1.25, 0, 2.5, 4.625], "texture": "#2"},
				"up": {"uv": [5.3125, 6.875, 5.25, 5.625], "texture": "#2"},
				"down": {"uv": [2.4375, 5.875, 2.375, 7.125], "texture": "#2"}
			}
		},
		{
			"from": [-0.78, 19.65967, 5.17199],
			"to": [2, 20.82367, 6.31999],
			"rotation": {"angle": -22.5, "axis": "x", "origin": [0.61, 20.24167, 5.73238]},
			"faces": {
				"north": {"uv": [5.25, 0.75, 5.625, 0.875], "texture": "#2"},
				"east": {"uv": [5.375, 6.375, 5.5, 6.5], "texture": "#2"},
				"south": {"uv": [5.625, 3.75, 6, 3.875], "texture": "#2"},
				"west": {"uv": [5.375, 6.5, 5.5, 6.625], "texture": "#2"},
				"up": {"uv": [6.875, 1.875, 6.5, 1.75], "texture": "#2"},
				"down": {"uv": [6.875, 1.875, 6.5, 2], "texture": "#2"}
			}
		},
		{
			"from": [-0.78, 19.68242, 5.78961],
			"to": [2, 20.83042, 6.95361],
			"rotation": {"angle": 22.5, "axis": "x", "origin": [0.61, 20.25642, 6.358]},
			"faces": {
				"north": {"uv": [6.5, 2, 6.875, 2.125], "texture": "#2"},
				"east": {"uv": [6.625, 2.75, 6.75, 2.875], "texture": "#2"},
				"south": {"uv": [6.5, 2.125, 6.875, 2.25], "texture": "#2"},
				"west": {"uv": [3, 6.625, 3.125, 6.75], "texture": "#2"},
				"up": {"uv": [6.875, 2.375, 6.5, 2.25], "texture": "#2"},
				"down": {"uv": [6.875, 2.375, 6.5, 2.5], "texture": "#2"}
			}
		},
		{
			"from": [-1.36, 11.732, 9.972],
			"to": [2.64, 14.308, 12.072],
			"rotation": {"angle": 0, "axis": "y", "origin": [-1.36, 12, 16.54]},
			"faces": {
				"north": {"uv": [5, 2.625, 5.5, 2.9375], "texture": "#2"},
				"east": {"uv": [5.875, 4.625, 6.125, 4.9375], "texture": "#2"},
				"south": {"uv": [5, 3, 5.5, 3.3125], "texture": "#2"},
				"west": {"uv": [5.875, 5, 6.125, 5.3125], "texture": "#2"},
				"up": {"uv": [6, 2.375, 5.5, 2.125], "texture": "#2"},
				"down": {"uv": [6, 2.375, 5.5, 2.625], "texture": "#2"}
			}
		},
		{
			"from": [-1.064, 12, 1.96],
			"to": [2.344, 14, 10.2],
			"rotation": {"angle": 0, "axis": "y", "origin": [-1.36, 12, 9]},
			"faces": {
				"north": {"uv": [5.5, 3.125, 5.9375, 3.375], "texture": "#2"},
				"east": {"uv": [4.625, 0.875, 5.625, 1.125], "texture": "#2"},
				"south": {"uv": [5.5, 3.875, 5.9375, 4.125], "texture": "#2"},
				"west": {"uv": [4.625, 1.125, 5.625, 1.375], "texture": "#2"},
				"up": {"uv": [3.1875, 5.375, 2.75, 4.375], "texture": "#2"},
				"down": {"uv": [3.6875, 4.375, 3.25, 5.375], "texture": "#2"}
			}
		},
		{
			"from": [-1.36, 11.732, -0.044],
			"to": [2.64, 14.308, 1.992],
			"rotation": {"angle": 0, "axis": "y", "origin": [-1.36, 12, 6.46]},
			"faces": {
				"north": {"uv": [5.25, 0, 5.75, 0.3125], "texture": "#2"},
				"east": {"uv": [5.875, 5.375, 6.125, 5.6875], "texture": "#2"},
				"south": {"uv": [5.25, 0.375, 5.75, 0.6875], "texture": "#2"},
				"west": {"uv": [5.875, 5.75, 6.125, 6.0625], "texture": "#2"},
				"up": {"uv": [6, 2.875, 5.5, 2.625], "texture": "#2"},
				"down": {"uv": [6, 2.875, 5.5, 3.125], "texture": "#2"}
			}
		},
		{
			"from": [-0.712, 11.412, 3.324],
			"to": [1.996, 13.412, 8.792],
			"rotation": {"angle": 0, "axis": "y", "origin": [-0.184, 11.412, 6.048]},
			"faces": {
				"north": {"uv": [5.875, 1.875, 6.1875, 2.125], "texture": "#2"},
				"east": {"uv": [4.875, 3.375, 5.5625, 3.625], "texture": "#2"},
				"south": {"uv": [6, 0.75, 6.3125, 1], "texture": "#2"},
				"west": {"uv": [4.875, 3.625, 5.5625, 3.875], "texture": "#2"},
				"up": {"uv": [2.3125, 5.3125, 2, 4.625], "texture": "#2"},
				"down": {"uv": [4.9375, 2.625, 4.625, 3.3125], "texture": "#2"}
			}
		},
		{
			"from": [-0.51245, 10.9602, 3.7334],
			"to": [1.78935, 12.6602, 8.3812],
			"rotation": {"angle": 0, "axis": "y", "origin": [0.63845, 11.8102, 6.0573]},
			"faces": {
				"north": {"uv": [6.5, 0.25, 6.8125, 0.4375], "texture": "#2"},
				"east": {"uv": [5.5, 4.125, 6.0625, 4.3125], "texture": "#2"},
				"south": {"uv": [6.5, 0.5, 6.8125, 0.6875], "texture": "#2"},
				"west": {"uv": [5.5, 4.375, 6.0625, 4.5625], "texture": "#2"},
				"up": {"uv": [5.1875, 1.9375, 4.875, 1.375], "texture": "#2"},
				"down": {"uv": [5.1875, 2, 4.875, 2.5625], "texture": "#2"}
			}
		},
		{
			"from": [-0.528, 2.272, 4.268],
			"to": [1.844, 4.952, 6.948],
			"rotation": {"angle": 45, "axis": "x", "origin": [-0.34, 2.612, 4.608]},
			"faces": {
				"north": {"uv": [5.5, 5.375, 5.8125, 5.6875], "texture": "#2"},
				"east": {"uv": [5.625, 0.75, 5.9375, 1.0625], "texture": "#2"},
				"south": {"uv": [5.625, 3.375, 5.9375, 3.6875], "texture": "#2"},
				"west": {"uv": [4.875, 5.625, 5.1875, 5.9375], "texture": "#2"},
				"up": {"uv": [6.0625, 0.3125, 5.75, 0], "texture": "#2"},
				"down": {"uv": [6.0625, 0.375, 5.75, 0.6875], "texture": "#2"}
			}
		},
		{
			"from": [-0.208, 2.088, 4.084],
			"to": [1.496, 5.164, 7.132],
			"rotation": {"angle": 45, "axis": "x", "origin": [-0.34, 2.612, 4.608]},
			"faces": {
				"north": {"uv": [6, 1, 6.1875, 1.375], "texture": "#2"},
				"east": {"uv": [5.5, 1.375, 5.875, 1.75], "texture": "#2"},
				"south": {"uv": [6.125, 0, 6.3125, 0.375], "texture": "#2"},
				"west": {"uv": [5.5, 1.75, 5.875, 2.125], "texture": "#2"},
				"up": {"uv": [6.3125, 0.75, 6.125, 0.375], "texture": "#2"},
				"down": {"uv": [6.5625, 2.5, 6.375, 2.875], "texture": "#2"}
			}
		},
		{
			"from": [0.56772, 2.604, 4.61753],
			"to": [0.96772, 12.2, 5.81753],
			"rotation": {"angle": -22.5, "axis": "y", "origin": [0.8336, 12.2, 5.29408]},
			"faces": {
				"north": {"uv": [6, 2.125, 6.0625, 3.3125], "texture": "#2"},
				"east": {"uv": [2.375, 4.625, 2.5, 5.8125], "texture": "#2"},
				"south": {"uv": [4.5, 6, 4.5625, 7.1875], "texture": "#2"},
				"west": {"uv": [4.75, 5.125, 4.875, 6.3125], "texture": "#2"},
				"up": {"uv": [3.1875, 6.75, 3.125, 6.625], "texture": "#2"},
				"down": {"uv": [3.3125, 6.625, 3.25, 6.75], "texture": "#2"}
			}
		},
		{
			"from": [0.35873, 2.604, 5.27939],
			"to": [1.55873, 12.2, 5.67939],
			"rotation": {"angle": 22.5, "axis": "y", "origin": [0.83473, 12.2, 5.29079]},
			"faces": {
				"north": {"uv": [5.25, 1.375, 5.375, 2.5625], "texture": "#2"},
				"east": {"uv": [4.625, 6, 4.6875, 7.1875], "texture": "#2"},
				"south": {"uv": [3.75, 5.25, 3.875, 6.4375], "texture": "#2"},
				"west": {"uv": [4.875, 6, 4.9375, 7.1875], "texture": "#2"},
				"up": {"uv": [3.5, 6.6875, 3.375, 6.625], "texture": "#2"},
				"down": {"uv": [3.625, 6.625, 3.5, 6.6875], "texture": "#2"}
			}
		},
		{
			"from": [0.70127, 2.604, 4.61754],
			"to": [1.10127, 12.2, 5.81754],
			"rotation": {"angle": -45, "axis": "y", "origin": [0.83473, 12.2, 5.29079]},
			"faces": {
				"north": {"uv": [5, 6, 5.0625, 7.1875], "texture": "#2"},
				"east": {"uv": [3.875, 5.25, 4, 6.4375], "texture": "#2"},
				"south": {"uv": [5.125, 6, 5.1875, 7.1875], "texture": "#2"},
				"west": {"uv": [4, 5.25, 4.125, 6.4375], "texture": "#2"},
				"up": {"uv": [3.6875, 6.75, 3.625, 6.625], "texture": "#2"},
				"down": {"uv": [3.8125, 6.625, 3.75, 6.75], "texture": "#2"}
			}
		},
		{
			"from": [0.448, 2.604, 4.564],
			"to": [0.848, 12.2, 5.764],
			"rotation": {"angle": 0, "axis": "y", "origin": [0.83473, 12.2, 5.29079]},
			"faces": {
				"north": {"uv": [5.5, 6, 5.5625, 7.1875], "texture": "#2"},
				"east": {"uv": [4.125, 5.25, 4.25, 6.4375], "texture": "#2"},
				"south": {"uv": [5.625, 6, 5.6875, 7.1875], "texture": "#2"},
				"west": {"uv": [4.25, 5.25, 4.375, 6.4375], "texture": "#2"},
				"up": {"uv": [3.9375, 6.75, 3.875, 6.625], "texture": "#2"},
				"down": {"uv": [4.0625, 6.625, 4, 6.75], "texture": "#2"}
			}
		},
		{
			"from": [-0.36075, 2.604, 5.36833],
			"to": [0.83925, 12.2, 6.66833],
			"rotation": {"angle": 0, "axis": "y", "origin": [0.36604, 12.2, 6.2816]},
			"faces": {
				"north": {"uv": [4.375, 5.25, 4.5, 6.4375], "texture": "#2"},
				"east": {"uv": [1.25, 4.625, 1.4375, 5.8125], "texture": "#2"},
				"south": {"uv": [5.375, 1.375, 5.5, 2.5625], "texture": "#2"},
				"west": {"uv": [4.625, 1.375, 4.8125, 2.5625], "texture": "#2"},
				"up": {"uv": [6.125, 3.5625, 6, 3.375], "texture": "#2"},
				"down": {"uv": [6.125, 3.625, 6, 3.8125], "texture": "#2"}
			}
		},
		{
			"from": [0.23257, 2.604, 4.70835],
			"to": [0.63257, 12.2, 5.90835],
			"rotation": {"angle": 45, "axis": "y", "origin": [0.36604, 12.2, 5.3816]},
			"faces": {
				"north": {"uv": [5.75, 6, 5.8125, 7.1875], "texture": "#2"},
				"east": {"uv": [2, 5.375, 2.125, 6.5625], "texture": "#2"},
				"south": {"uv": [1.25, 6.125, 1.3125, 7.3125], "texture": "#2"},
				"west": {"uv": [2.125, 5.375, 2.25, 6.5625], "texture": "#2"},
				"up": {"uv": [4.1875, 6.75, 4.125, 6.625], "texture": "#2"},
				"down": {"uv": [4.3125, 6.625, 4.25, 6.75], "texture": "#2"}
			}
		},
		{
			"from": [0.35464, 2.604, 4.6576],
			"to": [0.75464, 12.2, 5.8576],
			"rotation": {"angle": 22.5, "axis": "y", "origin": [0.36604, 12.2, 5.3816]},
			"faces": {
				"north": {"uv": [1.375, 6.125, 1.4375, 7.3125], "texture": "#2"},
				"east": {"uv": [2.25, 5.375, 2.375, 6.5625], "texture": "#2"},
				"south": {"uv": [1.5, 6.125, 1.5625, 7.3125], "texture": "#2"},
				"west": {"uv": [2.75, 5.375, 2.875, 6.5625], "texture": "#2"},
				"up": {"uv": [4.4375, 6.75, 4.375, 6.625], "texture": "#2"},
				"down": {"uv": [4.8125, 6.625, 4.75, 6.75], "texture": "#2"}
			}
		},
		{
			"from": [-0.3105, 2.604, 5.24748],
			"to": [0.8895, 12.2, 5.64748],
			"rotation": {"angle": -22.5, "axis": "y", "origin": [0.36604, 12.2, 5.3816]},
			"faces": {
				"north": {"uv": [2.875, 5.375, 3, 6.5625], "texture": "#2"},
				"east": {"uv": [1.625, 6.125, 1.6875, 7.3125], "texture": "#2"},
				"south": {"uv": [3, 5.375, 3.125, 6.5625], "texture": "#2"},
				"west": {"uv": [1.75, 6.125, 1.8125, 7.3125], "texture": "#2"},
				"up": {"uv": [5.5, 6.6875, 5.375, 6.625], "texture": "#2"},
				"down": {"uv": [6.5, 6.625, 6.375, 6.6875], "texture": "#2"}
			}
		},
		{
			"from": [0.36692, 2.604, 6.29584],
			"to": [0.76692, 12.2, 7.49584],
			"rotation": {"angle": -22.5, "axis": "y", "origin": [0.66122, 12.2, 6.67492]},
			"faces": {
				"north": {"uv": [1.875, 6.125, 1.9375, 7.3125], "texture": "#2"},
				"east": {"uv": [3.125, 5.375, 3.25, 6.5625], "texture": "#2"},
				"south": {"uv": [6.125, 2.125, 6.1875, 3.3125], "texture": "#2"},
				"west": {"uv": [3.25, 5.375, 3.375, 6.5625], "texture": "#2"},
				"up": {"uv": [6.5625, 6.75, 6.5, 6.625], "texture": "#2"},
				"down": {"uv": [6.6875, 6.625, 6.625, 6.75], "texture": "#2"}
			}
		},
		{
			"from": [-0.28044, 2.604, 6.27774],
			"to": [0.91956, 12.2, 6.67774],
			"rotation": {"angle": 22.5, "axis": "y", "origin": [0.66122, 12.2, 6.67492]},
			"faces": {
				"north": {"uv": [3.375, 5.375, 3.5, 6.5625], "texture": "#2"},
				"east": {"uv": [6.125, 3.375, 6.1875, 4.5625], "texture": "#2"},
				"south": {"uv": [3.5, 5.375, 3.625, 6.5625], "texture": "#2"},
				"west": {"uv": [6.125, 4.625, 6.1875, 5.8125], "texture": "#2"},
				"up": {"uv": [0.25, 6.8125, 0.125, 6.75], "texture": "#2"},
				"down": {"uv": [0.375, 6.75, 0.25, 6.8125], "texture": "#2"}
			}
		},
		{
			"from": [-0.20984, 2.604, 6.31717],
			"to": [0.99016, 12.2, 6.71717],
			"rotation": {"angle": 45, "axis": "y", "origin": [0.66122, 12.2, 6.67492]},
			"faces": {
				"north": {"uv": [3.625, 5.375, 3.75, 6.5625], "texture": "#2"},
				"east": {"uv": [5.875, 6.125, 5.9375, 7.3125], "texture": "#2"},
				"south": {"uv": [5.375, 3.875, 5.5, 5.0625], "texture": "#2"},
				"west": {"uv": [6.125, 5.875, 6.1875, 7.0625], "texture": "#2"},
				"up": {"uv": [0.5, 6.8125, 0.375, 6.75], "texture": "#2"},
				"down": {"uv": [0.625, 6.75, 0.5, 6.8125], "texture": "#2"}
			}
		},
		{
			"from": [0.44358, 2.604, 6.27709],
			"to": [0.84358, 12.2, 7.47709],
			"rotation": {"angle": 0, "axis": "y", "origin": [0.66122, 12.2, 6.67492]},
			"faces": {
				"north": {"uv": [6, 6.125, 6.0625, 7.3125], "texture": "#2"},
				"east": {"uv": [5.375, 5.125, 5.5, 6.3125], "texture": "#2"},
				"south": {"uv": [6.25, 1, 6.3125, 2.1875], "texture": "#2"},
				"west": {"uv": [0.125, 5.5, 0.25, 6.6875], "texture": "#2"},
				"up": {"uv": [0.6875, 6.875, 0.625, 6.75], "texture": "#2"},
				"down": {"uv": [0.8125, 6.75, 0.75, 6.875], "texture": "#2"}
			}
		},
		{
			"from": [0.45233, 2.604, 5.37275],
			"to": [1.65233, 12.2, 6.67275],
			"rotation": {"angle": 0, "axis": "y", "origin": [0.66122, 12.2, 6.67492]},
			"faces": {
				"north": {"uv": [0.25, 5.5, 0.375, 6.6875], "texture": "#2"},
				"east": {"uv": [1.5, 4.625, 1.6875, 5.8125], "texture": "#2"},
				"south": {"uv": [0.375, 5.5, 0.5, 6.6875], "texture": "#2"},
				"west": {"uv": [1.75, 4.625, 1.9375, 5.8125], "texture": "#2"},
				"up": {"uv": [6.125, 4.0625, 6, 3.875], "texture": "#2"},
				"down": {"uv": [4.875, 6.375, 4.75, 6.5625], "texture": "#2"}
			}
		},
		{
			"from": [0.5925, 2.604, 6.32416],
			"to": [0.9925, 12.2, 7.52416],
			"rotation": {"angle": 45, "axis": "y", "origin": [0.66122, 12.2, 6.67492]},
			"faces": {
				"north": {"uv": [6.25, 2.25, 6.3125, 3.4375], "texture": "#2"},
				"east": {"uv": [0.5, 5.5, 0.625, 6.6875], "texture": "#2"},
				"south": {"uv": [6.25, 3.5, 6.3125, 4.6875], "texture": "#2"},
				"west": {"uv": [0.625, 5.5, 0.75, 6.6875], "texture": "#2"},
				"up": {"uv": [6.8125, 0.875, 6.75, 0.75], "texture": "#2"},
				"down": {"uv": [0.9375, 6.75, 0.875, 6.875], "texture": "#2"}
			}
		},
		{
			"from": [0.52272, 2.604, 6.28581],
			"to": [0.92272, 12.2, 7.48581],
			"rotation": {"angle": 22.5, "axis": "y", "origin": [0.66122, 12.2, 6.67492]},
			"faces": {
				"north": {"uv": [6.25, 4.75, 6.3125, 5.9375], "texture": "#2"},
				"east": {"uv": [0.75, 5.5, 0.875, 6.6875], "texture": "#2"},
				"south": {"uv": [6.25, 6, 6.3125, 7.1875], "texture": "#2"},
				"west": {"uv": [0.875, 5.5, 1, 6.6875], "texture": "#2"},
				"up": {"uv": [6.8125, 1, 6.75, 0.875], "texture": "#2"},
				"down": {"uv": [1.0625, 6.75, 1, 6.875], "texture": "#2"}
			}
		},
		{
			"from": [0.37606, 2.604, 6.29364],
			"to": [1.57606, 12.2, 6.69364],
			"rotation": {"angle": -22.5, "axis": "y", "origin": [0.66122, 12.2, 6.67492]},
			"faces": {
				"north": {"uv": [1, 5.5, 1.125, 6.6875], "texture": "#2"},
				"east": {"uv": [6.375, 0, 6.4375, 1.1875], "texture": "#2"},
				"south": {"uv": [1.125, 5.5, 1.25, 6.6875], "texture": "#2"},
				"west": {"uv": [6.375, 1.25, 6.4375, 2.4375], "texture": "#2"},
				"up": {"uv": [6.875, 1.0625, 6.75, 1], "texture": "#2"},
				"down": {"uv": [1.25, 6.75, 1.125, 6.8125], "texture": "#2"}
			}
		}
	],
	"display": {
		"thirdperson_righthand": {
			"rotation": [13, 0, 0],
			"translation": [7.5, -0.5, 2.5]
		}
	},
	"groups": [
		{
			"name": "group",
			"origin": [8, 8, 8],
			"color": 0,
			"children": [
				0,
				1,
				2,
				3,
				4,
				5,
				6,
				7,
				8,
				9,
				10,
				11,
				12,
				13,
				14,
				15,
				16,
				17,
				18,
				{
					"name": "group",
					"origin": [8.81322, 0.2, 7.51092],
					"color": 0,
					"children": [19, 20, 21, 22, 23, 24, 25, 26, 27, 28, 29, 30, 31, 32, 33, 34]
				}
			]
		}
	]
}