{"providers":[{"type":"bitmap","file":"nameplates:font/base/space_split.png","ascent":-5000,"height":-3,"chars":["\uf800"]},{"type":"bitmap","file":"nameplates:font/base/space_split.png","ascent":-5000,"height":-4,"chars":["\uf801"]},{"type":"bitmap","file":"nameplates:font/base/space_split.png","ascent":-5000,"height":-5,"chars":["\uf802"]},{"type":"bitmap","file":"nameplates:font/base/space_split.png","ascent":-5000,"height":-6,"chars":["\uf803"]},{"type":"bitmap","file":"nameplates:font/base/space_split.png","ascent":-5000,"height":-7,"chars":["\uf804"]},{"type":"bitmap","file":"nameplates:font/base/space_split.png","ascent":-5000,"height":-8,"chars":["\uf805"]},{"type":"bitmap","file":"nameplates:font/base/space_split.png","ascent":-5000,"height":-9,"chars":["\uf806"]},{"type":"bitmap","file":"nameplates:font/base/space_split.png","ascent":-5000,"height":-10,"chars":["\uf807"]},{"type":"bitmap","file":"nameplates:font/base/space_split.png","ascent":-5000,"height":-11,"chars":["\uf808"]},{"type":"bitmap","file":"nameplates:font/base/space_split.png","ascent":-5000,"height":-12,"chars":["\uf809"]},{"type":"bitmap","file":"nameplates:font/base/space_split.png","ascent":-5000,"height":-13,"chars":["\uf80a"]},{"type":"bitmap","file":"nameplates:font/base/space_split.png","ascent":-5000,"height":-14,"chars":["\uf80b"]},{"type":"bitmap","file":"nameplates:font/base/space_split.png","ascent":-5000,"height":-15,"chars":["\uf80c"]},{"type":"bitmap","file":"nameplates:font/base/space_split.png","ascent":-5000,"height":-16,"chars":["\uf80d"]},{"type":"bitmap","file":"nameplates:font/base/space_split.png","ascent":-5000,"height":-17,"chars":["\uf80e"]},{"type":"bitmap","file":"nameplates:font/base/space_split.png","ascent":-5000,"height":-18,"chars":["\uf80f"]},{"type":"bitmap","file":"nameplates:font/base/space_split.png","ascent":-5000,"height":-26,"chars":["\uf810"]},{"type":"bitmap","file":"nameplates:font/base/space_split.png","ascent":-5000,"height":-34,"chars":["\uf811"]},{"type":"bitmap","file":"nameplates:font/base/space_split.png","ascent":-5000,"height":-50,"chars":["\uf812"]},{"type":"bitmap","file":"nameplates:font/base/space_split.png","ascent":-5000,"height":-66,"chars":["\uf813"]},{"type":"bitmap","file":"nameplates:font/base/space_split.png","ascent":-5000,"height":-130,"chars":["\uf814"]},{"type":"bitmap","file":"nameplates:font/base/space_split.png","ascent":-5000,"height":-258,"chars":["\uf815"]},{"type":"bitmap","file":"nameplates:font/base/space_split.png","ascent":-5000,"height":-1,"chars":["\uf830"]},{"type":"bitmap","file":"nameplates:font/base/space_split.png","ascent":-5000,"height":1,"chars":["\uf831"]},{"type":"bitmap","file":"nameplates:font/base/space_split.png","ascent":-5000,"height":2,"chars":["\uf832"]},{"type":"bitmap","file":"nameplates:font/base/space_split.png","ascent":-5000,"height":3,"chars":["\uf833"]},{"type":"bitmap","file":"nameplates:font/base/space_split.png","ascent":-5000,"height":4,"chars":["\uf834"]},{"type":"bitmap","file":"nameplates:font/base/space_split.png","ascent":-5000,"height":5,"chars":["\uf835"]},{"type":"bitmap","file":"nameplates:font/base/space_split.png","ascent":-5000,"height":6,"chars":["\uf836"]},{"type":"bitmap","file":"nameplates:font/base/space_split.png","ascent":-5000,"height":7,"chars":["\uf837"]},{"type":"bitmap","file":"nameplates:font/base/space_split.png","ascent":-5000,"height":8,"chars":["\uf838"]},{"type":"bitmap","file":"nameplates:font/base/space_split.png","ascent":-5000,"height":9,"chars":["\uf839"]},{"type":"bitmap","file":"nameplates:font/base/space_split.png","ascent":-5000,"height":10,"chars":["\uf83a"]},{"type":"bitmap","file":"nameplates:font/base/space_split.png","ascent":-5000,"height":11,"chars":["\uf83b"]},{"type":"bitmap","file":"nameplates:font/base/space_split.png","ascent":-5000,"height":12,"chars":["\uf83c"]},{"type":"bitmap","file":"nameplates:font/base/space_split.png","ascent":-5000,"height":13,"chars":["\uf83d"]},{"type":"bitmap","file":"nameplates:font/base/space_split.png","ascent":-5000,"height":14,"chars":["\uf83e"]},{"type":"bitmap","file":"nameplates:font/base/space_split.png","ascent":-5000,"height":15,"chars":["\uf83f"]},{"type":"bitmap","file":"nameplates:font/base/space_split.png","ascent":-5000,"height":23,"chars":["\uf840"]},{"type":"bitmap","file":"nameplates:font/base/space_split.png","ascent":-5000,"height":31,"chars":["\uf841"]},{"type":"bitmap","file":"nameplates:font/base/space_split.png","ascent":-5000,"height":47,"chars":["\uf842"]},{"type":"bitmap","file":"nameplates:font/base/space_split.png","ascent":-5000,"height":63,"chars":["\uf843"]},{"type":"bitmap","file":"nameplates:font/base/space_split.png","ascent":-5000,"height":127,"chars":["\uf844"]},{"type":"bitmap","file":"nameplates:font/base/space_split.png","ascent":-5000,"height":255,"chars":["\uf845"]},{"type":"bitmap","file":"nameplates:font/nameplates/game_left.png","ascent":12,"height":16,"chars":["\ub02d"]},{"type":"bitmap","file":"nameplates:font/nameplates/game_middle.png","ascent":12,"height":16,"chars":["\ub02e"]},{"type":"bitmap","file":"nameplates:font/nameplates/game_right.png","ascent":12,"height":16,"chars":["\ub02f"]},{"type":"bitmap","file":"nameplates:font/nameplates/panda_left.png","ascent":12,"height":16,"chars":["\ub036"]},{"type":"bitmap","file":"nameplates:font/nameplates/panda_middle.png","ascent":12,"height":16,"chars":["\ub037"]},{"type":"bitmap","file":"nameplates:font/nameplates/panda_right.png","ascent":12,"height":16,"chars":["\ub038"]},{"type":"bitmap","file":"nameplates:font/nameplates/trident_left.png","ascent":12,"height":16,"chars":["\ub042"]},{"type":"bitmap","file":"nameplates:font/nameplates/trident_middle.png","ascent":12,"height":16,"chars":["\ub043"]},{"type":"bitmap","file":"nameplates:font/nameplates/trident_right.png","ascent":12,"height":16,"chars":["\ub044"]},{"type":"bitmap","file":"nameplates:font/nameplates/egg_left.png","ascent":12,"height":16,"chars":["\ub027"]},{"type":"bitmap","file":"nameplates:font/nameplates/egg_middle.png","ascent":12,"height":16,"chars":["\ub028"]},{"type":"bitmap","file":"nameplates:font/nameplates/egg_right.png","ascent":12,"height":16,"chars":["\ub029"]},{"type":"bitmap","file":"nameplates:font/nameplates/starsky_left.png","ascent":12,"height":16,"chars":["\ub03f"]},{"type":"bitmap","file":"nameplates:font/nameplates/starsky_middle.png","ascent":12,"height":16,"chars":["\ub040"]},{"type":"bitmap","file":"nameplates:font/nameplates/starsky_right.png","ascent":12,"height":16,"chars":["\ub041"]},{"type":"bitmap","file":"nameplates:font/nameplates/hutao_left.png","ascent":12,"height":16,"chars":["\ub033"]},{"type":"bitmap","file":"nameplates:font/nameplates/hutao_middle.png","ascent":12,"height":16,"chars":["\ub034"]},{"type":"bitmap","file":"nameplates:font/nameplates/hutao_right.png","ascent":12,"height":16,"chars":["\ub035"]},{"type":"bitmap","file":"nameplates:font/nameplates/sign_left.png","ascent":14,"height":16,"chars":["\ub03c"]},{"type":"bitmap","file":"nameplates:font/nameplates/sign_middle.png","ascent":14,"height":16,"chars":["\ub03d"]},{"type":"bitmap","file":"nameplates:font/nameplates/sign_right.png","ascent":14,"height":16,"chars":["\ub03e"]},{"type":"bitmap","file":"nameplates:font/nameplates/banner_left.png","ascent":13,"height":16,"chars":["\ub024"]},{"type":"bitmap","file":"nameplates:font/nameplates/banner_middle.png","ascent":13,"height":16,"chars":["\ub025"]},{"type":"bitmap","file":"nameplates:font/nameplates/banner_right.png","ascent":13,"height":16,"chars":["\ub026"]},{"type":"bitmap","file":"nameplates:font/nameplates/angel_left.png","ascent":14,"height":16,"chars":["\ub021"]},{"type":"bitmap","file":"nameplates:font/nameplates/angel_middle.png","ascent":14,"height":16,"chars":["\ub022"]},{"type":"bitmap","file":"nameplates:font/nameplates/angel_right.png","ascent":14,"height":16,"chars":["\ub023"]},{"type":"bitmap","file":"nameplates:font/nameplates/halloween_left.png","ascent":12,"height":16,"chars":["\ub030"]},{"type":"bitmap","file":"nameplates:font/nameplates/halloween_middle.png","ascent":12,"height":16,"chars":["\ub031"]},{"type":"bitmap","file":"nameplates:font/nameplates/halloween_right.png","ascent":12,"height":16,"chars":["\ub032"]},{"type":"bitmap","file":"nameplates:font/nameplates/rabbit_left.png","ascent":12,"height":16,"chars":["\ub039"]},{"type":"bitmap","file":"nameplates:font/nameplates/rabbit_middle.png","ascent":12,"height":16,"chars":["\ub03a"]},{"type":"bitmap","file":"nameplates:font/nameplates/rabbit_right.png","ascent":12,"height":16,"chars":["\ub03b"]},{"type":"bitmap","file":"nameplates:font/nameplates/enter_left.png","ascent":12,"height":16,"chars":["\ub02a"]},{"type":"bitmap","file":"nameplates:font/nameplates/enter_middle.png","ascent":12,"height":16,"chars":["\ub02b"]},{"type":"bitmap","file":"nameplates:font/nameplates/enter_right.png","ascent":12,"height":16,"chars":["\ub02c"]},{"type":"bitmap","file":"nameplates:font/nameplates/xmas_left.png","ascent":12,"height":16,"chars":["\ub045"]},{"type":"bitmap","file":"nameplates:font/nameplates/xmas_middle.png","ascent":12,"height":16,"chars":["\ub046"]},{"type":"bitmap","file":"nameplates:font/nameplates/xmas_right.png","ascent":12,"height":16,"chars":["\ub047"]},{"type":"bitmap","file":"nameplates:font/bubbles/chat_3_left.png","ascent":29,"height":33,"chars":["\ub01d"]},{"type":"bitmap","file":"nameplates:font/bubbles/chat_3_middle.png","ascent":29,"height":33,"chars":["\ub01e"]},{"type":"bitmap","file":"nameplates:font/bubbles/chat_3_right.png","ascent":29,"height":33,"chars":["\ub020"]},{"type":"bitmap","file":"nameplates:font/bubbles/chat_3_tail.png","ascent":29,"height":33,"chars":["\ub01f"]},{"type":"bitmap","file":"nameplates:font/bubbles/chat_1_left.png","ascent":9,"height":13,"chars":["\ub015"]},{"type":"bitmap","file":"nameplates:font/bubbles/chat_1_middle.png","ascent":9,"height":13,"chars":["\ub016"]},{"type":"bitmap","file":"nameplates:font/bubbles/chat_1_right.png","ascent":9,"height":13,"chars":["\ub018"]},{"type":"bitmap","file":"nameplates:font/bubbles/chat_1_tail.png","ascent":9,"height":13,"chars":["\ub017"]},{"type":"bitmap","file":"nameplates:font/bubbles/chat_2_left.png","ascent":19,"height":23,"chars":["\ub019"]},{"type":"bitmap","file":"nameplates:font/bubbles/chat_2_middle.png","ascent":19,"height":23,"chars":["\ub01a"]},{"type":"bitmap","file":"nameplates:font/bubbles/chat_2_right.png","ascent":19,"height":23,"chars":["\ub01c"]},{"type":"bitmap","file":"nameplates:font/bubbles/chat_2_tail.png","ascent":19,"height":23,"chars":["\ub01b"]},{"type":"bitmap","file":"nameplates:font/backgrounds/b0.png","ascent":11,"height":14,"chars":["\ub00b"]},{"type":"bitmap","file":"nameplates:font/backgrounds/b1.png","ascent":11,"height":14,"chars":["\ub00d"]},{"type":"bitmap","file":"nameplates:font/backgrounds/b2.png","ascent":11,"height":14,"chars":["\ub00e"]},{"type":"bitmap","file":"nameplates:font/backgrounds/b4.png","ascent":11,"height":14,"chars":["\ub00f"]},{"type":"bitmap","file":"nameplates:font/backgrounds/b8.png","ascent":11,"height":14,"chars":["\ub010"]},{"type":"bitmap","file":"nameplates:font/backgrounds/b16.png","ascent":11,"height":14,"chars":["\ub011"]},{"type":"bitmap","file":"nameplates:font/backgrounds/b32.png","ascent":11,"height":14,"chars":["\ub012"]},{"type":"bitmap","file":"nameplates:font/backgrounds/b64.png","ascent":11,"height":14,"chars":["\ub013"]},{"type":"bitmap","file":"nameplates:font/backgrounds/b128.png","ascent":11,"height":14,"chars":["\ub014"]},{"type":"bitmap","file":"nameplates:font/backgrounds/b0.png","ascent":11,"height":14,"chars":["\ub00c"]},{"type":"bitmap","file":"nameplates:font/backgrounds/b0.png","ascent":6,"height":14,"chars":["\ub001"]},{"type":"bitmap","file":"nameplates:font/backgrounds/b1.png","ascent":6,"height":14,"chars":["\ub003"]},{"type":"bitmap","file":"nameplates:font/backgrounds/b2.png","ascent":6,"height":14,"chars":["\ub004"]},{"type":"bitmap","file":"nameplates:font/backgrounds/b4.png","ascent":6,"height":14,"chars":["\ub005"]},{"type":"bitmap","file":"nameplates:font/backgrounds/b8.png","ascent":6,"height":14,"chars":["\ub006"]},{"type":"bitmap","file":"nameplates:font/backgrounds/b16.png","ascent":6,"height":14,"chars":["\ub007"]},{"type":"bitmap","file":"nameplates:font/backgrounds/b32.png","ascent":6,"height":14,"chars":["\ub008"]},{"type":"bitmap","file":"nameplates:font/backgrounds/b64.png","ascent":6,"height":14,"chars":["\ub009"]},{"type":"bitmap","file":"nameplates:font/backgrounds/b128.png","ascent":6,"height":14,"chars":["\ub00a"]},{"type":"bitmap","file":"nameplates:font/backgrounds/b0.png","ascent":6,"height":14,"chars":["\ub002"]},{"type":"bitmap","file":"nameplates:font/images/san13.png","ascent":-6,"height":58,"chars":["\ub06f"]},{"type":"bitmap","file":"nameplates:font/images/san14.png","ascent":-6,"height":58,"chars":["\ub070"]},{"type":"bitmap","file":"nameplates:font/images/san11.png","ascent":-6,"height":58,"chars":["\ub06d"]},{"type":"bitmap","file":"nameplates:font/images/san12.png","ascent":-6,"height":58,"chars":["\ub06e"]},{"type":"bitmap","file":"nameplates:font/images/san17.png","ascent":-6,"height":58,"chars":["\ub073"]},{"type":"bitmap","file":"nameplates:font/images/san18.png","ascent":-6,"height":58,"chars":["\ub074"]},{"type":"bitmap","file":"nameplates:font/images/san15.png","ascent":-6,"height":58,"chars":["\ub071"]},{"type":"bitmap","file":"nameplates:font/images/san16.png","ascent":-6,"height":58,"chars":["\ub072"]},{"type":"bitmap","file":"nameplates:font/images/san19.png","ascent":-6,"height":58,"chars":["\ub075"]},{"type":"bitmap","file":"nameplates:font/images/rupture.png","ascent":4,"height":10,"chars":["\ub061"]},{"type":"bitmap","file":"nameplates:font/images/jn1_05.png","ascent":-1,"height":18,"chars":["\ub051"]},{"type":"bitmap","file":"nameplates:font/images/jn1_04.png","ascent":-1,"height":18,"chars":["\ub050"]},{"type":"bitmap","file":"nameplates:font/images/jn1_03.png","ascent":-1,"height":18,"chars":["\ub04f"]},{"type":"bitmap","file":"nameplates:font/images/jn1_02.png","ascent":-1,"height":18,"chars":["\ub04e"]},{"type":"bitmap","file":"nameplates:font/images/jn1_01.png","ascent":-1,"height":18,"chars":["\ub04d"]},{"type":"bitmap","file":"nameplates:font/images/xueliang01.png","ascent":-6,"height":58,"chars":["\ub07d"]},{"type":"bitmap","file":"nameplates:font/images/jn1_00.png","ascent":-1,"height":18,"chars":["\ub04c"]},{"type":"bitmap","file":"nameplates:font/images/xueliang02.png","ascent":-6,"height":58,"chars":["\ub07e"]},{"type":"bitmap","file":"nameplates:font/images/xueliang00.png","ascent":-6,"height":58,"chars":["\ub07c"]},{"type":"bitmap","file":"nameplates:font/images/xueliang05.png","ascent":-6,"height":58,"chars":["\ub081"]},{"type":"bitmap","file":"nameplates:font/images/xueliang06.png","ascent":-6,"height":58,"chars":["\ub082"]},{"type":"bitmap","file":"nameplates:font/images/xueliang03.png","ascent":-6,"height":58,"chars":["\ub07f"]},{"type":"bitmap","file":"nameplates:font/images/xueliang04.png","ascent":-6,"height":58,"chars":["\ub080"]},{"type":"bitmap","file":"nameplates:font/images/san20.png","ascent":-6,"height":58,"chars":["\ub076"]},{"type":"bitmap","file":"nameplates:font/images/stamina_1.png","ascent":-16,"height":9,"chars":["\ub079"]},{"type":"bitmap","file":"nameplates:font/images/xueliang09.png","ascent":-6,"height":58,"chars":["\ub085"]},{"type":"bitmap","file":"nameplates:font/images/stamina_0.png","ascent":-16,"height":9,"chars":["\ub078"]},{"type":"bitmap","file":"nameplates:font/images/xueliang07.png","ascent":-6,"height":58,"chars":["\ub083"]},{"type":"bitmap","file":"nameplates:font/images/stamina_2.png","ascent":-16,"height":9,"chars":["\ub07a"]},{"type":"bitmap","file":"nameplates:font/images/xueliang08.png","ascent":-6,"height":58,"chars":["\ub084"]},{"type":"bitmap","file":"nameplates:font/images/bleed.png","ascent":4,"height":10,"chars":["\ub048"]},{"type":"bitmap","file":"nameplates:font/images/sinking.png","ascent":4,"height":10,"chars":["\ub077"]},{"type":"bitmap","file":"nameplates:font/images/poise.png","ascent":4,"height":10,"chars":["\ub060"]},{"type":"bitmap","file":"nameplates:font/images/jnshield0.png","ascent":-1,"height":17,"chars":["\ub05e"]},{"type":"bitmap","file":"nameplates:font/images/xueliang20.png","ascent":-6,"height":58,"chars":["\ub090"]},{"type":"bitmap","file":"nameplates:font/images/jnshield1.png","ascent":-1,"height":17,"chars":["\ub05f"]},{"type":"bitmap","file":"nameplates:font/images/jn3_00.png","ascent":-1,"height":20,"chars":["\ub058"]},{"type":"bitmap","file":"nameplates:font/images/jn3_01.png","ascent":-1,"height":20,"chars":["\ub059"]},{"type":"bitmap","file":"nameplates:font/images/jn3_02.png","ascent":-1,"height":20,"chars":["\ub05a"]},{"type":"bitmap","file":"nameplates:font/images/jn3_03.png","ascent":-1,"height":20,"chars":["\ub05b"]},{"type":"bitmap","file":"nameplates:font/images/jn3_04.png","ascent":-1,"height":20,"chars":["\ub05c"]},{"type":"bitmap","file":"nameplates:font/images/jn3_05.png","ascent":-1,"height":20,"chars":["\ub05d"]},{"type":"bitmap","file":"nameplates:font/images/bleed_charge1.png","ascent":4,"height":10,"chars":["\ub049"]},{"type":"bitmap","file":"nameplates:font/images/san02.png","ascent":-6,"height":58,"chars":["\ub064"]},{"type":"bitmap","file":"nameplates:font/images/burn.png","ascent":4,"height":10,"chars":["\ub04a"]},{"type":"bitmap","file":"nameplates:font/images/san03.png","ascent":-6,"height":58,"chars":["\ub065"]},{"type":"bitmap","file":"nameplates:font/images/tremor.png","ascent":4,"height":10,"chars":["\ub07b"]},{"type":"bitmap","file":"nameplates:font/images/san00.png","ascent":-6,"height":58,"chars":["\ub062"]},{"type":"bitmap","file":"nameplates:font/images/charge.png","ascent":4,"height":10,"chars":["\ub04b"]},{"type":"bitmap","file":"nameplates:font/images/san01.png","ascent":-6,"height":58,"chars":["\ub063"]},{"type":"bitmap","file":"nameplates:font/images/san06.png","ascent":-6,"height":58,"chars":["\ub068"]},{"type":"bitmap","file":"nameplates:font/images/san07.png","ascent":-6,"height":58,"chars":["\ub069"]},{"type":"bitmap","file":"nameplates:font/images/san04.png","ascent":-6,"height":58,"chars":["\ub066"]},{"type":"bitmap","file":"nameplates:font/images/san05.png","ascent":-6,"height":58,"chars":["\ub067"]},{"type":"bitmap","file":"nameplates:font/images/san08.png","ascent":-6,"height":58,"chars":["\ub06a"]},{"type":"bitmap","file":"nameplates:font/images/san09.png","ascent":-6,"height":58,"chars":["\ub06b"]},{"type":"bitmap","file":"nameplates:font/images/jn2_05.png","ascent":-1,"height":19,"chars":["\ub057"]},{"type":"bitmap","file":"nameplates:font/images/jn2_04.png","ascent":-1,"height":19,"chars":["\ub056"]},{"type":"bitmap","file":"nameplates:font/images/jn2_03.png","ascent":-1,"height":19,"chars":["\ub055"]},{"type":"bitmap","file":"nameplates:font/images/jn2_02.png","ascent":-1,"height":19,"chars":["\ub054"]},{"type":"bitmap","file":"nameplates:font/images/xueliang12.png","ascent":-6,"height":58,"chars":["\ub088"]},{"type":"bitmap","file":"nameplates:font/images/jn2_01.png","ascent":-1,"height":19,"chars":["\ub053"]},{"type":"bitmap","file":"nameplates:font/images/xueliang13.png","ascent":-6,"height":58,"chars":["\ub089"]},{"type":"bitmap","file":"nameplates:font/images/jn2_00.png","ascent":-1,"height":19,"chars":["\ub052"]},{"type":"bitmap","file":"nameplates:font/images/xueliang10.png","ascent":-6,"height":58,"chars":["\ub086"]},{"type":"bitmap","file":"nameplates:font/images/xueliang11.png","ascent":-6,"height":58,"chars":["\ub087"]},{"type":"bitmap","file":"nameplates:font/images/xueliang16.png","ascent":-6,"height":58,"chars":["\ub08c"]},{"type":"bitmap","file":"nameplates:font/images/xueliang17.png","ascent":-6,"height":58,"chars":["\ub08d"]},{"type":"bitmap","file":"nameplates:font/images/xueliang14.png","ascent":-6,"height":58,"chars":["\ub08a"]},{"type":"bitmap","file":"nameplates:font/images/xueliang15.png","ascent":-6,"height":58,"chars":["\ub08b"]},{"type":"bitmap","file":"nameplates:font/images/san10.png","ascent":-6,"height":58,"chars":["\ub06c"]},{"type":"bitmap","file":"nameplates:font/images/xueliang18.png","ascent":-6,"height":58,"chars":["\ub08e"]},{"type":"bitmap","file":"nameplates:font/images/xueliang19.png","ascent":-6,"height":58,"chars":["\ub08f"]}]}