{
    "providers": [
        {
            "type": "space",
            "advances": {
                "ꀀ": 92,
                "ꀁ": -91,

                "ꀂ": -33,

                "ꀃ": 4,
                "ꀄ": -4,
                
                "ꀅ": -25,
                "ꀆ": 8
            }
        },
        {
            "type": "bitmap",
            "file": "item/other/charge.png",
            "ascent": 12,
            "height": 18,
            "chars": [
                "鱍"
            ]
        },
        {
            "type": "bitmap",
            "file": "item/other/burn.png",
            "ascent": 12,
            "height": 18,
            "chars": [
                "髆"
            ]
        },
        {
            "type": "bitmap",
            "file": "item/other/bleed.png",
            "ascent": 12,
            "height": 18,
            "chars": [
                "㗶"
            ]
        },
        {
            "type": "bitmap",
            "file": "item/other/tremor.png",
            "ascent": 12,
            "height": 18,
            "chars": [
                "媻"
            ]
        },
        {
            "type": "bitmap",
            "file": "item/other/sinking.png",
            "ascent": 12,
            "height": 18,
            "chars": [
                "䍨"
            ]
        },
        {
            "type": "bitmap",
            "file": "item/other/rupture.png",
            "ascent": 12,
            "height": 18,
            "chars": [
                "㗞"
            ]
        },
        {
            "type": "bitmap",
            "file": "item/other/poise.png",
            "ascent": 12,
            "height": 18,
            "chars": [
                "豧"
            ]
        },
        {
            "type": "bitmap",
            "file": "item/other/bleed_charge1.png",
            "ascent": 12,
            "height": 18,
            "chars": [
                "䨰"
            ]
        }
    ]
}