{
	"credit": "Made with Blockbench",
	"texture_size": [64, 64],
	"textures": {
		"1": "item/bloodfiend",
		"particle": "item/bloodfiend"
	},
	"elements": [
		{
			"from": [7.25, 4.5782, 7.39315],
			"to": [8.75, 6.3282, 14.89315],
			"rotation": {"angle": -22.5, "axis": "x", "origin": [8, 3.0782, 18.39315]},
			"faces": {
				"north": {"uv": [7, 3.25, 7.5, 3.75], "texture": "#1"},
				"east": {"uv": [0, 5.25, 2, 5.75], "texture": "#1"},
				"south": {"uv": [7, 4, 7.5, 4.5], "texture": "#1"},
				"west": {"uv": [5.25, 0, 7.25, 0.5], "texture": "#1"},
				"up": {"uv": [5.75, 2.75, 5.25, 0.75], "texture": "#1"},
				"down": {"uv": [2.75, 5.25, 2.25, 7.25], "texture": "#1"}
			}
		},
		{
			"from": [7.5, -2.9218, 14.14315],
			"to": [8.5, 5.3282, 15.39315],
			"rotation": {"angle": 45, "axis": "x", "origin": [8, 9.0782, 17.39315]},
			"faces": {
				"north": {"uv": [3.75, 6.25, 4, 8.25], "texture": "#1"},
				"east": {"uv": [4.25, 6.25, 4.5, 8.25], "texture": "#1"},
				"south": {"uv": [4.75, 6.25, 5, 8.25], "texture": "#1"},
				"west": {"uv": [5.25, 6.25, 5.5, 8.25], "texture": "#1"},
				"up": {"uv": [5.5, 3.25, 5.25, 3], "texture": "#1"},
				"down": {"uv": [7.25, 4.75, 7, 5], "texture": "#1"}
			}
		},
		{
			"from": [7, 1.8282, 13.64315],
			"to": [9, 8.3282, 15.14315],
			"rotation": {"angle": 0, "axis": "y", "origin": [8, 1.0782, 15.14315]},
			"faces": {
				"north": {"uv": [0, 6, 0.5, 7.5], "texture": "#1"},
				"east": {"uv": [0.75, 6, 1.25, 7.5], "texture": "#1"},
				"south": {"uv": [6, 0.75, 6.5, 2.25], "texture": "#1"},
				"west": {"uv": [1.5, 6, 2, 7.5], "texture": "#1"},
				"up": {"uv": [7.75, 3, 7.25, 2.5], "texture": "#1"},
				"down": {"uv": [7.75, 6.5, 7.25, 7], "texture": "#1"}
			}
		},
		{
			"from": [7.01, 6.64686, 11.11509],
			"to": [8.99, 8.12686, 15.09509],
			"rotation": {"angle": 22.5, "axis": "x", "origin": [8, 8.13686, 15.60509]},
			"faces": {
				"north": {"uv": [7.25, 7.25, 7.75, 7.75], "texture": "#1"},
				"east": {"uv": [6, 2.5, 7, 3], "texture": "#1"},
				"south": {"uv": [7.5, 0, 8, 0.5], "texture": "#1"},
				"west": {"uv": [6.75, 0.75, 7.75, 1.25], "texture": "#1"},
				"up": {"uv": [7.25, 6.25, 6.75, 5.25], "texture": "#1"},
				"down": {"uv": [6.25, 6.75, 5.75, 7.75], "texture": "#1"}
			}
		},
		{
			"from": [8, 6.63686, 5.10509],
			"to": [8, 12.13686, 18.10509],
			"rotation": {"angle": 22.5, "axis": "x", "origin": [8, 8.13686, 15.60509]},
			"faces": {
				"north": {"uv": [2.25, 7.5, 2.25, 9], "texture": "#1"},
				"east": {"uv": [0, 3.5, 3.25, 5], "texture": "#1"},
				"south": {"uv": [2.5, 7.5, 2.5, 9], "texture": "#1"},
				"west": {"uv": [3.5, 3.5, 6.75, 5], "texture": "#1"},
				"up": {"uv": [2.75, 10.75, 2.75, 7.5], "texture": "#1"},
				"down": {"uv": [0, 7.75, 0, 11], "texture": "#1"}
			}
		},
		{
			"from": [6.85, -0.15, 2.85],
			"to": [9.15, 3.15, 8.15],
			"rotation": {"angle": 0, "axis": "y", "origin": [7, 0, 7]},
			"faces": {
				"north": {"uv": [6.75, 1.5, 7.25, 2.25], "texture": "#1"},
				"east": {"uv": [3, 5.25, 4.25, 6], "texture": "#1"},
				"south": {"uv": [6.5, 6.75, 7, 7.5], "texture": "#1"},
				"west": {"uv": [4.5, 5.25, 5.75, 6], "texture": "#1"},
				"up": {"uv": [6.5, 6.5, 6, 5.25], "texture": "#1"},
				"down": {"uv": [3.5, 6.25, 3, 7.5], "texture": "#1"}
			}
		},
		{
			"from": [8, -5, -14],
			"to": [8, 1, 6],
			"rotation": {"angle": -22.5, "axis": "x", "origin": [7, 1, 4]},
			"faces": {
				"north": {"uv": [7.5, 4.75, 7.5, 6.25], "texture": "#1"},
				"east": {"uv": [0, 0, 5, 1.5], "texture": "#1"},
				"south": {"uv": [0.25, 7.75, 0.25, 9.25], "texture": "#1"},
				"west": {"uv": [0, 1.75, 5, 3.25], "texture": "#1"},
				"up": {"uv": [0.5, 12.75, 0.5, 7.75], "texture": "#1"},
				"down": {"uv": [0.75, 7.75, 0.75, 12.75], "texture": "#1"}
			}
		}
	],
	"display": {
		"thirdperson_righthand": {
			"rotation": [118, 0, -1],
			"translation": [0.25, -2, 6.75]
		},
		"thirdperson_lefthand": {
			"rotation": [135, 0, -1],
			"translation": [-0.5, -3.25, 7.75]
		},
		"firstperson_righthand": {
			"rotation": [102, 0, -11],
			"translation": [9, -2.5, 3.25]
		},
		"firstperson_lefthand": {
			"rotation": [102, 0, -21],
			"translation": [9, -1.25, 3.25]
		},
		"ground": {
			"rotation": [21, 0, 0],
			"translation": [0, 4, 8.75]
		},
		"gui": {
			"rotation": [180, 90, 0],
			"translation": [5, -8.25, 0]
		},
		"fixed": {
			"rotation": [0, 90, 0],
			"translation": [5, 7, 0]
		}
	},
	"groups": [
		{
			"name": "group",
			"origin": [0, 0, 0],
			"color": 0,
			"children": [0, 1, 2, 3, 4, 5, 6]
		}
	]
}