{
	"credit": "Made with Blockbench",
	"texture_size": [32, 32],
	"textures": {
		"0": "item/bloodfiend_mask",
		"particle": "item/bloodfiend_mask"
	},
	"elements": [
		{
			"from": [4, 0, -1],
			"to": [12, 5, 1],
			"rotation": {"angle": 0, "axis": "y", "origin": [0, 0, -1]},
			"faces": {
				"north": {"uv": [0, 0, 4, 2.5], "texture": "#0"},
				"east": {"uv": [4.5, 3, 5.5, 5.5], "texture": "#0"},
				"south": {"uv": [0, 3, 4, 5.5], "texture": "#0"},
				"west": {"uv": [0, 6, 1, 8.5], "texture": "#0"},
				"up": {"uv": [8.5, 1, 4.5, 0], "texture": "#0"},
				"down": {"uv": [8.5, 1.5, 4.5, 2.5], "texture": "#0"}
			}
		},
		{
			"from": [7, 0, -4],
			"to": [9, 2, -1],
			"rotation": {"angle": 0, "axis": "y", "origin": [0, 0, -1]},
			"faces": {
				"north": {"uv": [0, 9, 1, 10], "texture": "#0"},
				"east": {"uv": [1.5, 6, 3, 7], "texture": "#0"},
				"south": {"uv": [9, 0, 10, 1], "texture": "#0"},
				"west": {"uv": [6, 3, 7.5, 4], "texture": "#0"},
				"up": {"uv": [4.5, 7.5, 3.5, 6], "texture": "#0"},
				"down": {"uv": [7, 4.5, 6, 6], "texture": "#0"}
			}
		},
		{
			"from": [7, 0, -5],
			"to": [9, 1, -4],
			"rotation": {"angle": 0, "axis": "y", "origin": [0, 0, -1]},
			"faces": {
				"north": {"uv": [9, 1.5, 10, 2], "texture": "#0"},
				"east": {"uv": [8.5, 9.5, 9, 10], "texture": "#0"},
				"south": {"uv": [9, 8.5, 10, 9], "texture": "#0"},
				"west": {"uv": [9.5, 9.5, 10, 10], "texture": "#0"},
				"up": {"uv": [6.5, 10, 5.5, 9.5], "texture": "#0"},
				"down": {"uv": [8, 9.5, 7, 10], "texture": "#0"}
			}
		},
		{
			"from": [11, 2, 2],
			"to": [12, 3, 8],
			"rotation": {"angle": 0, "axis": "y", "origin": [7, 0, 0]},
			"faces": {
				"north": {"uv": [0, 10.5, 0.5, 11], "texture": "#0"},
				"east": {"uv": [5, 6.5, 8, 7], "texture": "#0"},
				"south": {"uv": [10.5, 0, 11, 0.5], "texture": "#0"},
				"west": {"uv": [7.5, 4.5, 10.5, 5], "texture": "#0"},
				"up": {"uv": [2, 10.5, 1.5, 7.5], "texture": "#0"},
				"down": {"uv": [3, 7.5, 2.5, 10.5], "texture": "#0"}
			}
		},
		{
			"from": [4, 2, 2],
			"to": [5, 3, 8],
			"faces": {
				"north": {"uv": [10.5, 1, 11, 1.5], "texture": "#0"},
				"east": {"uv": [5, 7.5, 8, 8], "texture": "#0"},
				"south": {"uv": [10.5, 2, 11, 2.5], "texture": "#0"},
				"west": {"uv": [7.5, 5.5, 10.5, 6], "texture": "#0"},
				"up": {"uv": [4, 11, 3.5, 8], "texture": "#0"},
				"down": {"uv": [5, 8.5, 4.5, 11.5], "texture": "#0"}
			}
		},
		{
			"from": [5, 2, 7],
			"to": [11, 3, 8],
			"faces": {
				"north": {"uv": [8, 3, 11, 3.5], "texture": "#0"},
				"east": {"uv": [5.5, 10.5, 6, 11], "texture": "#0"},
				"south": {"uv": [5.5, 8.5, 8.5, 9], "texture": "#0"},
				"west": {"uv": [6.5, 10.5, 7, 11], "texture": "#0"},
				"up": {"uv": [11.5, 7, 8.5, 6.5], "texture": "#0"},
				"down": {"uv": [11.5, 7.5, 8.5, 8], "texture": "#0"}
			}
		}
	],
	"display": {
		"thirdperson_righthand": {
			"rotation": [97, 0, 0],
			"translation": [-3.75, -5.25, 7.25]
		},
		"thirdperson_lefthand": {
			"rotation": [97, 0, 0],
			"translation": [-3.75, -5.25, 7.25]
		},
		"gui": {
			"rotation": [-14, -180, 0],
			"translation": [0, 5.25, 11.25],
			"scale": [1.75, 1.75, 1.75]
		},
		"head": {
			"translation": [0, 7.5, 7],
			"scale": [1.75, 1.75, 1.75]
		},
		"fixed": {
			"translation": [0, 5.25, 11.25],
			"scale": [1.75, 1.75, 1.75]
		}
	},
	"groups": [
		{
			"name": "group",
			"origin": [0, 0, 0],
			"color": 0,
			"children": [0, 1, 2, 3, 4, 5]
		}
	]
}