{
	"credit": "Made with Blockbench",
	"textures": {
		"0": "item/fire",
		"particle": "item/fire"
	},
	"elements": [
		{
			"from": [7.5, 5.25, 6.8],
			"to": [8.5, 6.5, 8.05],
			"rotation": {"angle": 45, "axis": "x", "origin": [8.5, 5, 7.25]},
			"faces": {
				"north": {"uv": [9, 10, 10, 11.25], "texture": "#0"},
				"east": {"uv": [9, 6, 10.25, 7.25], "texture": "#0"},
				"south": {"uv": [10, 10, 11, 11.25], "texture": "#0"},
				"west": {"uv": [9, 8, 10.25, 9.25], "texture": "#0"},
				"up": {"uv": [12, 7.25, 11, 6], "texture": "#0"},
				"down": {"uv": [12, 8, 11, 9.25], "texture": "#0"}
			}
		},
		{
			"from": [7.51, 26.75, 6.8],
			"to": [8.49, 28, 8.05],
			"rotation": {"angle": 45, "axis": "x", "origin": [8.5, 26.5, 7.25]},
			"faces": {
				"north": {"uv": [11, 10, 12, 11.25], "texture": "#0"},
				"east": {"uv": [10, 2, 11.25, 3.25], "texture": "#0"},
				"south": {"uv": [12, 2, 13, 3.25], "texture": "#0"},
				"west": {"uv": [10, 4, 11.25, 5.25], "texture": "#0"},
				"up": {"uv": [13, 5.25, 12, 4], "texture": "#0"},
				"down": {"uv": [13, 6, 12, 7.25], "texture": "#0"}
			}
		},
		{
			"from": [7.5, 5.25, 7.5],
			"to": [8.5, 12, 8.5],
			"rotation": {"angle": 0, "axis": "y", "origin": [8.5, 7, 7.5]},
			"faces": {
				"north": {"uv": [6, 0, 7, 6.75], "texture": "#0"},
				"east": {"uv": [7, 0, 8, 6.75], "texture": "#0"},
				"south": {"uv": [6, 7, 7, 13.75], "texture": "#0"},
				"west": {"uv": [7, 7, 8, 13.75], "texture": "#0"},
				"up": {"uv": [9, 13, 8, 12], "texture": "#0"},
				"down": {"uv": [13, 8, 12, 9], "texture": "#0"}
			}
		},
		{
			"from": [7.5, 13, 7.17],
			"to": [8.5, 27, 8.82],
			"rotation": {"angle": 0, "axis": "x", "origin": [8.5, 14.75, 7.5]},
			"faces": {
				"north": {"uv": [2, 0, 3, 14], "texture": "#0"},
				"east": {"uv": [0, 0, 1.75, 14], "texture": "#0"},
				"south": {"uv": [5, 0, 6, 14], "texture": "#0"},
				"west": {"uv": [2, 0, 3.75, 14], "texture": "#0"},
				"up": {"uv": [10, 3.75, 9, 2], "texture": "#0"},
				"down": {"uv": [10, 4, 9, 5.75], "texture": "#0"}
			}
		},
		{
			"from": [7.5, 12, 6.25],
			"to": [8.5, 13, 9.75],
			"rotation": {"angle": 0, "axis": "y", "origin": [8.5, 12, 7.5]},
			"faces": {
				"north": {"uv": [9, 12, 10, 13], "texture": "#0"},
				"east": {"uv": [8, 0, 12.5, 1], "texture": "#0"},
				"south": {"uv": [12, 9, 13, 10], "texture": "#0"},
				"west": {"uv": [8, 1, 12.5, 2], "texture": "#0"},
				"up": {"uv": [9, 6.5, 8, 2], "texture": "#0"},
				"down": {"uv": [9, 7, 8, 11.5], "texture": "#0"}
			}
		},
		{
			"from": [7.51, 12.14, 6.75],
			"to": [8.49, 12.89, 7.5],
			"rotation": {"angle": -45, "axis": "x", "origin": [7.5, 11.5, 6.75]},
			"faces": {
				"north": {"uv": [10, 12, 11, 12.75], "texture": "#0"},
				"east": {"uv": [13, 3, 13.75, 3.75], "texture": "#0"},
				"south": {"uv": [12, 10, 13, 10.75], "texture": "#0"},
				"west": {"uv": [13, 4, 13.75, 4.75], "texture": "#0"},
				"up": {"uv": [12, 12.75, 11, 12], "texture": "#0"},
				"down": {"uv": [13, 11, 12, 11.75], "texture": "#0"}
			}
		},
		{
			"from": [7.51, 12.14, 10.25],
			"to": [8.49, 12.89, 11],
			"rotation": {"angle": -45, "axis": "x", "origin": [7.5, 11.5, 10.25]},
			"faces": {
				"north": {"uv": [12, 12, 13, 12.75], "texture": "#0"},
				"east": {"uv": [13, 5, 13.75, 5.75], "texture": "#0"},
				"south": {"uv": [13, 0, 14, 0.75], "texture": "#0"},
				"west": {"uv": [13, 6, 13.75, 6.75], "texture": "#0"},
				"up": {"uv": [14, 1.75, 13, 1], "texture": "#0"},
				"down": {"uv": [14, 2, 13, 2.75], "texture": "#0"}
			}
		}
	],
	"display": {
		"thirdperson_righthand": {
			"translation": [0, -4.75, 0.5],
			"scale": [1.44, 1.44, 1.44]
		},
		"firstperson_righthand": {
			"translation": [0, -2.5, 0]
		},
		"gui": {
			"rotation": [89, -137, 91],
			"translation": [-5.25, -4.5, 0],
			"scale": [1.54, 1.54, 1.56]
		}
	},
	"groups": [
		{
			"name": "group",
			"origin": [8, 8, 8],
			"color": 0,
			"children": [0, 1, 2, 3, 4, 5, 6]
		}
	]
}