{
	"credit": "Made with Blockbench",
	"texture_size": [128, 128],
	"textures": {
		"1": "item/heishou_hat",
		"particle": "item/heishou_hat"
	},
	"elements": [
		{
			"from": [2.5, 20, -1],
			"to": [13.5, 21, 1],
			"rotation": {"angle": 0, "axis": "y", "origin": [6.5, 19, 5]},
			"faces": {
				"north": {"uv": [6.25, 6, 7.625, 6.125], "texture": "#1"},
				"east": {"uv": [6, 6, 6.25, 6.125], "texture": "#1"},
				"south": {"uv": [7.875, 6, 9.25, 6.125], "texture": "#1"},
				"west": {"uv": [7.625, 6, 7.875, 6.125], "texture": "#1"},
				"up": {"uv": [7.625, 6, 6.25, 5.75], "texture": "#1"},
				"down": {"uv": [9, 5.75, 7.625, 6], "texture": "#1"}
			}
		},
		{
			"from": [2.5, 20, 15],
			"to": [13.5, 21, 17],
			"rotation": {"angle": 0, "axis": "y", "origin": [6.5, 19, 21]},
			"faces": {
				"north": {"uv": [6.25, 6, 7.625, 6.125], "texture": "#1"},
				"east": {"uv": [6, 6, 6.25, 6.125], "texture": "#1"},
				"south": {"uv": [7.875, 6, 9.25, 6.125], "texture": "#1"},
				"west": {"uv": [7.625, 6, 7.875, 6.125], "texture": "#1"},
				"up": {"uv": [7.625, 6, 6.25, 5.75], "texture": "#1"},
				"down": {"uv": [9, 5.75, 7.625, 6], "texture": "#1"}
			}
		},
		{
			"from": [-1, 20, 2.5],
			"to": [1, 21, 13.5],
			"rotation": {"angle": 0, "axis": "y", "origin": [0, 20.5, 8]},
			"faces": {
				"north": {"uv": [1.375, 6.75, 1.625, 6.875], "texture": "#1"},
				"east": {"uv": [0, 6.75, 1.375, 6.875], "texture": "#1"},
				"south": {"uv": [3, 6.75, 3.25, 6.875], "texture": "#1"},
				"west": {"uv": [1.625, 6.75, 3, 6.875], "texture": "#1"},
				"up": {"uv": [1.625, 6.75, 1.375, 5.375], "texture": "#1"},
				"down": {"uv": [1.875, 5.375, 1.625, 6.75], "texture": "#1"}
			}
		},
		{
			"from": [15, 20, 2.5],
			"to": [17, 21, 13.5],
			"rotation": {"angle": 0, "axis": "y", "origin": [16, 20.5, 8]},
			"faces": {
				"north": {"uv": [1.375, 6.75, 1.625, 6.875], "texture": "#1"},
				"east": {"uv": [0, 6.75, 1.375, 6.875], "texture": "#1"},
				"south": {"uv": [3, 6.75, 3.25, 6.875], "texture": "#1"},
				"west": {"uv": [1.625, 6.75, 3, 6.875], "texture": "#1"},
				"up": {"uv": [1.625, 6.75, 1.375, 5.375], "texture": "#1"},
				"down": {"uv": [1.875, 5.375, 1.625, 6.75], "texture": "#1"}
			}
		},
		{
			"from": [1, 20, 1],
			"to": [15, 21, 15],
			"rotation": {"angle": 0, "axis": "y", "origin": [7, 19, 7]},
			"faces": {
				"north": {"uv": [1.75, 1.75, 3.5, 1.875], "texture": "#1"},
				"east": {"uv": [0, 1.75, 1.75, 1.875], "texture": "#1"},
				"south": {"uv": [5.25, 1.75, 7, 1.875], "texture": "#1"},
				"west": {"uv": [3.5, 1.75, 5.25, 1.875], "texture": "#1"},
				"up": {"uv": [3.5, 1.75, 1.75, 0], "texture": "#1"},
				"down": {"uv": [5.25, 0, 3.5, 1.75], "texture": "#1"}
			}
		},
		{
			"from": [1, 21, 1],
			"to": [15, 22, 15],
			"rotation": {"angle": 45, "axis": "y", "origin": [8, 21.5, 8]},
			"faces": {
				"north": {"uv": [1.75, 3.625, 3.5, 3.75], "texture": "#1"},
				"east": {"uv": [0, 3.625, 1.75, 3.75], "texture": "#1"},
				"south": {"uv": [5.25, 3.625, 7, 3.75], "texture": "#1"},
				"west": {"uv": [3.5, 3.625, 5.25, 3.75], "texture": "#1"},
				"up": {"uv": [3.5, 3.625, 1.75, 1.875], "texture": "#1"},
				"down": {"uv": [5.25, 1.875, 3.5, 3.625], "texture": "#1"}
			}
		},
		{
			"from": [3, 21.6, 3.1],
			"to": [13, 22.6, 12.9],
			"rotation": {"angle": 0, "axis": "y", "origin": [8, 22.1, 8]},
			"faces": {
				"north": {"uv": [1.75, 5.375, 3, 5.5], "texture": "#1"},
				"east": {"uv": [0.625, 5.375, 1.75, 5.5], "texture": "#1"},
				"south": {"uv": [4.125, 5.375, 5.375, 5.5], "texture": "#1"},
				"west": {"uv": [3, 5.375, 4.125, 5.5], "texture": "#1"},
				"up": {"uv": [3, 5.375, 1.75, 4.25], "texture": "#1"},
				"down": {"uv": [4.25, 4.25, 3, 5.375], "texture": "#1"}
			}
		},
		{
			"from": [4, 22.6, 4],
			"to": [12, 23.6, 12],
			"rotation": {"angle": 45, "axis": "y", "origin": [8, 23.1, 8]},
			"faces": {
				"north": {"uv": [8.875, 8.625, 9.875, 8.75], "texture": "#1"},
				"east": {"uv": [7.875, 8.625, 8.875, 8.75], "texture": "#1"},
				"south": {"uv": [10.875, 8.625, 11.875, 8.75], "texture": "#1"},
				"west": {"uv": [9.875, 8.625, 10.875, 8.75], "texture": "#1"},
				"up": {"uv": [9.875, 8.625, 8.875, 7.625], "texture": "#1"},
				"down": {"uv": [10.875, 7.625, 9.875, 8.625], "texture": "#1"}
			}
		},
		{
			"from": [-0.7, 20.025, 0.3],
			"to": [4.3, 21.025, 3.3],
			"rotation": {"angle": 45, "axis": "y", "origin": [1.8, 20.525, 1.8]},
			"faces": {
				"north": {"uv": [3.625, 6.875, 4.25, 7], "texture": "#1"},
				"east": {"uv": [3.25, 6.875, 3.625, 7], "texture": "#1"},
				"south": {"uv": [4.625, 6.875, 5.25, 7], "texture": "#1"},
				"west": {"uv": [4.25, 6.875, 4.625, 7], "texture": "#1"},
				"up": {"uv": [4.25, 6.875, 3.625, 6.5], "texture": "#1"},
				"down": {"uv": [4.875, 6.5, 4.25, 6.875], "texture": "#1"}
			}
		},
		{
			"from": [11.7, 20.025, 0.3],
			"to": [16.7, 21.025, 3.3],
			"rotation": {"angle": -45, "axis": "y", "origin": [14.2, 20.525, 1.8]},
			"faces": {
				"north": {"uv": [3.625, 6.875, 4.25, 7], "texture": "#1"},
				"east": {"uv": [3.25, 6.875, 3.625, 7], "texture": "#1"},
				"south": {"uv": [4.625, 6.875, 5.25, 7], "texture": "#1"},
				"west": {"uv": [4.25, 6.875, 4.625, 7], "texture": "#1"},
				"up": {"uv": [4.25, 6.875, 3.625, 6.5], "texture": "#1"},
				"down": {"uv": [4.875, 6.5, 4.25, 6.875], "texture": "#1"}
			}
		},
		{
			"from": [12.7, 20.025, 11.7],
			"to": [15.7, 21.025, 16.7],
			"rotation": {"angle": -45, "axis": "y", "origin": [14.2, 20.525, 14.2]},
			"faces": {
				"north": {"uv": [6.625, 7, 7, 7.125], "texture": "#1"},
				"east": {"uv": [6, 7, 6.625, 7.125], "texture": "#1"},
				"south": {"uv": [7.625, 7, 8, 7.125], "texture": "#1"},
				"west": {"uv": [7, 7, 7.625, 7.125], "texture": "#1"},
				"up": {"uv": [7, 7, 6.625, 6.375], "texture": "#1"},
				"down": {"uv": [7.375, 6.375, 7, 7], "texture": "#1"}
			}
		},
		{
			"from": [-0.7, 20.025, 12.7],
			"to": [4.3, 21.025, 15.7],
			"rotation": {"angle": -45, "axis": "y", "origin": [1.8, 20.525, 14.2]},
			"faces": {
				"north": {"uv": [3.625, 6.875, 4.25, 7], "texture": "#1"},
				"east": {"uv": [3.25, 6.875, 3.625, 7], "texture": "#1"},
				"south": {"uv": [4.625, 6.875, 5.25, 7], "texture": "#1"},
				"west": {"uv": [4.25, 6.875, 4.625, 7], "texture": "#1"},
				"up": {"uv": [4.25, 6.875, 3.625, 6.5], "texture": "#1"},
				"down": {"uv": [4.875, 6.5, 4.25, 6.875], "texture": "#1"}
			}
		},
		{
			"from": [2.5, 20.6, -4.925],
			"to": [4.5, 20.6, -0.925],
			"rotation": {"angle": -22.5, "axis": "x", "origin": [3.5, 20.6, -1.925]},
			"faces": {
				"north": {"uv": [0.5, 7.375, 0.75, 7.375], "texture": "#1"},
				"east": {"uv": [0, 7.375, 0.5, 7.375], "texture": "#1"},
				"south": {"uv": [1.25, 7.375, 1.5, 7.375], "texture": "#1"},
				"west": {"uv": [0.75, 7.375, 1.25, 7.375], "texture": "#1"},
				"up": {"uv": [0.75, 7.375, 0.5, 6.875], "texture": "#1"},
				"down": {"uv": [1, 6.875, 0.75, 7.375], "texture": "#1"}
			}
		},
		{
			"from": [4.9, 20.325, -3.7],
			"to": [6.9, 20.325, -0.7],
			"rotation": {"angle": -45, "axis": "x", "origin": [5.9, 20.325, -1.7]},
			"faces": {
				"north": {"uv": [7.375, 2.875, 7.625, 2.875], "texture": "#1"},
				"east": {"uv": [7, 2.875, 7.375, 2.875], "texture": "#1"},
				"south": {"uv": [8, 2.875, 8.25, 2.875], "texture": "#1"},
				"west": {"uv": [7.625, 2.875, 8, 2.875], "texture": "#1"},
				"up": {"uv": [7.625, 2.875, 7.375, 2.5], "texture": "#1"},
				"down": {"uv": [7.875, 2.5, 7.625, 2.875], "texture": "#1"}
			}
		},
		{
			"from": [4, 20.3, -2.7],
			"to": [13, 20.3, -0.7],
			"rotation": {"angle": -45, "axis": "x", "origin": [7, 20.3, -1.7]},
			"faces": {
				"north": {"uv": [6.25, 6.375, 7.375, 6.375], "texture": "#1"},
				"east": {"uv": [6, 6.375, 6.25, 6.375], "texture": "#1"},
				"south": {"uv": [7.625, 6.375, 8.75, 6.375], "texture": "#1"},
				"west": {"uv": [7.375, 6.375, 7.625, 6.375], "texture": "#1"},
				"up": {"uv": [7.375, 6.375, 6.25, 6.125], "texture": "#1"},
				"down": {"uv": [8.5, 6.125, 7.375, 6.375], "texture": "#1"}
			}
		},
		{
			"from": [7.6, 20.6, -4.925],
			"to": [8.6, 20.6, -0.925],
			"rotation": {"angle": -22.5, "axis": "x", "origin": [8.6, 20.6, -1.925]},
			"faces": {
				"north": {"uv": [7.5, 1, 7.625, 1], "texture": "#1"},
				"east": {"uv": [7, 1, 7.5, 1], "texture": "#1"},
				"south": {"uv": [8.125, 1, 8.25, 1], "texture": "#1"},
				"west": {"uv": [7.625, 1, 8.125, 1], "texture": "#1"},
				"up": {"uv": [7.625, 1, 7.5, 0.5], "texture": "#1"},
				"down": {"uv": [7.75, 0.5, 7.625, 1], "texture": "#1"}
			}
		},
		{
			"from": [12.4, 21.03062, -3.96353],
			"to": [13.4, 21.03062, -0.96353],
			"rotation": {"angle": -45, "axis": "x", "origin": [12.9, 21, -0.975]},
			"faces": {
				"north": {"uv": [7.375, 3.5, 7.5, 3.5], "texture": "#1"},
				"east": {"uv": [7, 3.5, 7.375, 3.5], "texture": "#1"},
				"south": {"uv": [7.875, 3.5, 8, 3.5], "texture": "#1"},
				"west": {"uv": [7.5, 3.5, 7.875, 3.5], "texture": "#1"},
				"up": {"uv": [7.5, 3.5, 7.375, 3.125], "texture": "#1"},
				"down": {"uv": [7.625, 3.125, 7.5, 3.5], "texture": "#1"}
			}
		},
		{
			"from": [10, 20.6, -4.925],
			"to": [12, 20.6, -0.925],
			"rotation": {"angle": -22.5, "axis": "x", "origin": [11, 20.6, -1.925]},
			"faces": {
				"north": {"uv": [2, 7.375, 2.25, 7.375], "texture": "#1"},
				"east": {"uv": [1.5, 7.375, 2, 7.375], "texture": "#1"},
				"south": {"uv": [2.75, 7.375, 3, 7.375], "texture": "#1"},
				"west": {"uv": [2.25, 7.375, 2.75, 7.375], "texture": "#1"},
				"up": {"uv": [2.25, 7.375, 2, 6.875], "texture": "#1"},
				"down": {"uv": [2.5, 6.875, 2.25, 7.375], "texture": "#1"}
			}
		},
		{
			"from": [16.92589, 20.75, 2.55089],
			"to": [19.92589, 20.75, 4.55089],
			"rotation": {"angle": -22.5, "axis": "z", "origin": [17.6, 20.68839, 8.25089]},
			"faces": {
				"north": {"uv": [7.25, 3.125, 7.625, 3.125], "texture": "#1"},
				"east": {"uv": [7, 3.125, 7.25, 3.125], "texture": "#1"},
				"south": {"uv": [7.875, 3.125, 8.25, 3.125], "texture": "#1"},
				"west": {"uv": [7.625, 3.125, 7.875, 3.125], "texture": "#1"},
				"up": {"uv": [7.625, 3.125, 7.25, 2.875], "texture": "#1"},
				"down": {"uv": [8, 2.875, 7.625, 3.125], "texture": "#1"}
			}
		},
		{
			"from": [16.79911, 20.42678, 4.95089],
			"to": [20.79911, 20.42678, 6.95089],
			"rotation": {"angle": -45, "axis": "z", "origin": [17.625, 20.48839, 8.25089]},
			"faces": {
				"north": {"uv": [7.25, 1.25, 7.75, 1.25], "texture": "#1"},
				"east": {"uv": [7, 1.25, 7.25, 1.25], "texture": "#1"},
				"south": {"uv": [8, 1.25, 8.5, 1.25], "texture": "#1"},
				"west": {"uv": [7.75, 1.25, 8, 1.25], "texture": "#1"},
				"up": {"uv": [7.75, 1.25, 7.25, 1], "texture": "#1"},
				"down": {"uv": [8.25, 1, 7.75, 1.25], "texture": "#1"}
			}
		},
		{
			"from": [16.92589, 20.75, 7.65089],
			"to": [19.92589, 20.75, 8.65089],
			"rotation": {"angle": -22.5, "axis": "z", "origin": [17.6, 20.68839, 8.25089]},
			"faces": {
				"north": {"uv": [6.375, 7.25, 6.75, 7.25], "texture": "#1"},
				"east": {"uv": [6.25, 7.25, 6.375, 7.25], "texture": "#1"},
				"south": {"uv": [6.875, 7.25, 7.25, 7.25], "texture": "#1"},
				"west": {"uv": [6.75, 7.25, 6.875, 7.25], "texture": "#1"},
				"up": {"uv": [6.75, 7.25, 6.375, 7.125], "texture": "#1"},
				"down": {"uv": [7.125, 7.125, 6.75, 7.25], "texture": "#1"}
			}
		},
		{
			"from": [16.79911, 20.40178, 4.05089],
			"to": [18.79911, 20.40178, 13.05089],
			"rotation": {"angle": -45, "axis": "z", "origin": [17.625, 20.46339, 8.25089]},
			"faces": {
				"north": {"uv": [4.375, 6.5, 4.625, 6.5], "texture": "#1"},
				"east": {"uv": [3.25, 6.5, 4.375, 6.5], "texture": "#1"},
				"south": {"uv": [5.75, 6.5, 6, 6.5], "texture": "#1"},
				"west": {"uv": [4.625, 6.5, 5.75, 6.5], "texture": "#1"},
				"up": {"uv": [4.625, 6.5, 4.375, 5.375], "texture": "#1"},
				"down": {"uv": [4.875, 5.375, 4.625, 6.5], "texture": "#1"}
			}
		},
		{
			"from": [16.92589, 20.75, 10.05089],
			"to": [20.92589, 20.75, 12.05089],
			"rotation": {"angle": -22.5, "axis": "z", "origin": [17.6, 20.68839, 8.25089]},
			"faces": {
				"north": {"uv": [7.25, 1.5, 7.75, 1.5], "texture": "#1"},
				"east": {"uv": [7, 1.5, 7.25, 1.5], "texture": "#1"},
				"south": {"uv": [8, 1.5, 8.5, 1.5], "texture": "#1"},
				"west": {"uv": [7.75, 1.5, 8, 1.5], "texture": "#1"},
				"up": {"uv": [7.75, 1.5, 7.25, 1.25], "texture": "#1"},
				"down": {"uv": [8.25, 1.25, 7.75, 1.5], "texture": "#1"}
			}
		},
		{
			"from": [16.78001, 20.41472, 12.45089],
			"to": [20.78001, 20.41472, 13.45089],
			"rotation": {"angle": -45, "axis": "z", "origin": [17.625, 20.46339, 8.25089]},
			"faces": {
				"north": {"uv": [7.125, 3.625, 7.625, 3.625], "texture": "#1"},
				"east": {"uv": [7, 3.625, 7.125, 3.625], "texture": "#1"},
				"south": {"uv": [7.75, 3.625, 8.25, 3.625], "texture": "#1"},
				"west": {"uv": [7.625, 3.625, 7.75, 3.625], "texture": "#1"},
				"up": {"uv": [7.625, 3.625, 7.125, 3.5], "texture": "#1"},
				"down": {"uv": [8.125, 3.5, 7.625, 3.625], "texture": "#1"}
			}
		},
		{
			"from": [2.5, 20.6, 16.925],
			"to": [4.5, 20.6, 19.925],
			"rotation": {"angle": 22.5, "axis": "x", "origin": [3.5, 20.6, 17.925]},
			"faces": {
				"north": {"uv": [7.375, 2.875, 7.625, 2.875], "texture": "#1"},
				"east": {"uv": [7, 2.875, 7.375, 2.875], "texture": "#1"},
				"south": {"uv": [8, 2.875, 8.25, 2.875], "texture": "#1"},
				"west": {"uv": [7.625, 2.875, 8, 2.875], "texture": "#1"},
				"up": {"uv": [7.625, 2.875, 7.375, 2.5], "texture": "#1"},
				"down": {"uv": [7.875, 2.5, 7.625, 2.875], "texture": "#1"}
			}
		},
		{
			"from": [4.9, 20.325, 16.7],
			"to": [6.9, 20.325, 19.7],
			"rotation": {"angle": 45, "axis": "x", "origin": [5.9, 20.325, 17.7]},
			"faces": {
				"north": {"uv": [7.375, 2.875, 7.625, 2.875], "texture": "#1"},
				"east": {"uv": [7, 2.875, 7.375, 2.875], "texture": "#1"},
				"south": {"uv": [8, 2.875, 8.25, 2.875], "texture": "#1"},
				"west": {"uv": [7.625, 2.875, 8, 2.875], "texture": "#1"},
				"up": {"uv": [7.625, 2.875, 7.375, 2.5], "texture": "#1"},
				"down": {"uv": [7.875, 2.5, 7.625, 2.875], "texture": "#1"}
			}
		},
		{
			"from": [7.6, 20.6, 16.925],
			"to": [8.6, 20.6, 20.925],
			"rotation": {"angle": 22.5, "axis": "x", "origin": [8.6, 20.6, 17.925]},
			"faces": {
				"north": {"uv": [7.5, 2, 7.625, 2], "texture": "#1"},
				"east": {"uv": [7, 2, 7.5, 2], "texture": "#1"},
				"south": {"uv": [8.125, 2, 8.25, 2], "texture": "#1"},
				"west": {"uv": [7.625, 2, 8.125, 2], "texture": "#1"},
				"up": {"uv": [7.625, 2, 7.5, 1.5], "texture": "#1"},
				"down": {"uv": [7.75, 1.5, 7.625, 2], "texture": "#1"}
			}
		},
		{
			"from": [10, 20.6, 16.925],
			"to": [12, 20.6, 19.925],
			"rotation": {"angle": 22.5, "axis": "x", "origin": [11, 20.6, 17.925]},
			"faces": {
				"north": {"uv": [7.375, 2.875, 7.625, 2.875], "texture": "#1"},
				"east": {"uv": [7, 2.875, 7.375, 2.875], "texture": "#1"},
				"south": {"uv": [8, 2.875, 8.25, 2.875], "texture": "#1"},
				"west": {"uv": [7.625, 2.875, 8, 2.875], "texture": "#1"},
				"up": {"uv": [7.625, 2.875, 7.375, 2.5], "texture": "#1"},
				"down": {"uv": [7.875, 2.5, 7.625, 2.875], "texture": "#1"}
			}
		},
		{
			"from": [12.4, 21.03062, 16.96353],
			"to": [13.4, 21.03062, 19.96353],
			"rotation": {"angle": 45, "axis": "x", "origin": [12.9, 21, 16.975]},
			"faces": {
				"north": {"uv": [7.375, 3.5, 7.5, 3.5], "texture": "#1"},
				"east": {"uv": [7, 3.5, 7.375, 3.5], "texture": "#1"},
				"south": {"uv": [7.875, 3.5, 8, 3.5], "texture": "#1"},
				"west": {"uv": [7.5, 3.5, 7.875, 3.5], "texture": "#1"},
				"up": {"uv": [7.5, 3.5, 7.375, 3.125], "texture": "#1"},
				"down": {"uv": [7.625, 3.125, 7.5, 3.5], "texture": "#1"}
			}
		},
		{
			"from": [4, 20.3, 16.7],
			"to": [13, 20.3, 18.7],
			"rotation": {"angle": 45, "axis": "x", "origin": [7, 20.3, 17.7]},
			"faces": {
				"north": {"uv": [6.25, 6.375, 7.375, 6.375], "texture": "#1"},
				"east": {"uv": [6, 6.375, 6.25, 6.375], "texture": "#1"},
				"south": {"uv": [7.625, 6.375, 8.75, 6.375], "texture": "#1"},
				"west": {"uv": [7.375, 6.375, 7.625, 6.375], "texture": "#1"},
				"up": {"uv": [7.375, 6.375, 6.25, 6.125], "texture": "#1"},
				"down": {"uv": [8.5, 6.125, 7.375, 6.375], "texture": "#1"}
			}
		},
		{
			"from": [-3.92589, 20.75, 2.55089],
			"to": [-0.92589, 20.75, 4.55089],
			"rotation": {"angle": 22.5, "axis": "z", "origin": [-1.6, 20.68839, 8.25089]},
			"faces": {
				"north": {"uv": [3.25, 7.25, 3.625, 7.25], "texture": "#1"},
				"east": {"uv": [3, 7.25, 3.25, 7.25], "texture": "#1"},
				"south": {"uv": [3.875, 7.25, 4.25, 7.25], "texture": "#1"},
				"west": {"uv": [3.625, 7.25, 3.875, 7.25], "texture": "#1"},
				"up": {"uv": [3.625, 7.25, 3.25, 7], "texture": "#1"},
				"down": {"uv": [4, 7, 3.625, 7.25], "texture": "#1"}
			}
		},
		{
			"from": [-4.79911, 20.42678, 4.95089],
			"to": [-0.79911, 20.42678, 6.95089],
			"rotation": {"angle": 45, "axis": "z", "origin": [-1.625, 20.48839, 8.25089]},
			"faces": {
				"north": {"uv": [7.25, 2.25, 7.75, 2.25], "texture": "#1"},
				"east": {"uv": [7, 2.25, 7.25, 2.25], "texture": "#1"},
				"south": {"uv": [8, 2.25, 8.5, 2.25], "texture": "#1"},
				"west": {"uv": [7.75, 2.25, 8, 2.25], "texture": "#1"},
				"up": {"uv": [7.75, 2.25, 7.25, 2], "texture": "#1"},
				"down": {"uv": [8.25, 2, 7.75, 2.25], "texture": "#1"}
			}
		},
		{
			"from": [-4.92589, 20.75, 7.65089],
			"to": [-0.92589, 20.75, 8.65089],
			"rotation": {"angle": 22.5, "axis": "z", "origin": [-1.6, 20.68839, 8.25089]},
			"faces": {
				"north": {"uv": [7.125, 3.75, 7.625, 3.75], "texture": "#1"},
				"east": {"uv": [7, 3.75, 7.125, 3.75], "texture": "#1"},
				"south": {"uv": [7.75, 3.75, 8.25, 3.75], "texture": "#1"},
				"west": {"uv": [7.625, 3.75, 7.75, 3.75], "texture": "#1"},
				"up": {"uv": [7.625, 3.75, 7.125, 3.625], "texture": "#1"},
				"down": {"uv": [8.125, 3.625, 7.625, 3.75], "texture": "#1"}
			}
		},
		{
			"from": [-2.79911, 20.40178, 4.05089],
			"to": [-0.79911, 20.40178, 13.05089],
			"rotation": {"angle": 45, "axis": "z", "origin": [-1.625, 20.46339, 8.25089]},
			"faces": {
				"north": {"uv": [7.125, 4.875, 7.375, 4.875], "texture": "#1"},
				"east": {"uv": [6, 4.875, 7.125, 4.875], "texture": "#1"},
				"south": {"uv": [8.5, 4.875, 8.75, 4.875], "texture": "#1"},
				"west": {"uv": [7.375, 4.875, 8.5, 4.875], "texture": "#1"},
				"up": {"uv": [7.375, 4.875, 7.125, 3.75], "texture": "#1"},
				"down": {"uv": [7.625, 3.75, 7.375, 4.875], "texture": "#1"}
			}
		},
		{
			"from": [-4.92589, 20.75, 10.05089],
			"to": [-0.92589, 20.75, 12.05089],
			"rotation": {"angle": 22.5, "axis": "z", "origin": [-1.6, 20.68839, 8.25089]},
			"faces": {
				"north": {"uv": [7.25, 2.5, 7.75, 2.5], "texture": "#1"},
				"east": {"uv": [7, 2.5, 7.25, 2.5], "texture": "#1"},
				"south": {"uv": [8, 2.5, 8.5, 2.5], "texture": "#1"},
				"west": {"uv": [7.75, 2.5, 8, 2.5], "texture": "#1"},
				"up": {"uv": [7.75, 2.5, 7.25, 2.25], "texture": "#1"},
				"down": {"uv": [8.25, 2.25, 7.75, 2.5], "texture": "#1"}
			}
		},
		{
			"from": [-2.78001, 20.41472, 12.45089],
			"to": [-0.78001, 20.41472, 13.45089],
			"rotation": {"angle": 45, "axis": "z", "origin": [-1.625, 20.46339, 8.25089]},
			"faces": {
				"north": {"uv": [5.375, 6.625, 5.625, 6.625], "texture": "#1"},
				"east": {"uv": [5.25, 6.625, 5.375, 6.625], "texture": "#1"},
				"south": {"uv": [5.75, 6.625, 6, 6.625], "texture": "#1"},
				"west": {"uv": [5.625, 6.625, 5.75, 6.625], "texture": "#1"},
				"up": {"uv": [5.625, 6.625, 5.375, 6.5], "texture": "#1"},
				"down": {"uv": [5.875, 6.5, 5.625, 6.625], "texture": "#1"}
			}
		},
		{
			"from": [0.8, 20.6, -1.225],
			"to": [2.8, 20.6, 0.775],
			"rotation": {"angle": -22.5, "axis": "x", "origin": [1.8, 20.6, -0.225]},
			"faces": {
				"north": {"uv": [4.5, 7.25, 4.75, 7.25], "texture": "#1"},
				"east": {"uv": [4.25, 7.25, 4.5, 7.25], "texture": "#1"},
				"south": {"uv": [5, 7.25, 5.25, 7.25], "texture": "#1"},
				"west": {"uv": [4.75, 7.25, 5, 7.25], "texture": "#1"},
				"up": {"uv": [4.75, 7.25, 4.5, 7], "texture": "#1"},
				"down": {"uv": [5, 7, 4.75, 7.25], "texture": "#1"}
			}
		},
		{
			"from": [-0.2, 20.6, -2.225],
			"to": [0.8, 20.6, -1.225],
			"rotation": {"angle": -22.5, "axis": "x", "origin": [0.8, 20.6, -0.225]},
			"faces": {
				"north": {"uv": [5.375, 6.75, 5.5, 6.75], "texture": "#1"},
				"east": {"uv": [5.25, 6.75, 5.375, 6.75], "texture": "#1"},
				"south": {"uv": [5.625, 6.75, 5.75, 6.75], "texture": "#1"},
				"west": {"uv": [5.5, 6.75, 5.625, 6.75], "texture": "#1"},
				"up": {"uv": [5.5, 6.75, 5.375, 6.625], "texture": "#1"},
				"down": {"uv": [5.625, 6.625, 5.5, 6.75], "texture": "#1"}
			}
		},
		{
			"from": [-1.3, 20.6, 0.875],
			"to": [0.7, 20.6, 2.875],
			"rotation": {"angle": 22.5, "axis": "z", "origin": [-0.3, 20.6, 1.875]},
			"faces": {
				"north": {"uv": [4.5, 7.25, 4.75, 7.25], "texture": "#1"},
				"east": {"uv": [4.25, 7.25, 4.5, 7.25], "texture": "#1"},
				"south": {"uv": [5, 7.25, 5.25, 7.25], "texture": "#1"},
				"west": {"uv": [4.75, 7.25, 5, 7.25], "texture": "#1"},
				"up": {"uv": [4.75, 7.25, 4.5, 7], "texture": "#1"},
				"down": {"uv": [5, 7, 4.75, 7.25], "texture": "#1"}
			}
		},
		{
			"from": [13.2, 20.6, -1.225],
			"to": [15.2, 20.6, 0.775],
			"rotation": {"angle": -22.5, "axis": "x", "origin": [14.2, 20.6, -0.225]},
			"faces": {
				"north": {"uv": [4.75, 7.25, 4.5, 7.25], "texture": "#1"},
				"east": {"uv": [5, 7.25, 4.75, 7.25], "texture": "#1"},
				"south": {"uv": [5.25, 7.25, 5, 7.25], "texture": "#1"},
				"west": {"uv": [4.5, 7.25, 4.25, 7.25], "texture": "#1"},
				"up": {"uv": [4.5, 7.25, 4.75, 7], "texture": "#1"},
				"down": {"uv": [4.75, 7, 5, 7.25], "texture": "#1"}
			}
		},
		{
			"from": [17.3, 20.6, -0.125],
			"to": [18.3, 20.6, 0.875],
			"rotation": {"angle": -22.5, "axis": "z", "origin": [16.3, 20.6, 0.875]},
			"faces": {
				"north": {"uv": [5.375, 6.875, 5.5, 6.875], "texture": "#1"},
				"east": {"uv": [5.25, 6.875, 5.375, 6.875], "texture": "#1"},
				"south": {"uv": [5.625, 6.875, 5.75, 6.875], "texture": "#1"},
				"west": {"uv": [5.5, 6.875, 5.625, 6.875], "texture": "#1"},
				"up": {"uv": [5.5, 6.875, 5.375, 6.75], "texture": "#1"},
				"down": {"uv": [5.625, 6.75, 5.5, 6.875], "texture": "#1"}
			}
		},
		{
			"from": [15.3, 20.6, 0.875],
			"to": [17.3, 20.6, 2.875],
			"rotation": {"angle": -22.5, "axis": "z", "origin": [16.3, 20.6, 1.875]},
			"faces": {
				"north": {"uv": [4.75, 7.25, 4.5, 7.25], "texture": "#1"},
				"east": {"uv": [5, 7.25, 4.75, 7.25], "texture": "#1"},
				"south": {"uv": [5.25, 7.25, 5, 7.25], "texture": "#1"},
				"west": {"uv": [4.5, 7.25, 4.25, 7.25], "texture": "#1"},
				"up": {"uv": [4.5, 7.25, 4.75, 7], "texture": "#1"},
				"down": {"uv": [4.75, 7, 5, 7.25], "texture": "#1"}
			}
		},
		{
			"from": [13.2, 20.6, 15.225],
			"to": [15.2, 20.6, 17.225],
			"rotation": {"angle": 22.5, "axis": "x", "origin": [14.2, 20.6, 16.225]},
			"faces": {
				"north": {"uv": [4.75, 7.25, 4.5, 7.25], "texture": "#1"},
				"east": {"uv": [5, 7.25, 4.75, 7.25], "texture": "#1"},
				"south": {"uv": [5.25, 7.25, 5, 7.25], "texture": "#1"},
				"west": {"uv": [4.5, 7.25, 4.25, 7.25], "texture": "#1"},
				"up": {"uv": [4.5, 7.25, 4.75, 7], "texture": "#1"},
				"down": {"uv": [4.75, 7, 5, 7.25], "texture": "#1"}
			}
		},
		{
			"from": [15.2, 20.6, 17.225],
			"to": [16.2, 20.6, 18.225],
			"rotation": {"angle": 22.5, "axis": "x", "origin": [14.2, 20.6, 16.225]},
			"faces": {
				"north": {"uv": [5.375, 6.875, 5.5, 6.875], "texture": "#1"},
				"east": {"uv": [5.25, 6.875, 5.375, 6.875], "texture": "#1"},
				"south": {"uv": [5.625, 6.875, 5.75, 6.875], "texture": "#1"},
				"west": {"uv": [5.5, 6.875, 5.625, 6.875], "texture": "#1"},
				"up": {"uv": [5.5, 6.875, 5.375, 6.75], "texture": "#1"},
				"down": {"uv": [5.625, 6.75, 5.5, 6.875], "texture": "#1"}
			}
		},
		{
			"from": [15.3, 20.6, 13.125],
			"to": [17.3, 20.6, 15.125],
			"rotation": {"angle": -22.5, "axis": "z", "origin": [16.3, 20.6, 14.125]},
			"faces": {
				"north": {"uv": [4.75, 7.25, 4.5, 7.25], "texture": "#1"},
				"east": {"uv": [5, 7.25, 4.75, 7.25], "texture": "#1"},
				"south": {"uv": [5.25, 7.25, 5, 7.25], "texture": "#1"},
				"west": {"uv": [4.5, 7.25, 4.25, 7.25], "texture": "#1"},
				"up": {"uv": [4.5, 7.25, 4.75, 7], "texture": "#1"},
				"down": {"uv": [4.75, 7, 5, 7.25], "texture": "#1"}
			}
		},
		{
			"from": [0.8, 20.6, 15.225],
			"to": [2.8, 20.6, 17.225],
			"rotation": {"angle": 22.5, "axis": "x", "origin": [1.8, 20.6, 16.225]},
			"faces": {
				"north": {"uv": [4.5, 7.25, 4.75, 7.25], "texture": "#1"},
				"east": {"uv": [4.25, 7.25, 4.5, 7.25], "texture": "#1"},
				"south": {"uv": [5, 7.25, 5.25, 7.25], "texture": "#1"},
				"west": {"uv": [4.75, 7.25, 5, 7.25], "texture": "#1"},
				"up": {"uv": [4.75, 7.25, 4.5, 7], "texture": "#1"},
				"down": {"uv": [5, 7, 4.75, 7.25], "texture": "#1"}
			}
		},
		{
			"from": [-1.3, 20.6, 13.125],
			"to": [0.7, 20.6, 15.125],
			"rotation": {"angle": 22.5, "axis": "z", "origin": [-0.3, 20.6, 14.125]},
			"faces": {
				"north": {"uv": [4.5, 7.25, 4.75, 7.25], "texture": "#1"},
				"east": {"uv": [4.25, 7.25, 4.5, 7.25], "texture": "#1"},
				"south": {"uv": [5, 7.25, 5.25, 7.25], "texture": "#1"},
				"west": {"uv": [4.75, 7.25, 5, 7.25], "texture": "#1"},
				"up": {"uv": [4.75, 7.25, 4.5, 7], "texture": "#1"},
				"down": {"uv": [5, 7, 4.75, 7.25], "texture": "#1"}
			}
		},
		{
			"from": [-2.3, 20.6, 15.125],
			"to": [-1.3, 20.6, 16.125],
			"rotation": {"angle": 22.5, "axis": "z", "origin": [-0.3, 20.6, 14.125]},
			"faces": {
				"north": {"uv": [5.375, 7, 5.5, 7], "texture": "#1"},
				"east": {"uv": [5.25, 7, 5.375, 7], "texture": "#1"},
				"south": {"uv": [5.625, 7, 5.75, 7], "texture": "#1"},
				"west": {"uv": [5.5, 7, 5.625, 7], "texture": "#1"},
				"up": {"uv": [5.5, 7, 5.375, 6.875], "texture": "#1"},
				"down": {"uv": [5.625, 6.875, 5.5, 7], "texture": "#1"}
			}
		},
		{
			"from": [6.5, 23.6, 6.5],
			"to": [9.5, 24.6, 9.5],
			"rotation": {"angle": 0, "axis": "y", "origin": [7.5, 24.1, 7.5]},
			"faces": {
				"north": {"uv": [7.375, 0.375, 7.75, 0.5], "texture": "#1"},
				"east": {"uv": [7, 0.375, 7.375, 0.5], "texture": "#1"},
				"south": {"uv": [8.125, 0.375, 8.5, 0.5], "texture": "#1"},
				"west": {"uv": [7.75, 0.375, 8.125, 0.5], "texture": "#1"},
				"up": {"uv": [7.75, 0.375, 7.375, 0], "texture": "#1"},
				"down": {"uv": [8.125, 0, 7.75, 0.375], "texture": "#1"}
			}
		},
		{
			"from": [7.1, 22.3, 0.3],
			"to": [9.1, 22.3, 2.3],
			"rotation": {"angle": 22.5, "axis": "x", "origin": [8.1, 22.3, 1.3]},
			"faces": {
				"north": {"uv": [5.5, 7.375, 5.75, 7.375], "texture": "#1"},
				"east": {"uv": [5.25, 7.375, 5.5, 7.375], "texture": "#1"},
				"south": {"uv": [6, 7.375, 6.25, 7.375], "texture": "#1"},
				"west": {"uv": [5.75, 7.375, 6, 7.375], "texture": "#1"},
				"up": {"uv": [5.75, 7.375, 5.5, 7.125], "texture": "#1"},
				"down": {"uv": [6, 7.125, 5.75, 7.375], "texture": "#1"}
			}
		},
		{
			"from": [0.4, 22.3, 7],
			"to": [2.4, 22.3, 9],
			"rotation": {"angle": -22.5, "axis": "z", "origin": [1.4, 22.3, 8]},
			"faces": {
				"north": {"uv": [5.5, 7.375, 5.75, 7.375], "texture": "#1"},
				"east": {"uv": [5.25, 7.375, 5.5, 7.375], "texture": "#1"},
				"south": {"uv": [6, 7.375, 6.25, 7.375], "texture": "#1"},
				"west": {"uv": [5.75, 7.375, 6, 7.375], "texture": "#1"},
				"up": {"uv": [5.75, 7.375, 5.5, 7.125], "texture": "#1"},
				"down": {"uv": [6, 7.125, 5.75, 7.375], "texture": "#1"}
			}
		},
		{
			"from": [2.8, 22.9, 4.5],
			"to": [4.8, 22.9, 6.5],
			"rotation": {"angle": -22.5, "axis": "z", "origin": [3.8, 22.9, 5.5]},
			"faces": {
				"north": {"uv": [5.5, 7.375, 5.75, 7.375], "texture": "#1"},
				"east": {"uv": [5.25, 7.375, 5.5, 7.375], "texture": "#1"},
				"south": {"uv": [6, 7.375, 6.25, 7.375], "texture": "#1"},
				"west": {"uv": [5.75, 7.375, 6, 7.375], "texture": "#1"},
				"up": {"uv": [5.75, 7.375, 5.5, 7.125], "texture": "#1"},
				"down": {"uv": [6, 7.125, 5.75, 7.375], "texture": "#1"}
			}
		},
		{
			"from": [10.9, 22.9, 10],
			"to": [12.9, 22.9, 12],
			"rotation": {"angle": 22.5, "axis": "z", "origin": [11.9, 22.9, 11]},
			"faces": {
				"north": {"uv": [5.75, 7.375, 5.5, 7.375], "texture": "#1"},
				"east": {"uv": [6, 7.375, 5.75, 7.375], "texture": "#1"},
				"south": {"uv": [6.25, 7.375, 6, 7.375], "texture": "#1"},
				"west": {"uv": [5.5, 7.375, 5.25, 7.375], "texture": "#1"},
				"up": {"uv": [5.5, 7.375, 5.75, 7.125], "texture": "#1"},
				"down": {"uv": [5.75, 7.125, 6, 7.375], "texture": "#1"}
			}
		}
	],
	"display": {
		"gui": {
			"rotation": [17, 0, 0],
			"translation": [0, -6.25, 0],
			"scale": [0.6, 0.6, 0.6]
		},
		"head": {
			"translation": [0, -19.5, 0],
			"scale": [2, 2, 2]
		}
	},
	"groups": [
		{
			"name": "group",
			"origin": [8, 8, 8],
			"color": 0,
			"children": [
				{
					"name": "Head",
					"origin": [8, 24, 8],
					"color": 0,
					"children": []
				},
				{
					"name": "Body",
					"origin": [8, 24, 8],
					"color": 0,
					"children": []
				},
				{
					"name": "Right Arm",
					"origin": [13, 22, 8],
					"color": 0,
					"children": []
				},
				{
					"name": "Left Arm",
					"origin": [3, 22, 8],
					"color": 0,
					"children": []
				},
				{
					"name": "Right Leg",
					"origin": [9.9, 12, 8],
					"color": 0,
					"children": []
				},
				{
					"name": "Left Leg",
					"origin": [6.1, 12, 8],
					"color": 0,
					"children": []
				}
			]
		},
		0,
		1,
		2,
		3,
		4,
		5,
		6,
		7,
		8,
		9,
		10,
		11,
		12,
		13,
		14,
		15,
		16,
		17,
		18,
		19,
		20,
		21,
		22,
		23,
		24,
		25,
		26,
		27,
		28,
		29,
		30,
		31,
		32,
		33,
		34,
		35,
		36,
		37,
		38,
		39,
		40,
		41,
		42,
		43,
		44,
		45,
		46,
		47,
		48,
		49,
		50,
		51,
		52
	]
}