{
	"credit": "Made with Blockbench",
	"texture_size": [128, 128],
	"textures": {
		"1": "item/k3",
		"particle": "item/k3"
	},
	"elements": [
		{
			"from": [8.15, 0.15, -5.85],
			"to": [9.85, 1.85, 22.85],
			"rotation": {"angle": 0, "axis": "y", "origin": [8, 0, 0]},
			"faces": {
				"north": {"uv": [3.875, 4.875, 4.125, 5.125], "texture": "#1"},
				"east": {"uv": [2.125, 0.875, 5.75, 1.125], "texture": "#1"},
				"south": {"uv": [6.125, 2.75, 6.375, 3], "texture": "#1"},
				"west": {"uv": [2.125, 1.25, 5.75, 1.5], "texture": "#1"},
				"up": {"uv": [2.375, 5.25, 2.125, 1.625], "texture": "#1"},
				"down": {"uv": [2.75, 1.625, 2.5, 5.25], "texture": "#1"}
			}
		},
		{
			"from": [7.4, -0.35, 17.15],
			"to": [10.6, 2.35, 29.85],
			"rotation": {"angle": 0, "axis": "y", "origin": [8, 2, 0]},
			"faces": {
				"north": {"uv": [3.875, 5.625, 4.375, 5.25], "texture": "#1"},
				"east": {"uv": [4.25, 0.375, 5.875, 0], "texture": "#1"},
				"south": {"uv": [2, 5.75, 2.5, 5.375], "texture": "#1"},
				"west": {"uv": [4.25, 3.5, 5.875, 3.125], "texture": "#1"},
				"up": {"uv": [1.125, 4.25, 0.625, 2.625], "texture": "#1"},
				"down": {"uv": [0.5, 2.625, 0, 4.25], "texture": "#1"}
			}
		},
		{
			"from": [7.25, -0.5, -13],
			"to": [10.75, 2.5, -12],
			"rotation": {"angle": 0, "axis": "y", "origin": [8, 0, 4]},
			"faces": {
				"north": {"uv": [4.5, 5.375, 5, 5.75], "texture": "#1"},
				"east": {"uv": [1.875, 3.875, 2, 4.25], "texture": "#1"},
				"south": {"uv": [5.375, 4.625, 5.875, 5], "texture": "#1"},
				"west": {"uv": [0.875, 6.25, 1, 6.625], "texture": "#1"},
				"up": {"uv": [4, 3.25, 3.5, 3.125], "texture": "#1"},
				"down": {"uv": [5.375, 2.875, 4.875, 3], "texture": "#1"}
			}
		},
		{
			"from": [7.25, -0.5, -10],
			"to": [10.75, 2.5, -9],
			"rotation": {"angle": 0, "axis": "y", "origin": [8, 0, 7]},
			"faces": {
				"north": {"uv": [5.125, 5.375, 5.625, 5.75], "texture": "#1"},
				"east": {"uv": [2, 6.375, 2.125, 6.75], "texture": "#1"},
				"south": {"uv": [5.5, 1.625, 6, 2], "texture": "#1"},
				"west": {"uv": [2.25, 6.375, 2.375, 6.75], "texture": "#1"},
				"up": {"uv": [3.5, 6.25, 3, 6.125], "texture": "#1"},
				"down": {"uv": [6.625, 5, 6.125, 5.125], "texture": "#1"}
			}
		},
		{
			"from": [9, -6.5, -14.25],
			"to": [9, -0.4, 2],
			"rotation": {"angle": 0, "axis": "y", "origin": [8, -2, 16]},
			"faces": {
				"north": {"uv": [1.125, 6.25, 1.125, 7], "texture": "#1"},
				"east": {"uv": [0, 0, 2, 0.75], "texture": "#1"},
				"south": {"uv": [5.25, 6.375, 5.25, 7.125], "texture": "#1"},
				"west": {"uv": [0, 0.875, 2, 1.625], "texture": "#1"},
				"up": {"uv": [5.375, 8.375, 5.375, 6.375], "texture": "#1"},
				"down": {"uv": [5.5, 6.375, 5.5, 8.375], "texture": "#1"}
			}
		},
		{
			"from": [8.4, -2.35, -14.1],
			"to": [9.6, 2.45, -4.15],
			"rotation": {"angle": 0, "axis": "y", "origin": [8, 0, 16]},
			"faces": {
				"north": {"uv": [1.25, 5.75, 1.5, 6.375], "texture": "#1"},
				"east": {"uv": [2.875, 3.375, 4.125, 4], "texture": "#1"},
				"south": {"uv": [1.625, 5.75, 1.875, 6.375], "texture": "#1"},
				"west": {"uv": [3.5, 1.625, 4.75, 2.25], "texture": "#1"},
				"up": {"uv": [0.25, 5.625, 0, 4.375], "texture": "#1"},
				"down": {"uv": [0.625, 4.375, 0.375, 5.625], "texture": "#1"}
			}
		},
		{
			"from": [7.4, -0.35, -13.85],
			"to": [10.6, 2.35, -1.15],
			"rotation": {"angle": 0, "axis": "y", "origin": [8, 0, 16]},
			"faces": {
				"north": {"uv": [5.5, 2.125, 6, 2.5], "texture": "#1"},
				"east": {"uv": [4.25, 3.625, 5.875, 4], "texture": "#1"},
				"south": {"uv": [5.5, 2.625, 6, 3], "texture": "#1"},
				"west": {"uv": [4.25, 4.125, 5.875, 4.5], "texture": "#1"},
				"up": {"uv": [1.75, 4.25, 1.25, 2.625], "texture": "#1"},
				"down": {"uv": [3.375, 1.625, 2.875, 3.25], "texture": "#1"}
			}
		},
		{
			"from": [8.4, -0.45, 20.15],
			"to": [9.6, 4.35, 30.1],
			"rotation": {"angle": 0, "axis": "y", "origin": [8, 2, 0]},
			"faces": {
				"north": {"uv": [3.875, 6.375, 4.125, 5.75], "texture": "#1"},
				"east": {"uv": [3.5, 3, 4.75, 2.375], "texture": "#1"},
				"south": {"uv": [5.75, 5.75, 6, 5.125], "texture": "#1"},
				"west": {"uv": [2.875, 4.75, 4.125, 4.125], "texture": "#1"},
				"up": {"uv": [1.375, 5.625, 1.125, 4.375], "texture": "#1"},
				"down": {"uv": [1, 4.375, 0.75, 5.625], "texture": "#1"}
			}
		},
		{
			"from": [9, 2.4, 14],
			"to": [9, 8.5, 30.25],
			"rotation": {"angle": 0, "axis": "y", "origin": [8, 4, 0]},
			"faces": {
				"north": {"uv": [5.625, 7.125, 5.625, 6.375], "texture": "#1"},
				"east": {"uv": [0, 2.5, 2, 1.75], "texture": "#1"},
				"south": {"uv": [6.375, 7, 6.375, 6.25], "texture": "#1"},
				"west": {"uv": [2.125, 0.75, 4.125, 0], "texture": "#1"},
				"up": {"uv": [0.375, 8.5, 0.375, 6.5], "texture": "#1"},
				"down": {"uv": [0.25, 6.5, 0.25, 8.5], "texture": "#1"}
			}
		},
		{
			"from": [7.25, -0.75, 15],
			"to": [10.75, 2.75, 16],
			"rotation": {"angle": 0, "axis": "y", "origin": [8, 0, -1]},
			"faces": {
				"north": {"uv": [1.5, 4.375, 2, 4.875], "texture": "#1"},
				"east": {"uv": [1.875, 2.625, 2, 3.125], "texture": "#1"},
				"south": {"uv": [4.25, 4.625, 4.75, 5.125], "texture": "#1"},
				"west": {"uv": [1.875, 3.25, 2, 3.75], "texture": "#1"},
				"up": {"uv": [6.625, 5.375, 6.125, 5.25], "texture": "#1"},
				"down": {"uv": [6.625, 5.5, 6.125, 5.625], "texture": "#1"}
			}
		},
		{
			"from": [7.25, -0.75, 0],
			"to": [10.75, 2.75, 1],
			"rotation": {"angle": 0, "axis": "y", "origin": [8, 0, 17]},
			"faces": {
				"north": {"uv": [4.875, 1.625, 5.375, 2.125], "texture": "#1"},
				"east": {"uv": [3.625, 6.125, 3.75, 6.625], "texture": "#1"},
				"south": {"uv": [4.875, 2.25, 5.375, 2.75], "texture": "#1"},
				"west": {"uv": [0, 6.25, 0.125, 6.75], "texture": "#1"},
				"up": {"uv": [0.75, 6.375, 0.25, 6.25], "texture": "#1"},
				"down": {"uv": [6.25, 6.25, 5.75, 6.375], "texture": "#1"}
			}
		},
		{
			"from": [7.75, 1, 10],
			"to": [10.25, 2.5, 15],
			"rotation": {"angle": 0, "axis": "y", "origin": [8, 0, -1]},
			"faces": {
				"north": {"uv": [5.875, 1.25, 6.25, 1.5], "texture": "#1"},
				"east": {"uv": [4.25, 0.5, 4.875, 0.75], "texture": "#1"},
				"south": {"uv": [5.75, 5.875, 6.125, 6.125], "texture": "#1"},
				"west": {"uv": [5, 0.5, 5.625, 0.75], "texture": "#1"},
				"up": {"uv": [3.25, 5.5, 2.875, 4.875], "texture": "#1"},
				"down": {"uv": [3.75, 4.875, 3.375, 5.5], "texture": "#1"}
			}
		},
		{
			"from": [7.75, -0.5, 1],
			"to": [10.25, 1, 6],
			"rotation": {"angle": 0, "axis": "y", "origin": [8, -1.5, -10]},
			"faces": {
				"north": {"uv": [6, 0, 6.375, 0.25], "texture": "#1"},
				"east": {"uv": [5.75, 0.5, 6.375, 0.75], "texture": "#1"},
				"south": {"uv": [6, 3.125, 6.375, 3.375], "texture": "#1"},
				"west": {"uv": [5.875, 0.875, 6.5, 1.125], "texture": "#1"},
				"up": {"uv": [5.25, 5.25, 4.875, 4.625], "texture": "#1"},
				"down": {"uv": [1.875, 5, 1.5, 5.625], "texture": "#1"}
			}
		},
		{
			"from": [7.75, 1, 1],
			"to": [10.25, 2.5, 4],
			"rotation": {"angle": 0, "axis": "y", "origin": [8, -1.5, -10]},
			"faces": {
				"north": {"uv": [6, 3.5, 6.375, 3.75], "texture": "#1"},
				"east": {"uv": [6, 3.875, 6.375, 4.125], "texture": "#1"},
				"south": {"uv": [6, 4.25, 6.375, 4.5], "texture": "#1"},
				"west": {"uv": [6, 4.625, 6.375, 4.875], "texture": "#1"},
				"up": {"uv": [2.375, 6.25, 2, 5.875], "texture": "#1"},
				"down": {"uv": [4.625, 5.875, 4.25, 6.25], "texture": "#1"}
			}
		},
		{
			"from": [7.75, -0.5, 12],
			"to": [10.25, 1, 15],
			"rotation": {"angle": 0, "axis": "y", "origin": [8, -3, 1]},
			"faces": {
				"north": {"uv": [6.125, 1.625, 6.5, 1.875], "texture": "#1"},
				"east": {"uv": [6.125, 2, 6.5, 2.25], "texture": "#1"},
				"south": {"uv": [6.125, 2.375, 6.5, 2.625], "texture": "#1"},
				"west": {"uv": [2.5, 6.125, 2.875, 6.375], "texture": "#1"},
				"up": {"uv": [5.125, 6.25, 4.75, 5.875], "texture": "#1"},
				"down": {"uv": [5.625, 5.875, 5.25, 6.25], "texture": "#1"}
			}
		},
		{
			"from": [7.25, -0.5, 28],
			"to": [10.75, 2.5, 29],
			"rotation": {"angle": 0, "axis": "y", "origin": [8, 2, 12]},
			"faces": {
				"north": {"uv": [2.625, 6, 3.125, 5.625], "texture": "#1"},
				"east": {"uv": [4.25, 6.75, 4.375, 6.375], "texture": "#1"},
				"south": {"uv": [3.25, 6, 3.75, 5.625], "texture": "#1"},
				"west": {"uv": [4.5, 6.75, 4.625, 6.375], "texture": "#1"},
				"up": {"uv": [6.75, 6.125, 6.25, 6], "texture": "#1"},
				"down": {"uv": [6.75, 5.75, 6.25, 5.875], "texture": "#1"}
			}
		},
		{
			"from": [7.25, -0.5, 25],
			"to": [10.75, 2.5, 26],
			"rotation": {"angle": 0, "axis": "y", "origin": [8, 2, 9]},
			"faces": {
				"north": {"uv": [0, 6.125, 0.5, 5.75], "texture": "#1"},
				"east": {"uv": [4.75, 6.75, 4.875, 6.375], "texture": "#1"},
				"south": {"uv": [0.625, 6.125, 1.125, 5.75], "texture": "#1"},
				"west": {"uv": [5, 6.75, 5.125, 6.375], "texture": "#1"},
				"up": {"uv": [3.5, 6.5, 3, 6.375], "texture": "#1"},
				"down": {"uv": [6.875, 1.25, 6.375, 1.375], "texture": "#1"}
			}
		}
	],
	"display": {
		"thirdperson_righthand": {
			"rotation": [90, 0, 0],
			"translation": [-2.5, -1.75, 8.5]
		},
		"thirdperson_lefthand": {
			"rotation": [90, 0, 0],
			"translation": [-1.25, -1.75, 8.5]
		},
		"firstperson_righthand": {
			"rotation": [73.65, 20.87, -22.43],
			"translation": [14, 4.5, 0]
		},
		"firstperson_lefthand": {
			"rotation": [73.65, 20.87, -22.43],
			"translation": [14, 4.5, 0]
		},
		"ground": {
			"translation": [0, 5, 0]
		},
		"gui": {
			"rotation": [-90, 52.5, 90],
			"translation": [-4.5, 5, 0],
			"scale": [0.8, 0.8, 0.8]
		},
		"fixed": {
			"rotation": [-90, 52.5, 90],
			"translation": [-4.5, 5, 0],
			"scale": [0.8, 0.8, 0.8]
		}
	},
	"groups": [
		{
			"name": "group",
			"origin": [0, 0, 9],
			"color": 0,
			"children": [0, 1, 2, 3, 4, 5, 6, 7, 8, 9, 10, 11, 12, 13, 14, 15, 16]
		}
	]
}