{
	"credit": "Made with Blockbench",
	"texture_size": [64, 64],
	"textures": {
		"1": "item/k3_helmet",
		"particle": "item/k3_helmet"
	},
	"elements": [
		{
			"from": [4, 0, 4],
			"to": [12, 8, 12],
			"rotation": {"angle": 0, "axis": "y", "origin": [7, 0, 4]},
			"faces": {
				"north": {"uv": [0, 5, 2, 7], "texture": "#1"},
				"east": {"uv": [5, 0, 7, 2], "texture": "#1"},
				"south": {"uv": [2.25, 5, 4.25, 7], "texture": "#1"},
				"west": {"uv": [5, 2.25, 7, 4.25], "texture": "#1"},
				"up": {"uv": [6.5, 7, 4.5, 5], "texture": "#1"},
				"down": {"uv": [8.75, 4.5, 6.75, 6.5], "texture": "#1"}
			}
		},
		{
			"from": [3.75, -0.1, 3.75],
			"to": [12.25, 0.9, 12.25],
			"rotation": {"angle": 0, "axis": "y", "origin": [7, -0.1, 4]},
			"faces": {
				"north": {"uv": [2.5, 10.25, 4.75, 10.5], "texture": "#1"},
				"east": {"uv": [10.25, 5, 12.5, 5.25], "texture": "#1"},
				"south": {"uv": [10.25, 5.5, 12.5, 5.75], "texture": "#1"},
				"west": {"uv": [10.25, 6, 12.5, 6.25], "texture": "#1"},
				"up": {"uv": [2.25, 2.25, 0, 0], "texture": "#1"},
				"down": {"uv": [2.25, 2.5, 0, 4.75], "texture": "#1"}
			}
		},
		{
			"from": [3.75, 5.9, 3.75],
			"to": [12.25, 6.9, 12.25],
			"rotation": {"angle": 0, "axis": "y", "origin": [7, 5.9, 4]},
			"faces": {
				"north": {"uv": [7.5, 10.5, 9.75, 10.75], "texture": "#1"},
				"east": {"uv": [10, 10.5, 12.25, 10.75], "texture": "#1"},
				"south": {"uv": [2.5, 10.75, 4.75, 11], "texture": "#1"},
				"west": {"uv": [5, 10.75, 7.25, 11], "texture": "#1"},
				"up": {"uv": [4.75, 2.25, 2.5, 0], "texture": "#1"},
				"down": {"uv": [4.75, 2.5, 2.5, 4.75], "texture": "#1"}
			}
		},
		{
			"from": [3.75, 0.9, 6.6],
			"to": [12.25, 2.9, 13.1],
			"rotation": {"angle": 0, "axis": "y", "origin": [7, 0.9, 3.85]},
			"faces": {
				"north": {"uv": [9.25, 7.75, 11.5, 8.25], "texture": "#1"},
				"east": {"uv": [9.75, 2.25, 11.5, 2.75], "texture": "#1"},
				"south": {"uv": [9.75, 0, 12, 0.5], "texture": "#1"},
				"west": {"uv": [9.75, 3, 11.5, 3.5], "texture": "#1"},
				"up": {"uv": [9, 8.5, 6.75, 6.75], "texture": "#1"},
				"down": {"uv": [2.25, 7.25, 0, 9], "texture": "#1"}
			}
		},
		{
			"from": [3.75, 6.9, 6.75],
			"to": [12.25, 8.9, 13.25],
			"rotation": {"angle": 0, "axis": "y", "origin": [7, 6.9, 4]},
			"faces": {
				"north": {"uv": [9.75, 0.75, 12, 1.25], "texture": "#1"},
				"east": {"uv": [7.5, 9.75, 9.25, 10.25], "texture": "#1"},
				"south": {"uv": [9.75, 1.5, 12, 2], "texture": "#1"},
				"west": {"uv": [9.5, 9.75, 11.25, 10.25], "texture": "#1"},
				"up": {"uv": [9.5, 1.75, 7.25, 0], "texture": "#1"},
				"down": {"uv": [9.5, 2, 7.25, 3.75], "texture": "#1"}
			}
		},
		{
			"from": [3.5, 4.15, 2.75],
			"to": [12.5, 6.9, 9.25],
			"rotation": {"angle": -22.5, "axis": "x", "origin": [7, 4.9, 0]},
			"faces": {
				"north": {"uv": [7.5, 8.75, 9.75, 9.5], "texture": "#1"},
				"east": {"uv": [1.25, 9.25, 3, 10], "texture": "#1"},
				"south": {"uv": [9, 4, 11.25, 4.75], "texture": "#1"},
				"west": {"uv": [9.25, 6.75, 11, 7.5], "texture": "#1"},
				"up": {"uv": [4.75, 9, 2.5, 7.25], "texture": "#1"},
				"down": {"uv": [7.25, 8.75, 5, 10.5], "texture": "#1"}
			}
		},
		{
			"from": [6, 7, 9],
			"to": [10, 10, 15],
			"rotation": {"angle": -22.5, "axis": "x", "origin": [8, 8, 13]},
			"faces": {
				"north": {"uv": [10, 8.5, 11, 9.25], "texture": "#1"},
				"east": {"uv": [5, 7.25, 6.5, 8], "texture": "#1"},
				"south": {"uv": [1.25, 10.25, 2.25, 11], "texture": "#1"},
				"west": {"uv": [3.25, 9.25, 4.75, 10], "texture": "#1"},
				"up": {"uv": [10, 6.5, 9, 5], "texture": "#1"},
				"down": {"uv": [1, 9.25, 0, 10.75], "texture": "#1"}
			}
		}
	],
	"display": {
		"thirdperson_righthand": {
			"rotation": [68, 0, 0],
			"translation": [-2.25, 3, 5.25]
		},
		"thirdperson_lefthand": {
			"rotation": [68, 0, 0],
			"translation": [-2.5, 3, 5.25]
		},
		"firstperson_righthand": {
			"rotation": [-162.87, 58.43, 160.13],
			"translation": [0, 8, 0]
		},
		"firstperson_lefthand": {
			"rotation": [-162.87, 58.43, 160.13],
			"translation": [0, 8, 0]
		},
		"ground": {
			"translation": [0, 1.75, 0]
		},
		"gui": {
			"rotation": [-148.67, 32.52, 161.89],
			"translation": [-1.25, 1.25, 0]
		},
		"head": {
			"translation": [0, 7.25, 0],
			"scale": [1.85, 1.85, 1.85]
		},
		"fixed": {
			"translation": [0, 0, -1.75]
		}
	},
	"groups": [
		{
			"name": "group",
			"origin": [8, 7, 13],
			"color": 0,
			"children": [0, 1, 2, 3, 4, 5, 6]
		}
	]
}