{
	"credit": "Made with Blockbench",
	"texture_size": [64, 64],
	"textures": {
		"0": "item/ring_hat",
		"particle": "item/ring_hat"
	},
	"elements": [
		{
			"from": [3.75, 0, 3.75],
			"to": [12.25, 3, 12.25],
			"rotation": {"angle": 0, "axis": "y", "origin": [7, 0, 4]},
			"faces": {
				"north": {"uv": [5, 2.25, 7, 3], "texture": "#0"},
				"east": {"uv": [5, 3.25, 7, 4], "texture": "#0"},
				"south": {"uv": [5, 4.25, 7, 5], "texture": "#0"},
				"west": {"uv": [5, 5.25, 7, 6], "texture": "#0"},
				"up": {"uv": [4.75, 2, 2.75, 0], "texture": "#0"},
				"down": {"uv": [4.75, 2.25, 2.75, 4.25], "texture": "#0"}
			}
		},
		{
			"from": [3, 3, 3],
			"to": [13, 4, 13],
			"rotation": {"angle": 0, "axis": "y", "origin": [8, 3.5, 8]},
			"faces": {
				"north": {"uv": [0, 6, 2.5, 6.25], "texture": "#0"},
				"east": {"uv": [5, 6.25, 7.5, 6.5], "texture": "#0"},
				"south": {"uv": [0, 6.5, 2.5, 6.75], "texture": "#0"},
				"west": {"uv": [0, 5.5, 2.5, 5.75], "texture": "#0"},
				"up": {"uv": [2.5, 2.5, 0, 0], "rotation": 270, "texture": "#0"},
				"down": {"uv": [2.5, 2.75, 0, 5.25], "rotation": 90, "texture": "#0"}
			}
		},
		{
			"from": [7, 3, 7],
			"to": [9, 4.25, 9],
			"rotation": {"angle": 0, "axis": "y", "origin": [7, 0, 4]},
			"faces": {
				"north": {"uv": [7.25, 2, 7.75, 2.25], "texture": "#0"},
				"east": {"uv": [2.25, 7.25, 2.75, 7.5], "texture": "#0"},
				"south": {"uv": [7.25, 2.5, 7.75, 2.75], "texture": "#0"},
				"west": {"uv": [3, 7.25, 3.5, 7.5], "texture": "#0"},
				"up": {"uv": [7.75, 1, 7.25, 0.5], "texture": "#0"},
				"down": {"uv": [7.75, 1.25, 7.25, 1.75], "texture": "#0"}
			}
		},
		{
			"from": [3.6, -0.15, 3.6],
			"to": [12.4, 1.15, 12.4],
			"rotation": {"angle": 0, "axis": "y", "origin": [7, 0, 4]},
			"faces": {
				"north": {"uv": [2.75, 6.75, 4.75, 7], "texture": "#0"},
				"east": {"uv": [5, 6.75, 7, 7], "texture": "#0"},
				"south": {"uv": [0, 7, 2, 7.25], "texture": "#0"},
				"west": {"uv": [7.25, 0, 9.25, 0.25], "texture": "#0"},
				"up": {"uv": [4.75, 6.5, 2.75, 4.5], "texture": "#0"},
				"down": {"uv": [7, 0, 5, 2], "texture": "#0"}
			}
		}
	],
	"display": {
		"thirdperson_righthand": {
			"rotation": [64.5, 0, 0],
			"translation": [-4.75, 5.75, 5]
		},
		"thirdperson_lefthand": {
			"rotation": [64.5, 0, 0],
			"translation": [-4.75, 5.75, 5]
		},
		"firstperson_righthand": {
			"translation": [0, 8.5, 0]
		},
		"firstperson_lefthand": {
			"translation": [0, 8.5, 0]
		},
		"ground": {
			"translation": [0, 3.25, 0]
		},
		"gui": {
			"rotation": [45, -59, 0],
			"translation": [0, 3.75, -3.75]
		},
		"head": {
			"translation": [0, 16, 0],
			"scale": [1.75, 1.75, 1.75]
		},
		"fixed": {
			"rotation": [-30, 0, 0],
			"translation": [0, 0, -3.75]
		}
	},
	"groups": [
		{
			"name": "group",
			"origin": [7, 0, 4],
			"color": 0,
			"children": [0, 1, 2, 3]
		}
	]
}