{
	"credit": "Made with Blockbench",
	"texture_size": [64, 64],
	"textures": {
		"0": "item/ring",
		"particle": "item/ring"
	},
	"elements": [
		{
			"from": [7.25, 0.25, -15.75],
			"to": [8.75, 1.75, 20.75],
			"rotation": {"angle": 0, "axis": "y", "origin": [7, 0, 0]},
			"faces": {
				"north": {"uv": [6.25, 7, 6.75, 7.5], "texture": "#0"},
				"east": {"uv": [4, 0, 13.25, 0.5], "texture": "#0"},
				"south": {"uv": [7, 7, 7.5, 7.5], "texture": "#0"},
				"west": {"uv": [4, 0.75, 13.25, 1.25], "texture": "#0"},
				"up": {"uv": [0.5, 14.25, 0, 5], "texture": "#0"},
				"down": {"uv": [1.25, 5, 0.75, 14.25], "texture": "#0"}
			}
		},
		{
			"from": [7, 0, 15],
			"to": [9, 2, 21],
			"rotation": {"angle": 0, "axis": "y", "origin": [7, 0, 0]},
			"faces": {
				"north": {"uv": [4.5, 7.25, 5, 7.75], "texture": "#0"},
				"east": {"uv": [6, 2.75, 7.5, 3.25], "texture": "#0"},
				"south": {"uv": [7.25, 6, 7.75, 6.5], "texture": "#0"},
				"west": {"uv": [6, 3.5, 7.5, 4], "texture": "#0"},
				"up": {"uv": [2, 7.75, 1.5, 6.25], "texture": "#0"},
				"down": {"uv": [2.75, 6.25, 2.25, 7.75], "texture": "#0"}
			}
		},
		{
			"from": [6, -1, 21],
			"to": [10, 3, 26],
			"rotation": {"angle": 0, "axis": "y", "origin": [7, 0, 6]},
			"faces": {
				"north": {"uv": [5.5, 1.5, 6.5, 2.5], "texture": "#0"},
				"east": {"uv": [4, 1.5, 5.25, 2.5], "texture": "#0"},
				"south": {"uv": [5.5, 5, 6.5, 6], "texture": "#0"},
				"west": {"uv": [1.5, 5, 2.75, 6], "texture": "#0"},
				"up": {"uv": [4, 6.25, 3, 5], "texture": "#0"},
				"down": {"uv": [5.25, 5, 4.25, 6.25], "texture": "#0"}
			}
		},
		{
			"from": [4.5, 1, 21],
			"to": [11.5, 1, 32],
			"rotation": {"angle": 0, "axis": "y", "origin": [7, 0, 6]},
			"faces": {
				"north": {"uv": [4, 2.75, 5.75, 2.75], "texture": "#0"},
				"east": {"uv": [8.75, 5, 11.5, 5], "texture": "#0"},
				"south": {"uv": [8.75, 6.25, 10.5, 6.25], "texture": "#0"},
				"west": {"uv": [8.75, 8.75, 11.5, 8.75], "texture": "#0"},
				"up": {"uv": [1.75, 2.75, 0, 0], "texture": "#0"},
				"down": {"uv": [3.75, 0, 2, 2.75], "texture": "#0"}
			}
		},
		{
			"from": [8, -2.5, 21],
			"to": [8, 4.5, 32],
			"rotation": {"angle": 0, "axis": "y", "origin": [8, 1, 26.5]},
			"faces": {
				"north": {"uv": [5.75, 8.75, 5.75, 10.5], "texture": "#0"},
				"east": {"uv": [0, 3, 2.75, 4.75], "texture": "#0"},
				"south": {"uv": [3, 9, 3, 10.75], "texture": "#0"},
				"west": {"uv": [3, 3, 5.75, 4.75], "texture": "#0"},
				"up": {"uv": [3.25, 11.75, 3.25, 9], "texture": "#0"},
				"down": {"uv": [3.5, 9, 3.5, 11.75], "texture": "#0"}
			}
		},
		{
			"from": [7, 0, 26],
			"to": [9, 2, 29],
			"rotation": {"angle": 0, "axis": "y", "origin": [7, 0, 6]},
			"faces": {
				"north": {"uv": [7.5, 5, 8, 5.5], "texture": "#0"},
				"east": {"uv": [4.5, 6.5, 5.25, 7], "texture": "#0"},
				"south": {"uv": [7.75, 1.5, 8.25, 2], "texture": "#0"},
				"west": {"uv": [6.75, 1.5, 7.5, 2], "texture": "#0"},
				"up": {"uv": [7.25, 5.75, 6.75, 5], "texture": "#0"},
				"down": {"uv": [6, 7, 5.5, 7.75], "texture": "#0"}
			}
		},
		{
			"from": [7, 0, -13.5],
			"to": [9, 2, -7.5],
			"rotation": {"angle": 0, "axis": "y", "origin": [7, 0, -28.5]},
			"faces": {
				"north": {"uv": [7.75, 2.25, 8.25, 2.75], "texture": "#0"},
				"east": {"uv": [6, 4.25, 7.5, 4.75], "texture": "#0"},
				"south": {"uv": [7.75, 3, 8.25, 3.5], "texture": "#0"},
				"west": {"uv": [5.5, 6.25, 7, 6.75], "texture": "#0"},
				"up": {"uv": [3.5, 8, 3, 6.5], "texture": "#0"},
				"down": {"uv": [4.25, 6.5, 3.75, 8], "texture": "#0"}
			}
		},
		{
			"from": [6.9, -0.1, 19.9],
			"to": [9.1, 2.1, 21.1],
			"rotation": {"angle": 0, "axis": "y", "origin": [7, 0, 0]},
			"faces": {
				"north": {"uv": [7.75, 3.75, 8.25, 4.25], "texture": "#0"},
				"east": {"uv": [8.25, 4.5, 8.5, 5], "texture": "#0"},
				"south": {"uv": [6.25, 7.75, 6.75, 8.25], "texture": "#0"},
				"west": {"uv": [7.75, 8.25, 8, 8.75], "texture": "#0"},
				"up": {"uv": [7.25, 2.5, 6.75, 2.25], "texture": "#0"},
				"down": {"uv": [8.75, 5.25, 8.25, 5.5], "texture": "#0"}
			}
		},
		{
			"from": [6.9, -0.1, 17.9],
			"to": [9.1, 2.1, 19.1],
			"rotation": {"angle": 0, "axis": "y", "origin": [7, 0, -2]},
			"faces": {
				"north": {"uv": [7.75, 6.75, 8.25, 7.25], "texture": "#0"},
				"east": {"uv": [8.25, 8.25, 8.5, 8.75], "texture": "#0"},
				"south": {"uv": [7, 7.75, 7.5, 8.25], "texture": "#0"},
				"west": {"uv": [8.5, 1.5, 8.75, 2], "texture": "#0"},
				"up": {"uv": [9, 2.5, 8.5, 2.25], "texture": "#0"},
				"down": {"uv": [9, 2.75, 8.5, 3], "texture": "#0"}
			}
		},
		{
			"from": [6.9, -0.1, -11.1],
			"to": [9.1, 2.1, -9.9],
			"rotation": {"angle": 0, "axis": "y", "origin": [7, 0, -31]},
			"faces": {
				"north": {"uv": [7.75, 7.5, 8.25, 8], "texture": "#0"},
				"east": {"uv": [8.5, 3.25, 8.75, 3.75], "texture": "#0"},
				"south": {"uv": [1.5, 8, 2, 8.5], "texture": "#0"},
				"west": {"uv": [6, 8.5, 6.25, 9], "texture": "#0"},
				"up": {"uv": [9, 4.25, 8.5, 4], "texture": "#0"},
				"down": {"uv": [7, 8.5, 6.5, 8.75], "texture": "#0"}
			}
		},
		{
			"from": [7.1, 0.1, 13.1],
			"to": [8.9, 1.9, 13.9],
			"rotation": {"angle": 0, "axis": "y", "origin": [7, 0, -7]},
			"faces": {
				"north": {"uv": [2.25, 8, 2.75, 8.5], "texture": "#0"},
				"east": {"uv": [8.5, 6.5, 8.75, 7], "texture": "#0"},
				"south": {"uv": [4.5, 8, 5, 8.5], "texture": "#0"},
				"west": {"uv": [7.25, 8.5, 7.5, 9], "texture": "#0"},
				"up": {"uv": [9, 7.5, 8.5, 7.25], "texture": "#0"},
				"down": {"uv": [9, 7.75, 8.5, 8], "texture": "#0"}
			}
		},
		{
			"from": [7.1, 0.1, -14.9],
			"to": [8.9, 1.9, -14.1],
			"rotation": {"angle": 0, "axis": "y", "origin": [7, 0, -35]},
			"faces": {
				"north": {"uv": [5.25, 8, 5.75, 8.5], "texture": "#0"},
				"east": {"uv": [1.5, 8.75, 1.75, 9.25], "texture": "#0"},
				"south": {"uv": [8, 5.75, 8.5, 6.25], "texture": "#0"},
				"west": {"uv": [2, 8.75, 2.25, 9.25], "texture": "#0"},
				"up": {"uv": [5, 9, 4.5, 8.75], "texture": "#0"},
				"down": {"uv": [9.25, 4.5, 8.75, 4.75], "texture": "#0"}
			}
		},
		{
			"from": [7.1, 0.1, -5.9],
			"to": [8.9, 1.9, -5.1],
			"rotation": {"angle": 0, "axis": "y", "origin": [7, 0, -26]},
			"faces": {
				"north": {"uv": [3, 8.25, 3.5, 8.75], "texture": "#0"},
				"east": {"uv": [2.5, 8.75, 2.75, 9.25], "texture": "#0"},
				"south": {"uv": [3.75, 8.25, 4.25, 8.75], "texture": "#0"},
				"west": {"uv": [5.25, 8.75, 5.5, 9.25], "texture": "#0"},
				"up": {"uv": [9.25, 6, 8.75, 5.75], "texture": "#0"},
				"down": {"uv": [9.25, 8.25, 8.75, 8.5], "texture": "#0"}
			}
		}
	],
	"display": {
		"thirdperson_righthand": {
			"rotation": [-90, 0, 0],
			"translation": [-2, 0, -6]
		},
		"thirdperson_lefthand": {
			"rotation": [-90, 0, 0],
			"translation": [-2, 0, -6]
		},
		"firstperson_righthand": {
			"rotation": [-129, 0, 0],
			"translation": [0, -6.25, 0]
		},
		"firstperson_lefthand": {
			"rotation": [-129, 0, 0],
			"translation": [0, -6.25, 0]
		},
		"ground": {
			"translation": [0, 0.75, 0]
		},
		"gui": {
			"rotation": [-90, -48.75, 0],
			"translation": [0, 0, -8],
			"scale": [0.75, 0.75, 0.75]
		},
		"fixed": {
			"rotation": [-90, -48.75, 0],
			"translation": [0, 0, -8]
		}
	},
	"groups": [
		{
			"name": "group",
			"origin": [0, 0, -26],
			"color": 0,
			"children": [0, 1, 2, 3, 4, 5, 6, 7, 8, 9, 10, 11, 12]
		}
	]
}