{
	"credit": "Made with Blockbench",
	"texture_size": [32, 32],
	"textures": {
		"1": "item/shi_hat",
		"particle": "item/shi_hat"
	},
	"elements": [
		{
			"name": "Head",
			"from": [3.48, 12.48, 3.48],
			"to": [12.52, 21.52, 12.52],
			"rotation": {"angle": 0, "axis": "y", "origin": [8, -11, 8]},
			"faces": {
				"north": {"uv": [4, 4, 8, 8], "texture": "#1"},
				"east": {"uv": [0, 4, 4, 8], "texture": "#1"},
				"south": {"uv": [12, 4, 16, 8], "texture": "#1"},
				"west": {"uv": [8, 4, 12, 8], "texture": "#1"},
				"up": {"uv": [8, 4, 4, 0], "texture": "#1"},
				"down": {"uv": [12, 0, 8, 4], "texture": "#1"}
			}
		}
	],
	"gui_light": "front",
	"display": {
		"gui": {
			"rotation": [-180, 13.5, -180],
			"translation": [-0.25, -9, 0]
		},
		"head": {
			"translation": [0, -18, 0],
			"scale": [1.8, 1.8, 1.8]
		}
	}
}