{
	"credit": "Made with Blockbench",
	"textures": {
		"1": "item/shi_sword",
		"particle": "item/shi_sword"
	},
	"elements": [
		{
			"from": [7, 7, 7],
			"to": [8, 18, 9],
			"rotation": {"angle": 0, "axis": "y", "origin": [6, 7, 7]},
			"faces": {
				"north": {"uv": [4, 0, 5, 11], "texture": "#1"},
				"east": {"uv": [0, 0, 2, 11], "texture": "#1"},
				"south": {"uv": [5, 0, 6, 11], "texture": "#1"},
				"west": {"uv": [2, 0, 4, 11], "texture": "#1"},
				"up": {"uv": [9, 12, 8, 10], "texture": "#1"},
				"down": {"uv": [11, 8, 10, 10], "texture": "#1"}
			}
		},
		{
			"from": [7, 18, 8],
			"to": [8, 20, 9],
			"rotation": {"angle": 0, "axis": "y", "origin": [6, 7, 7]},
			"faces": {
				"north": {"uv": [2, 12, 3, 14], "texture": "#1"},
				"east": {"uv": [3, 12, 4, 14], "texture": "#1"},
				"south": {"uv": [4, 12, 5, 14], "texture": "#1"},
				"west": {"uv": [12, 6, 13, 8], "texture": "#1"},
				"up": {"uv": [14, 3, 13, 2], "texture": "#1"},
				"down": {"uv": [14, 3, 13, 4], "texture": "#1"}
			}
		},
		{
			"from": [7.5, 18, 7],
			"to": [7.5, 22, 9],
			"rotation": {"angle": 0, "axis": "y", "origin": [5.5, 5, 7]},
			"faces": {
				"north": {"uv": [0, 0, 0, 4], "texture": "#1"},
				"east": {"uv": [6, 0, 8, 4], "texture": "#1"},
				"south": {"uv": [0, 0, 0, 4], "texture": "#1"},
				"west": {"uv": [6, 4, 8, 8], "texture": "#1"},
				"up": {"uv": [0, 2, 0, 0], "texture": "#1"},
				"down": {"uv": [0, 0, 0, 2], "texture": "#1"}
			}
		},
		{
			"from": [7.5, 22, 8],
			"to": [7.5, 24, 9],
			"rotation": {"angle": 0, "axis": "y", "origin": [5.5, 9, 7]},
			"faces": {
				"north": {"uv": [0, 0, 0, 2], "texture": "#1"},
				"east": {"uv": [10, 10, 11, 12], "texture": "#1"},
				"south": {"uv": [0, 0, 0, 2], "texture": "#1"},
				"west": {"uv": [0, 11, 1, 13], "texture": "#1"},
				"up": {"uv": [0, 1, 0, 0], "texture": "#1"},
				"down": {"uv": [0, 0, 0, 1], "texture": "#1"}
			}
		},
		{
			"from": [6.498, 5.998, 7.298],
			"to": [8.902, 7.002, 9.702],
			"rotation": {"angle": -45, "axis": "y", "origin": [8.2, 6.5, 8]},
			"faces": {
				"north": {"uv": [1, 11, 3, 12], "texture": "#1"},
				"east": {"uv": [11, 2, 13, 3], "texture": "#1"},
				"south": {"uv": [3, 11, 5, 12], "texture": "#1"},
				"west": {"uv": [11, 3, 13, 4], "texture": "#1"},
				"up": {"uv": [9, 10, 7, 8], "texture": "#1"},
				"down": {"uv": [11, 2, 9, 4], "texture": "#1"}
			}
		},
		{
			"from": [6.996, 5.996, 4.996],
			"to": [8.004, 7.004, 11.004],
			"rotation": {"angle": 0, "axis": "y", "origin": [7, 5, 7]},
			"faces": {
				"north": {"uv": [8, 12, 9, 13], "texture": "#1"},
				"east": {"uv": [8, 0, 14, 1], "texture": "#1"},
				"south": {"uv": [9, 12, 10, 13], "texture": "#1"},
				"west": {"uv": [8, 1, 14, 2], "texture": "#1"},
				"up": {"uv": [9, 8, 8, 2], "texture": "#1"},
				"down": {"uv": [7, 8, 6, 14], "texture": "#1"}
			}
		},
		{
			"from": [6.999, 2.474, 7.499],
			"to": [8.001, 6.476, 8.501],
			"rotation": {"angle": 0, "axis": "y", "origin": [6, 4.475, 6.5]},
			"faces": {
				"north": {"uv": [9, 4, 10, 8], "texture": "#1"},
				"east": {"uv": [9, 8, 10, 12], "texture": "#1"},
				"south": {"uv": [10, 4, 11, 8], "texture": "#1"},
				"west": {"uv": [7, 10, 8, 14], "texture": "#1"},
				"up": {"uv": [11, 13, 10, 12], "texture": "#1"},
				"down": {"uv": [13, 10, 12, 11], "texture": "#1"}
			}
		},
		{
			"from": [6.999, 0.474, 7.499],
			"to": [8.001, 1.476, 8.501],
			"rotation": {"angle": 0, "axis": "y", "origin": [6, 2.475, 6.5]},
			"faces": {
				"north": {"uv": [13, 8, 14, 9], "texture": "#1"},
				"east": {"uv": [9, 13, 10, 14], "texture": "#1"},
				"south": {"uv": [13, 9, 14, 10], "texture": "#1"},
				"west": {"uv": [10, 13, 11, 14], "texture": "#1"},
				"up": {"uv": [14, 11, 13, 10], "texture": "#1"},
				"down": {"uv": [12, 13, 11, 14], "texture": "#1"}
			}
		},
		{
			"from": [6.999, 1.474, 7.499],
			"to": [8.001, 2.476, 8.501],
			"rotation": {"angle": 45, "axis": "y", "origin": [7.5, 1.975, 8]},
			"faces": {
				"north": {"uv": [13, 4, 14, 5], "texture": "#1"},
				"east": {"uv": [5, 13, 6, 14], "texture": "#1"},
				"south": {"uv": [13, 5, 14, 6], "texture": "#1"},
				"west": {"uv": [13, 6, 14, 7], "texture": "#1"},
				"up": {"uv": [14, 8, 13, 7], "texture": "#1"},
				"down": {"uv": [9, 13, 8, 14], "texture": "#1"}
			}
		},
		{
			"from": [7, 5.6, 7.7],
			"to": [8, 6.6, 9.7],
			"rotation": {"angle": -22.5, "axis": "x", "origin": [7.5, 6.1, 8.7]},
			"faces": {
				"north": {"uv": [11, 12, 12, 13], "texture": "#1"},
				"east": {"uv": [11, 4, 13, 5], "texture": "#1"},
				"south": {"uv": [12, 11, 13, 12], "texture": "#1"},
				"west": {"uv": [11, 5, 13, 6], "texture": "#1"},
				"up": {"uv": [6, 13, 5, 11], "texture": "#1"},
				"down": {"uv": [12, 6, 11, 8], "texture": "#1"}
			}
		},
		{
			"from": [7, 5.6, 6.3],
			"to": [8, 6.6, 8.3],
			"rotation": {"angle": 22.5, "axis": "x", "origin": [7.5, 6.1, 7.3]},
			"faces": {
				"north": {"uv": [12, 12, 13, 13], "texture": "#1"},
				"east": {"uv": [11, 8, 13, 9], "texture": "#1"},
				"south": {"uv": [0, 13, 1, 14], "texture": "#1"},
				"west": {"uv": [11, 9, 13, 10], "texture": "#1"},
				"up": {"uv": [12, 12, 11, 10], "texture": "#1"},
				"down": {"uv": [2, 12, 1, 14], "texture": "#1"}
			}
		}
	],
	"gui_light": "front",
	"display": {
		"thirdperson_righthand": {
			"translation": [0.75, 2.5, 1.5],
			"scale": [1, 1, 0.9]
		},
		"thirdperson_lefthand": {
			"translation": [0, 2.5, 2],
			"scale": [1, 1, 0.9]
		},
		"firstperson_righthand": {
			"rotation": [19.09, 19.22, -6.49],
			"translation": [3.75, -1, -5],
			"scale": [1, 1.08398, 0.8]
		},
		"firstperson_lefthand": {
			"rotation": [16.84, 30.67, -5.1],
			"translation": [0, 0.25, -1.25],
			"scale": [1, 1, 0.8]
		},
		"ground": {
			"rotation": [0, 0, 45],
			"translation": [0, 2.75, 0],
			"scale": [0.6, 0.66055, 0.6]
		},
		"gui": {
			"rotation": [90, 45, -90],
			"translation": [-2.75, -2.25, 0],
			"scale": [0.8, 0.85078, 0.8]
		}
	}
}