{
	"credit": "Made with Blockbench",
	"texture_size": [32, 32],
	"textures": {
		"2": "item/si_weapon",
		"particle": "item/si_weapon"
	},
	"elements": [
		{
			"from": [8, 12.6, 8],
			"to": [9.05, 13.65, 9.05],
			"rotation": {"angle": 0, "axis": "y", "origin": [6.95, 2.1, 8]},
			"faces": {
				"north": {"uv": [7.5, 5, 8, 5.5], "texture": "#2"},
				"east": {"uv": [5.5, 7.5, 6, 8], "texture": "#2"},
				"south": {"uv": [7.5, 5.5, 8, 6], "texture": "#2"},
				"west": {"uv": [7.5, 6, 8, 6.5], "texture": "#2"},
				"up": {"uv": [8, 7, 7.5, 6.5], "texture": "#2"},
				"down": {"uv": [8, 7, 7.5, 7.5], "texture": "#2"}
			}
		},
		{
			"from": [8, 6.3, 8],
			"to": [9.05, 7.35, 9.05],
			"rotation": {"angle": 0, "axis": "y", "origin": [6.95, -7.35, 8]},
			"faces": {
				"north": {"uv": [8, 0, 8.5, 0.5], "texture": "#2"},
				"east": {"uv": [0.5, 8, 1, 8.5], "texture": "#2"},
				"south": {"uv": [8, 0.5, 8.5, 1], "texture": "#2"},
				"west": {"uv": [8, 1, 8.5, 1.5], "texture": "#2"},
				"up": {"uv": [8.5, 2, 8, 1.5], "texture": "#2"},
				"down": {"uv": [8.5, 2, 8, 2.5], "texture": "#2"}
			}
		},
		{
			"from": [8, 3.15, 8],
			"to": [9.05, 4.2, 9.05],
			"rotation": {"angle": 0, "axis": "y", "origin": [6.95, -10.5, 8]},
			"faces": {
				"north": {"uv": [6.5, 8, 7, 8.5], "texture": "#2"},
				"east": {"uv": [8, 6.5, 8.5, 7], "texture": "#2"},
				"south": {"uv": [7, 8, 7.5, 8.5], "texture": "#2"},
				"west": {"uv": [8, 7, 8.5, 7.5], "texture": "#2"},
				"up": {"uv": [8, 8.5, 7.5, 8], "texture": "#2"},
				"down": {"uv": [8.5, 7.5, 8, 8], "texture": "#2"}
			}
		},
		{
			"from": [8, 15.75, 8],
			"to": [9.05, 17.85, 9.05],
			"rotation": {"angle": 0, "axis": "y", "origin": [6.95, 3.15, 8]},
			"faces": {
				"north": {"uv": [3.5, 6, 4, 7], "texture": "#2"},
				"east": {"uv": [4, 6, 4.5, 7], "texture": "#2"},
				"south": {"uv": [6, 4, 6.5, 5], "texture": "#2"},
				"west": {"uv": [4.5, 6, 5, 7], "texture": "#2"},
				"up": {"uv": [5.5, 8.5, 5, 8], "texture": "#2"},
				"down": {"uv": [8.5, 5, 8, 5.5], "texture": "#2"}
			}
		},
		{
			"from": [8, 7.35, 8],
			"to": [9.05, 9.45, 9.05],
			"rotation": {"angle": -45, "axis": "y", "origin": [8.525, 6.3, 8.525]},
			"faces": {
				"north": {"uv": [1, 5.5, 1.5, 6.5], "texture": "#2"},
				"east": {"uv": [5.5, 1.5, 6, 2.5], "texture": "#2"},
				"south": {"uv": [5.5, 2.5, 6, 3.5], "texture": "#2"},
				"west": {"uv": [5.5, 3.5, 6, 4.5], "texture": "#2"},
				"up": {"uv": [8, 8, 7.5, 7.5], "texture": "#2"},
				"down": {"uv": [0.5, 8, 0, 8.5], "texture": "#2"}
			}
		},
		{
			"from": [8, 13.65, 8],
			"to": [9.05, 15.75, 9.05],
			"rotation": {"angle": -45, "axis": "y", "origin": [8.525, 13.65, 8.525]},
			"faces": {
				"north": {"uv": [5, 6, 5.5, 7], "texture": "#2"},
				"east": {"uv": [6, 5, 6.5, 6], "texture": "#2"},
				"south": {"uv": [6, 6, 6.5, 7], "texture": "#2"},
				"west": {"uv": [6.5, 0, 7, 1], "texture": "#2"},
				"up": {"uv": [6, 8.5, 5.5, 8], "texture": "#2"},
				"down": {"uv": [8.5, 5.5, 8, 6], "texture": "#2"}
			}
		},
		{
			"from": [8, 9.45, 8],
			"to": [9.05, 12.6, 9.05],
			"rotation": {"angle": -45, "axis": "y", "origin": [8.525, 10.5, 8.525]},
			"faces": {
				"north": {"uv": [3.5, 3, 4, 4.5], "texture": "#2"},
				"east": {"uv": [0, 4, 0.5, 5.5], "texture": "#2"},
				"south": {"uv": [4, 0, 4.5, 1.5], "texture": "#2"},
				"west": {"uv": [0.5, 4, 1, 5.5], "texture": "#2"},
				"up": {"uv": [9, 1, 8.5, 0.5], "texture": "#2"},
				"down": {"uv": [1.5, 8.5, 1, 9], "texture": "#2"}
			}
		},
		{
			"from": [8, 4.2, 8],
			"to": [9.05, 6.3, 9.05],
			"rotation": {"angle": -45, "axis": "y", "origin": [8.525, 3.15, 8.525]},
			"faces": {
				"north": {"uv": [5.5, 4.5, 6, 5.5], "texture": "#2"},
				"east": {"uv": [5.5, 5.5, 6, 6.5], "texture": "#2"},
				"south": {"uv": [6, 0, 6.5, 1], "texture": "#2"},
				"west": {"uv": [6, 1, 6.5, 2], "texture": "#2"},
				"up": {"uv": [4, 8.5, 3.5, 8], "texture": "#2"},
				"down": {"uv": [8.5, 3.5, 8, 4], "texture": "#2"}
			}
		},
		{
			"from": [7.11556, 20.02875, 7.79],
			"to": [8.16556, 22.12875, 8.84],
			"rotation": {"angle": -22.5, "axis": "x", "origin": [7.64056, 21.07875, 8.315]},
			"faces": {
				"north": {"uv": [6, 2, 6.5, 3], "texture": "#2"},
				"east": {"uv": [2.5, 6, 3, 7], "texture": "#2"},
				"south": {"uv": [3, 6, 3.5, 7], "texture": "#2"},
				"west": {"uv": [6, 3, 6.5, 4], "texture": "#2"},
				"up": {"uv": [4.5, 8.5, 4, 8], "texture": "#2"},
				"down": {"uv": [8.5, 4, 8, 4.5], "texture": "#2"}
			}
		},
		{
			"from": [8.52414, 28.10199, 9.54875],
			"to": [9.57414, 31.25199, 10.07375],
			"rotation": {"angle": 22.5, "axis": "x", "origin": [9.04914, 29.15199, 9.65375]},
			"faces": {
				"north": {"uv": [3.5, 4.5, 4, 6], "texture": "#2"},
				"east": {"uv": [4, 4.5, 4.5, 6], "texture": "#2"},
				"south": {"uv": [4.5, 4.5, 5, 6], "texture": "#2"},
				"west": {"uv": [5, 0, 5.5, 1.5], "texture": "#2"},
				"up": {"uv": [9, 4.5, 8.5, 4], "texture": "#2"},
				"down": {"uv": [5, 8.5, 4.5, 9], "texture": "#2"}
			}
		},
		{
			"from": [8.49907, 26.46356, 7.9475],
			"to": [9.54907, 29.61356, 8.3675],
			"rotation": {"angle": 0, "axis": "x", "origin": [9.02407, 28.03856, 8.1575]},
			"faces": {
				"north": {"uv": [1.5, 5, 2, 6.5], "texture": "#2"},
				"east": {"uv": [5, 1.5, 5.5, 3], "texture": "#2"},
				"south": {"uv": [2, 5, 2.5, 6.5], "texture": "#2"},
				"west": {"uv": [5, 3, 5.5, 4.5], "texture": "#2"},
				"up": {"uv": [9, 5, 8.5, 4.5], "texture": "#2"},
				"down": {"uv": [5.5, 8.5, 5, 9], "texture": "#2"}
			}
		},
		{
			"from": [8.81406, 17.89352, 7.98284],
			"to": [9.23406, 19.99352, 9.03284],
			"rotation": {"angle": -22.5, "axis": "z", "origin": [9.02407, 18.94352, 8.50784]},
			"faces": {
				"north": {"uv": [6, 7, 6.5, 8], "texture": "#2"},
				"east": {"uv": [7, 6, 7.5, 7], "texture": "#2"},
				"south": {"uv": [6.5, 7, 7, 8], "texture": "#2"},
				"west": {"uv": [7, 7, 7.5, 8], "texture": "#2"},
				"up": {"uv": [9, 6.5, 8.5, 6], "texture": "#2"},
				"down": {"uv": [7, 8.5, 6.5, 9], "texture": "#2"}
			}
		},
		{
			"from": [7.34375, 21.84, 7.4225],
			"to": [8.39375, 26.04, 8.4725],
			"rotation": {"angle": -22.5, "axis": "z", "origin": [7.86875, 22.89, 7.9475]},
			"faces": {
				"north": {"uv": [0, 0, 0.5, 2], "texture": "#2"},
				"east": {"uv": [0.5, 0, 1, 2], "texture": "#2"},
				"south": {"uv": [1, 0, 1.5, 2], "texture": "#2"},
				"west": {"uv": [1.5, 0, 2, 2], "texture": "#2"},
				"up": {"uv": [3, 8.5, 2.5, 8], "texture": "#2"},
				"down": {"uv": [8.5, 2.5, 8, 3], "texture": "#2"}
			}
		},
		{
			"from": [8.51591, 25.18746, 8.02625],
			"to": [9.56591, 28.33746, 9.07625],
			"rotation": {"angle": 22.5, "axis": "x", "origin": [9.04091, 26.76246, 8.55125]},
			"faces": {
				"north": {"uv": [1.5, 2, 2, 3.5], "texture": "#2"},
				"east": {"uv": [2, 2, 2.5, 3.5], "texture": "#2"},
				"south": {"uv": [2.5, 0, 3, 1.5], "texture": "#2"},
				"west": {"uv": [2.5, 1.5, 3, 3], "texture": "#2"},
				"up": {"uv": [3.5, 8.5, 3, 8], "texture": "#2"},
				"down": {"uv": [8.5, 3, 8, 3.5], "texture": "#2"}
			}
		},
		{
			"from": [7.5275, 17.325, 8],
			"to": [8.5775, 20.475, 9.05],
			"rotation": {"angle": 22.5, "axis": "z", "origin": [8.0525, 19.425, 8.525]},
			"faces": {
				"north": {"uv": [3, 0, 3.5, 1.5], "texture": "#2"},
				"east": {"uv": [3, 1.5, 3.5, 3], "texture": "#2"},
				"south": {"uv": [2.5, 3, 3, 4.5], "texture": "#2"},
				"west": {"uv": [3, 3, 3.5, 4.5], "texture": "#2"},
				"up": {"uv": [5, 8.5, 4.5, 8], "texture": "#2"},
				"down": {"uv": [8.5, 4.5, 8, 5], "texture": "#2"}
			}
		},
		{
			"name": "cube_outline",
			"from": [9.77591, 28.54746, 9.28625],
			"to": [8.30591, 24.97746, 7.81625],
			"rotation": {"angle": 22.5, "axis": "x", "origin": [9.04091, 26.76246, 8.55125]},
			"faces": {
				"north": {"uv": [1, 4, 1.5, 5.5], "texture": "#2"},
				"east": {"uv": [4, 1.5, 4.5, 3], "texture": "#2"},
				"south": {"uv": [4, 3, 4.5, 4.5], "texture": "#2"},
				"west": {"uv": [4.5, 0, 5, 1.5], "texture": "#2"},
				"up": {"uv": [9, 1.5, 8.5, 1], "texture": "#2"},
				"down": {"uv": [2, 8.5, 1.5, 9], "texture": "#2"}
			}
		},
		{
			"name": "cube_outline",
			"from": [8.60375, 26.25, 8.6825],
			"to": [7.13375, 21.63, 7.2125],
			"rotation": {"angle": -22.5, "axis": "z", "origin": [7.86875, 22.89, 7.9475]},
			"faces": {
				"north": {"uv": [0, 2, 0.5, 4], "texture": "#2"},
				"east": {"uv": [2, 0, 2.5, 2], "texture": "#2"},
				"south": {"uv": [0.5, 2, 1, 4], "texture": "#2"},
				"west": {"uv": [1, 2, 1.5, 4], "texture": "#2"},
				"up": {"uv": [9, 2, 8.5, 1.5], "texture": "#2"},
				"down": {"uv": [2.5, 8.5, 2, 9], "texture": "#2"}
			}
		},
		{
			"name": "cube_outline",
			"from": [8.37556, 22.33875, 9.05],
			"to": [6.90556, 19.81875, 7.58],
			"rotation": {"angle": -22.5, "axis": "x", "origin": [7.64056, 21.07875, 8.315]},
			"faces": {
				"north": {"uv": [5.5, 6.5, 6, 7.5], "texture": "#2"},
				"east": {"uv": [6.5, 6, 7, 7], "texture": "#2"},
				"south": {"uv": [0, 7, 0.5, 8], "texture": "#2"},
				"west": {"uv": [7, 0, 7.5, 1], "texture": "#2"},
				"up": {"uv": [9, 2.5, 8.5, 2], "texture": "#2"},
				"down": {"uv": [3, 8.5, 2.5, 9], "texture": "#2"}
			}
		},
		{
			"from": [7.895, -2.73, 8],
			"to": [8.945, -0.63, 9.05],
			"rotation": {"angle": 0, "axis": "y", "origin": [8.42, -1.155, 8.525]},
			"faces": {
				"north": {"uv": [6.5, 2, 7, 3], "texture": "#2"},
				"east": {"uv": [6.5, 3, 7, 4], "texture": "#2"},
				"south": {"uv": [6.5, 4, 7, 5], "texture": "#2"},
				"west": {"uv": [6.5, 5, 7, 6], "texture": "#2"},
				"up": {"uv": [9, 0.5, 8.5, 0], "texture": "#2"},
				"down": {"uv": [1, 8.5, 0.5, 9], "texture": "#2"}
			}
		},
		{
			"from": [8.3675, 1.365, 8],
			"to": [9.4175, 3.465, 9.05],
			"rotation": {"angle": 22.5, "axis": "z", "origin": [8.8925, 2.415, 8.525]},
			"faces": {
				"north": {"uv": [1, 6.5, 1.5, 7.5], "texture": "#2"},
				"east": {"uv": [6.5, 1, 7, 2], "texture": "#2"},
				"south": {"uv": [1.5, 6.5, 2, 7.5], "texture": "#2"},
				"west": {"uv": [2, 6.5, 2.5, 7.5], "texture": "#2"},
				"up": {"uv": [6.5, 8.5, 6, 8], "texture": "#2"},
				"down": {"uv": [8.5, 6, 8, 6.5], "texture": "#2"}
			}
		},
		{
			"from": [8.4725, -1.155, 8],
			"to": [9.5225, 1.995, 9.05],
			"rotation": {"angle": -22.5, "axis": "z", "origin": [8.9975, 0.945, 8.525]},
			"faces": {
				"north": {"uv": [3.5, 0, 4, 1.5], "texture": "#2"},
				"east": {"uv": [1.5, 3.5, 2, 5], "texture": "#2"},
				"south": {"uv": [3.5, 1.5, 4, 3], "texture": "#2"},
				"west": {"uv": [2, 3.5, 2.5, 5], "texture": "#2"},
				"up": {"uv": [8.5, 8.5, 8, 8], "texture": "#2"},
				"down": {"uv": [0.5, 8.5, 0, 9], "texture": "#2"}
			}
		},
		{
			"name": "cube_outline",
			"from": [9.7325, 2.205, 9.26],
			"to": [8.2625, -1.365, 7.79],
			"rotation": {"angle": -22.5, "axis": "z", "origin": [8.9975, 0.945, 8.525]},
			"faces": {
				"north": {"uv": [4.5, 1.5, 5, 3], "texture": "#2"},
				"east": {"uv": [2.5, 4.5, 3, 6], "texture": "#2"},
				"south": {"uv": [3, 4.5, 3.5, 6], "texture": "#2"},
				"west": {"uv": [4.5, 3, 5, 4.5], "texture": "#2"},
				"up": {"uv": [9, 3, 8.5, 2.5], "texture": "#2"},
				"down": {"uv": [3.5, 8.5, 3, 9], "texture": "#2"}
			}
		},
		{
			"name": "cube_outline",
			"from": [9.155, -0.42, 9.26],
			"to": [7.685, -2.94, 7.79],
			"rotation": {"angle": 0, "axis": "y", "origin": [8.42, -1.155, 8.525]},
			"faces": {
				"north": {"uv": [0.5, 7, 1, 8], "texture": "#2"},
				"east": {"uv": [7, 1, 7.5, 2], "texture": "#2"},
				"south": {"uv": [7, 2, 7.5, 3], "texture": "#2"},
				"west": {"uv": [2.5, 7, 3, 8], "texture": "#2"},
				"up": {"uv": [9, 3.5, 8.5, 3], "texture": "#2"},
				"down": {"uv": [4, 8.5, 3.5, 9], "texture": "#2"}
			}
		},
		{
			"name": "cube_outline",
			"from": [9.6275, 3.675, 9.26],
			"to": [8.1575, 1.155, 7.79],
			"rotation": {"angle": 22.5, "axis": "z", "origin": [8.8925, 2.415, 8.525]},
			"faces": {
				"north": {"uv": [3, 7, 3.5, 8], "texture": "#2"},
				"east": {"uv": [7, 3, 7.5, 4], "texture": "#2"},
				"south": {"uv": [3.5, 7, 4, 8], "texture": "#2"},
				"west": {"uv": [4, 7, 4.5, 8], "texture": "#2"},
				"up": {"uv": [9, 4, 8.5, 3.5], "texture": "#2"},
				"down": {"uv": [4.5, 8.5, 4, 9], "texture": "#2"}
			}
		},
		{
			"name": "cube_outline",
			"from": [9.75907, 29.82356, 8.5775],
			"to": [8.28906, 26.25356, 7.7375],
			"rotation": {"angle": 0, "axis": "x", "origin": [9.02407, 28.03856, 8.1575]},
			"faces": {
				"north": {"uv": [5, 4.5, 5.5, 6], "texture": "#2"},
				"east": {"uv": [0, 5.5, 0.5, 7], "texture": "#2"},
				"south": {"uv": [5.5, 0, 6, 1.5], "texture": "#2"},
				"west": {"uv": [0.5, 5.5, 1, 7], "texture": "#2"},
				"up": {"uv": [9, 5.5, 8.5, 5], "texture": "#2"},
				"down": {"uv": [6, 8.5, 5.5, 9], "texture": "#2"}
			}
		},
		{
			"name": "cube_outline",
			"from": [9.78414, 30.41199, 10.28375],
			"to": [8.31414, 27.89199, 9.33875],
			"rotation": {"angle": 22.5, "axis": "x", "origin": [9.04914, 29.15199, 9.65375]},
			"faces": {
				"north": {"uv": [7, 4, 7.5, 5], "texture": "#2"},
				"east": {"uv": [4.5, 7, 5, 8], "texture": "#2"},
				"south": {"uv": [5, 7, 5.5, 8], "texture": "#2"},
				"west": {"uv": [7, 5, 7.5, 6], "texture": "#2"},
				"up": {"uv": [9, 6, 8.5, 5.5], "texture": "#2"},
				"down": {"uv": [6.5, 8.5, 6, 9], "texture": "#2"}
			}
		},
		{
			"name": "cube_outline",
			"from": [9.78414, 31.48824, 10.73],
			"to": [8.31414, 28.96824, 9.785],
			"rotation": {"angle": 22.5, "axis": "x", "origin": [9.04914, 30.22824, 10.1]},
			"faces": {
				"north": {"uv": [2, 7.5, 2.5, 8.5], "texture": "#2"},
				"east": {"uv": [7.5, 2, 8, 3], "texture": "#2"},
				"south": {"uv": [7.5, 3, 8, 4], "texture": "#2"},
				"west": {"uv": [7.5, 4, 8, 5], "texture": "#2"},
				"up": {"uv": [9, 7.5, 8.5, 7], "texture": "#2"},
				"down": {"uv": [8, 8.5, 7.5, 9], "texture": "#2"}
			}
		},
		{
			"name": "cube_outline",
			"from": [9.44406, 20.20352, 9.24284],
			"to": [8.60407, 17.68352, 7.77284],
			"rotation": {"angle": -22.5, "axis": "z", "origin": [9.02407, 18.94352, 8.50784]},
			"faces": {
				"north": {"uv": [7.5, 0, 8, 1], "texture": "#2"},
				"east": {"uv": [1, 7.5, 1.5, 8.5], "texture": "#2"},
				"south": {"uv": [7.5, 1, 8, 2], "texture": "#2"},
				"west": {"uv": [1.5, 7.5, 2, 8.5], "texture": "#2"},
				"up": {"uv": [9, 7, 8.5, 6.5], "texture": "#2"},
				"down": {"uv": [7.5, 8.5, 7, 9], "texture": "#2"}
			}
		}
	],
	"gui_light": "front",
	"display": {
		"thirdperson_righthand": {
			"translation": [0, -3, 1]
		},
		"firstperson_righthand": {
			"rotation": [17.59, -15.56, -2.82],
			"translation": [5.75, -4.25, -10.5]
		},
		"firstperson_lefthand": {
			"rotation": [12.16, -2.93, -13.19],
			"translation": [1, -5.5, -6.25]
		},
		"ground": {
			"rotation": [-16.16, 8.02, -42.51],
			"translation": [0, 4, 0],
			"scale": [0.6, 0.6, 0.6]
		},
		"gui": {
			"rotation": [-23.29, -28.9, -54.62],
			"translation": [-2.25, -2.25, 0],
			"scale": [0.6, 0.6, 0.6]
		},
		"fixed": {
			"rotation": [-17.15, 15.06, 45.3],
			"translation": [0.75, -1.75, -0.25],
			"scale": [0.6, 0.6, 0.6]
		}
	}
}