{
	"credit": "Made with Blockbench",
	"texture_size": [128, 128],
	"textures": {
		"5": "item/sweep_mask",
		"particle": "item/sweep_mask"
	},
	"elements": [
		{
			"from": [0, 0, 0],
			"to": [16, 16, 2],
			"rotation": {"angle": 0, "axis": "y", "origin": [7, 0, 7]},
			"faces": {
				"north": {"uv": [0, 0, 2, 2], "texture": "#5"},
				"east": {"uv": [1.125, 5.5, 1.375, 7.5], "texture": "#5"},
				"south": {"uv": [0, 2.125, 2, 4.125], "texture": "#5"},
				"west": {"uv": [1.5, 5.5, 1.75, 7.5], "texture": "#5"},
				"up": {"uv": [7.375, 2, 5.375, 1.75], "texture": "#5"},
				"down": {"uv": [3.875, 5.5, 1.875, 5.75], "texture": "#5"}
			}
		},
		{
			"from": [14, 6, 2],
			"to": [16, 9, 16],
			"rotation": {"angle": 0, "axis": "y", "origin": [7, 5, 7]},
			"faces": {
				"north": {"uv": [3.5, 7.125, 3.75, 7.5], "texture": "#5"},
				"east": {"uv": [1.125, 5, 2.875, 5.375], "texture": "#5"},
				"south": {"uv": [7.25, 0.375, 7.5, 0.75], "texture": "#5"},
				"west": {"uv": [3, 5, 4.75, 5.375], "texture": "#5"},
				"up": {"uv": [0.875, 7.375, 0.625, 5.625], "texture": "#5"},
				"down": {"uv": [2.125, 5.875, 1.875, 7.625], "texture": "#5"}
			}
		},
		{
			"from": [2, 6, 14],
			"to": [14, 9, 16],
			"rotation": {"angle": 0, "axis": "y", "origin": [7, 5, 5]},
			"faces": {
				"north": {"uv": [5.375, 1.25, 6.875, 1.625], "texture": "#5"},
				"east": {"uv": [7.25, 3.375, 7.5, 3.75], "texture": "#5"},
				"south": {"uv": [5.375, 4.375, 6.875, 4.75], "texture": "#5"},
				"west": {"uv": [5.625, 7.25, 5.875, 7.625], "texture": "#5"},
				"up": {"uv": [7.875, 4.25, 6.375, 4], "texture": "#5"},
				"down": {"uv": [8.125, 0, 6.625, 0.25], "texture": "#5"}
			}
		},
		{
			"from": [0, 6, 2],
			"to": [2, 9, 16],
			"rotation": {"angle": 0, "axis": "y", "origin": [9, 5, 7]},
			"faces": {
				"north": {"uv": [6, 7.25, 6.25, 7.625], "texture": "#5"},
				"east": {"uv": [4.875, 5, 6.625, 5.375], "texture": "#5"},
				"south": {"uv": [6.375, 7.25, 6.625, 7.625], "texture": "#5"},
				"west": {"uv": [5.375, 0.75, 7.125, 1.125], "texture": "#5"},
				"up": {"uv": [2.5, 7.625, 2.25, 5.875], "texture": "#5"},
				"down": {"uv": [2.875, 5.875, 2.625, 7.625], "texture": "#5"}
			}
		}
	],
	"display": {
		"thirdperson_righthand": {
			"rotation": [90.5, 0, 0],
			"translation": [-4.5, 0, 1.75],
			"scale": [0.6, 0.6, 0.6]
		},
		"thirdperson_lefthand": {
			"rotation": [90.5, 0, 0],
			"translation": [-4.5, 0, 1.75],
			"scale": [0.6, 0.6, 0.6]
		},
		"firstperson_righthand": {
			"rotation": [65.91, 62.41, -63.25],
			"scale": [0.7, 0.7, 0.7]
		},
		"firstperson_lefthand": {
			"rotation": [65.91, 62.41, -63.25],
			"scale": [0.7, 0.7, 0.7]
		},
		"ground": {
			"rotation": [27, 0, 0],
			"scale": [0.8, 0.8, 0.8]
		},
		"gui": {
			"rotation": [160.17, 39.32, -167.13],
			"translation": [0, -1, 0],
			"scale": [0.8, 0.8, 0.8]
		},
		"head": {
			"scale": [0.93, 0.93, 0.93]
		},
		"fixed": {
			"rotation": [21.46, -42.19, 14.27],
			"translation": [0, -1, 0],
			"scale": [0.8, 0.8, 0.8]
		}
	},
	"groups": [
		{
			"name": "group",
			"origin": [9, 2, 7],
			"color": 0,
			"children": [0, 1, 2, 3]
		}
	]
}