{
	"credit": "Made with Blockbench",
	"texture_size": [64, 64],
	"textures": {
		"12": "item/sweep",
		"particle": "item/sweep"
	},
	"elements": [
		{
			"from": [7.25, 3, 7.25],
			"to": [8.75, 15, 8.75],
			"rotation": {"angle": 0, "axis": "y", "origin": [7, 10, 7]},
			"faces": {
				"north": {"uv": [0, 6.5, 0.5, 9.5], "texture": "#12"},
				"east": {"uv": [0.75, 6.5, 1.25, 9.5], "texture": "#12"},
				"south": {"uv": [1.5, 6.5, 2, 9.5], "texture": "#12"},
				"west": {"uv": [2.25, 6.5, 2.75, 9.5], "texture": "#12"},
				"up": {"uv": [8, 1.75, 7.5, 1.25], "texture": "#12"},
				"down": {"uv": [8, 2, 7.5, 2.5], "texture": "#12"}
			}
		},
		{
			"from": [7.15, 6.9, 7.15],
			"to": [8.85, 13.1, 8.85],
			"rotation": {"angle": 0, "axis": "y", "origin": [7, 15, 7]},
			"faces": {
				"north": {"uv": [6, 6.5, 6.5, 8], "texture": "#12"},
				"east": {"uv": [6.75, 0, 7.25, 1.5], "texture": "#12"},
				"south": {"uv": [6.75, 1.75, 7.25, 3.25], "texture": "#12"},
				"west": {"uv": [6.75, 3.5, 7.25, 5], "texture": "#12"},
				"up": {"uv": [8, 3.25, 7.5, 2.75], "texture": "#12"},
				"down": {"uv": [8, 3.5, 7.5, 4], "texture": "#12"}
			}
		},
		{
			"from": [7.15, -6, 7.15],
			"to": [8.85, 4.1, 8.85],
			"rotation": {"angle": 0, "axis": "y", "origin": [7, 6, 7]},
			"faces": {
				"north": {"uv": [3, 6.5, 3.5, 9], "texture": "#12"},
				"east": {"uv": [3.75, 6.5, 4.25, 9], "texture": "#12"},
				"south": {"uv": [4.5, 6.5, 5, 9], "texture": "#12"},
				"west": {"uv": [5.25, 6.5, 5.75, 9], "texture": "#12"},
				"up": {"uv": [8, 4.75, 7.5, 4.25], "texture": "#12"},
				"down": {"uv": [8, 6.75, 7.5, 7.25], "texture": "#12"}
			}
		},
		{
			"from": [7.15, 13.9, 6.15],
			"to": [8.85, 16.1, 9.85],
			"rotation": {"angle": 0, "axis": "y", "origin": [7, 15, 7]},
			"faces": {
				"north": {"uv": [7.5, 7.5, 8, 8], "texture": "#12"},
				"east": {"uv": [6.75, 5.25, 7.75, 5.75], "texture": "#12"},
				"south": {"uv": [8, 5, 8.5, 5.5], "texture": "#12"},
				"west": {"uv": [6.75, 6, 7.75, 6.5], "texture": "#12"},
				"up": {"uv": [7.25, 7.75, 6.75, 6.75], "texture": "#12"},
				"down": {"uv": [8, 0, 7.5, 1], "texture": "#12"}
			}
		},
		{
			"from": [7.15, -8.1, 6.9],
			"to": [8.85, -5.9, 9.1],
			"rotation": {"angle": 0, "axis": "y", "origin": [7, -7, 7]},
			"faces": {
				"north": {"uv": [8, 5.75, 8.5, 6.25], "texture": "#12"},
				"east": {"uv": [6.75, 8, 7.25, 8.5], "texture": "#12"},
				"south": {"uv": [8.25, 0, 8.75, 0.5], "texture": "#12"},
				"west": {"uv": [8.25, 0.75, 8.75, 1.25], "texture": "#12"},
				"up": {"uv": [8.75, 2, 8.25, 1.5], "texture": "#12"},
				"down": {"uv": [8.75, 2.25, 8.25, 2.75], "texture": "#12"}
			}
		},
		{
			"from": [7, 15, 7],
			"to": [9, 17, 9],
			"rotation": {"angle": 45, "axis": "x", "origin": [8, 16, 8]},
			"faces": {
				"north": {"uv": [8.25, 3, 8.75, 3.5], "texture": "#12"},
				"east": {"uv": [8.25, 3.75, 8.75, 4.25], "texture": "#12"},
				"south": {"uv": [6, 8.25, 6.5, 8.75], "texture": "#12"},
				"west": {"uv": [8.25, 6.5, 8.75, 7], "texture": "#12"},
				"up": {"uv": [8.75, 7.75, 8.25, 7.25], "texture": "#12"},
				"down": {"uv": [8, 8.25, 7.5, 8.75], "texture": "#12"}
			}
		},
		{
			"from": [8, 13, -10.75],
			"to": [8, 25, 14.75],
			"rotation": {"angle": 0, "axis": "y", "origin": [7, 21, 7]},
			"faces": {
				"north": {"uv": [8.25, 8, 8.25, 11], "texture": "#12"},
				"east": {"uv": [0, 0, 6.5, 3], "texture": "#12"},
				"south": {"uv": [8.5, 8, 8.5, 11], "texture": "#12"},
				"west": {"uv": [0, 3.25, 6.5, 6.25], "texture": "#12"},
				"up": {"uv": [6.75, 15.25, 6.75, 8.75], "texture": "#12"},
				"down": {"uv": [7, 8.75, 7, 15.25], "texture": "#12"}
			}
		}
	],
	"display": {
		"thirdperson_righthand": {
			"translation": [0, 4, 1],
			"scale": [0.85, 0.85, 0.85]
		},
		"thirdperson_lefthand": {
			"translation": [-1, 1.5, 1.5],
			"scale": [0.85, 0.85, 0.85]
		},
		"firstperson_righthand": {
			"rotation": [-16.65, 5, 6.15],
			"translation": [3.5, 2, 0]
		},
		"firstperson_lefthand": {
			"rotation": [-16.65, 21.15, 6.15],
			"translation": [0, 2.75, 0]
		},
		"ground": {
			"rotation": [0, 0, -90],
			"translation": [3.5, -1.5, 0],
			"scale": [0.75, 0.75, 0.75]
		},
		"gui": {
			"rotation": [-90, 58.25, 90],
			"translation": [-0.5, 2.25, 0]
		},
		"fixed": {
			"rotation": [-90, 58.25, 90],
			"translation": [0, 1.75, 0]
		}
	},
	"groups": [
		{
			"name": "group",
			"origin": [7, 5, 7],
			"color": 0,
			"children": [0, 1, 2, 3, 4, 5, 6]
		}
	]
}