{
	"credit": "Made with Blockbench",
	"textures": {
		"3": "item/syu",
		"particle": "item/syu"
	},
	"elements": [
		{
			"from": [7, 2, -1],
			"to": [9, 4, 2],
			"rotation": {"angle": 0, "axis": "y", "origin": [7.17813, 2.075, 3.9375]},
			"faces": {
				"north": {"uv": [7, 1, 7.5, 1.5], "texture": "#3"},
				"east": {"uv": [6, 1, 6.75, 1.5], "texture": "#3"},
				"south": {"uv": [7, 1.75, 7.5, 2.25], "texture": "#3"},
				"west": {"uv": [6, 1.75, 6.75, 2.25], "texture": "#3"},
				"up": {"uv": [6.5, 3.25, 6, 2.5], "texture": "#3"},
				"down": {"uv": [5, 6, 4.5, 6.75], "texture": "#3"}
			}
		},
		{
			"from": [7, 1.5, 2],
			"to": [9, 4.5, 13],
			"rotation": {"angle": 0, "axis": "y", "origin": [7.17813, 2.075, 3.9375]},
			"faces": {
				"north": {"uv": [6, 4.5, 6.5, 5.25], "texture": "#3"},
				"east": {"uv": [0, 0, 2.75, 0.75], "texture": "#3"},
				"south": {"uv": [5.25, 6, 5.75, 6.75], "texture": "#3"},
				"west": {"uv": [0, 1, 2.75, 1.75], "texture": "#3"},
				"up": {"uv": [2, 4.75, 1.5, 2], "texture": "#3"},
				"down": {"uv": [2.75, 2, 2.25, 4.75], "texture": "#3"}
			}
		},
		{
			"from": [5.9, 2.725, 6],
			"to": [7.1, 3.575, 6.85],
			"rotation": {"angle": 0, "axis": "y", "origin": [7.17813, 2.075, 3.9375]},
			"faces": {
				"north": {"uv": [9, 2.25, 9.25, 2.5], "texture": "#3"},
				"east": {"uv": [9, 4.5, 9.25, 4.75], "texture": "#3"},
				"south": {"uv": [5, 9, 5.25, 9.25], "texture": "#3"},
				"west": {"uv": [9, 5, 9.25, 5.25], "texture": "#3"},
				"up": {"uv": [8.25, 9.25, 8, 9], "texture": "#3"},
				"down": {"uv": [9.25, 8, 9, 8.25], "texture": "#3"}
			}
		},
		{
			"from": [5.825, 2.475, 4.725],
			"to": [6.8875, 3.825, 5.625],
			"rotation": {"angle": 0, "axis": "y", "origin": [7.17813, 2.075, 3.9375]},
			"faces": {
				"north": {"uv": [9, 8.5, 9.25, 8.75], "texture": "#3"},
				"east": {"uv": [9, 9, 9.25, 9.25], "texture": "#3"},
				"south": {"uv": [9.25, 0, 9.5, 0.25], "texture": "#3"},
				"west": {"uv": [9.25, 0.5, 9.5, 0.75], "texture": "#3"},
				"up": {"uv": [9.5, 1.25, 9.25, 1], "texture": "#3"},
				"down": {"uv": [1.75, 9.25, 1.5, 9.5], "texture": "#3"}
			}
		},
		{
			"from": [6.075, -3.35387, 8.32966],
			"to": [6.6375, -1.95387, 9.17966],
			"rotation": {"angle": -45, "axis": "x", "origin": [7.17813, 2.075, 3.9375]},
			"faces": {
				"north": {"uv": [9.25, 1.5, 9.5, 1.75], "texture": "#3"},
				"east": {"uv": [2, 9.25, 2.25, 9.5], "texture": "#3"},
				"south": {"uv": [2.5, 9.25, 2.75, 9.5], "texture": "#3"},
				"west": {"uv": [9.25, 2.75, 9.5, 3], "texture": "#3"},
				"up": {"uv": [3.25, 9.5, 3, 9.25], "texture": "#3"},
				"down": {"uv": [9.5, 3.25, 9.25, 3.5], "texture": "#3"}
			}
		},
		{
			"from": [6.075, 1.95, 11.5],
			"to": [6.6375, 3.35, 12.35],
			"rotation": {"angle": 0, "axis": "y", "origin": [7.17813, 2.075, 3.9375]},
			"faces": {
				"north": {"uv": [4.5, 8.75, 4.75, 9], "texture": "#3"},
				"east": {"uv": [8.75, 7.5, 9, 7.75], "texture": "#3"},
				"south": {"uv": [8.5, 8.75, 8.75, 9], "texture": "#3"},
				"west": {"uv": [0, 9, 0.25, 9.25], "texture": "#3"},
				"up": {"uv": [0.75, 9.25, 0.5, 9], "texture": "#3"},
				"down": {"uv": [1.25, 9, 1, 9.25], "texture": "#3"}
			}
		},
		{
			"from": [6.075, -4.82887, 9.80466],
			"to": [6.6375, -3.97887, 11.20466],
			"rotation": {"angle": -45, "axis": "x", "origin": [7.17813, 2.075, 3.9375]},
			"faces": {
				"north": {"uv": [3.5, 9.25, 3.75, 9.5], "texture": "#3"},
				"east": {"uv": [9.25, 3.75, 9.5, 4], "texture": "#3"},
				"south": {"uv": [4, 9.25, 4.25, 9.5], "texture": "#3"},
				"west": {"uv": [4.5, 9.25, 4.75, 9.5], "texture": "#3"},
				"up": {"uv": [5.75, 9.5, 5.5, 9.25], "texture": "#3"},
				"down": {"uv": [9.5, 5.5, 9.25, 5.75], "texture": "#3"}
			}
		},
		{
			"from": [6.075, 0.475, 12.975],
			"to": [6.6375, 1.325, 14.375],
			"rotation": {"angle": 0, "axis": "y", "origin": [7.17813, 2.075, 3.9375]},
			"faces": {
				"north": {"uv": [6, 9.25, 6.25, 9.5], "texture": "#3"},
				"east": {"uv": [9.25, 6, 9.5, 6.25], "texture": "#3"},
				"south": {"uv": [6.5, 9.25, 6.75, 9.5], "texture": "#3"},
				"west": {"uv": [7, 9.25, 7.25, 9.5], "texture": "#3"},
				"up": {"uv": [7.75, 9.5, 7.5, 9.25], "texture": "#3"},
				"down": {"uv": [9.5, 7.5, 9.25, 7.75], "texture": "#3"}
			}
		},
		{
			"from": [6.075, 6.46716, 11.46637],
			"to": [6.6375, 7.31716, 12.86637],
			"rotation": {"angle": 45, "axis": "x", "origin": [7.17813, 2.075, 3.9375]},
			"faces": {
				"north": {"uv": [8.5, 9.25, 8.75, 9.5], "texture": "#3"},
				"east": {"uv": [0, 9.5, 0.25, 9.75], "texture": "#3"},
				"south": {"uv": [0.5, 9.5, 0.75, 9.75], "texture": "#3"},
				"west": {"uv": [1, 9.5, 1.25, 9.75], "texture": "#3"},
				"up": {"uv": [9.75, 2.25, 9.5, 2], "texture": "#3"},
				"down": {"uv": [9.75, 4.25, 9.5, 4.5], "texture": "#3"}
			}
		},
		{
			"from": [6.075, -1.55, 11.5],
			"to": [6.6375, -0.15, 12.35],
			"rotation": {"angle": 0, "axis": "y", "origin": [7.17813, 2.075, 3.9375]},
			"faces": {
				"north": {"uv": [9.5, 4.75, 9.75, 5], "texture": "#3"},
				"east": {"uv": [5, 9.5, 5.25, 9.75], "texture": "#3"},
				"south": {"uv": [9.5, 6.5, 9.75, 6.75], "texture": "#3"},
				"west": {"uv": [9.5, 7, 9.75, 7.25], "texture": "#3"},
				"up": {"uv": [8.25, 9.75, 8, 9.5], "texture": "#3"},
				"down": {"uv": [9.75, 8, 9.5, 8.25], "texture": "#3"}
			}
		},
		{
			"from": [6.075, -4.82887, 6.30466],
			"to": [6.6375, -3.97887, 7.70466],
			"rotation": {"angle": -45, "axis": "x", "origin": [7.17813, 2.075, 3.9375]},
			"faces": {
				"north": {"uv": [9.5, 8.5, 9.75, 8.75], "texture": "#3"},
				"east": {"uv": [9, 9.5, 9.25, 9.75], "texture": "#3"},
				"south": {"uv": [9.5, 9, 9.75, 9.25], "texture": "#3"},
				"west": {"uv": [9.5, 9.5, 9.75, 9.75], "texture": "#3"},
				"up": {"uv": [10, 0.25, 9.75, 0], "texture": "#3"},
				"down": {"uv": [10, 0.5, 9.75, 0.75], "texture": "#3"}
			}
		},
		{
			"from": [6.075, 0.475, 9.475],
			"to": [6.6375, 1.325, 10.875],
			"rotation": {"angle": 0, "axis": "y", "origin": [7.17813, 2.075, 3.9375]},
			"faces": {
				"north": {"uv": [9.75, 1, 10, 1.25], "texture": "#3"},
				"east": {"uv": [1.5, 9.75, 1.75, 10], "texture": "#3"},
				"south": {"uv": [9.75, 1.5, 10, 1.75], "texture": "#3"},
				"west": {"uv": [2, 9.75, 2.25, 10], "texture": "#3"},
				"up": {"uv": [2.75, 10, 2.5, 9.75], "texture": "#3"},
				"down": {"uv": [10, 2.5, 9.75, 2.75], "texture": "#3"}
			}
		},
		{
			"from": [5.835, -6.09387, 8.03966],
			"to": [6.8775, -5.21387, 9.46966],
			"rotation": {"angle": -45, "axis": "x", "origin": [7.17813, 2.075, 3.9375]},
			"faces": {
				"north": {"uv": [3, 9.75, 3.25, 10], "texture": "#3"},
				"east": {"uv": [9.75, 3, 10, 3.25], "texture": "#3"},
				"south": {"uv": [3.5, 9.75, 3.75, 10], "texture": "#3"},
				"west": {"uv": [9.75, 3.5, 10, 3.75], "texture": "#3"},
				"up": {"uv": [4.25, 10, 4, 9.75], "texture": "#3"},
				"down": {"uv": [4.75, 9.75, 4.5, 10], "texture": "#3"}
			}
		},
		{
			"from": [5.835, -3.59387, 8.03966],
			"to": [6.8775, -2.71387, 9.46966],
			"rotation": {"angle": -45, "axis": "x", "origin": [7.17813, 2.075, 3.9375]},
			"faces": {
				"north": {"uv": [9.75, 5.25, 10, 5.5], "texture": "#3"},
				"east": {"uv": [5.5, 9.75, 5.75, 10], "texture": "#3"},
				"south": {"uv": [9.75, 5.75, 10, 6], "texture": "#3"},
				"west": {"uv": [6, 9.75, 6.25, 10], "texture": "#3"},
				"up": {"uv": [6.75, 10, 6.5, 9.75], "texture": "#3"},
				"down": {"uv": [7.25, 9.75, 7, 10], "texture": "#3"}
			}
		},
		{
			"from": [5.835, 5.20216, 9.70137],
			"to": [6.8775, 6.08216, 11.13137],
			"rotation": {"angle": 45, "axis": "x", "origin": [7.17813, 2.075, 3.9375]},
			"faces": {
				"north": {"uv": [7.5, 9.75, 7.75, 10], "texture": "#3"},
				"east": {"uv": [9.75, 7.5, 10, 7.75], "texture": "#3"},
				"south": {"uv": [8.5, 9.75, 8.75, 10], "texture": "#3"},
				"west": {"uv": [0, 10, 0.25, 10.25], "texture": "#3"},
				"up": {"uv": [0.75, 10.25, 0.5, 10], "texture": "#3"},
				"down": {"uv": [1.25, 10, 1, 10.25], "texture": "#3"}
			}
		},
		{
			"from": [5.835, 7.70216, 9.70137],
			"to": [6.8775, 8.58216, 11.13137],
			"rotation": {"angle": 45, "axis": "x", "origin": [7.17813, 2.075, 3.9375]},
			"faces": {
				"north": {"uv": [10, 2, 10.25, 2.25], "texture": "#3"},
				"east": {"uv": [10, 4, 10.25, 4.25], "texture": "#3"},
				"south": {"uv": [10, 4.5, 10.25, 4.75], "texture": "#3"},
				"west": {"uv": [5, 10, 5.25, 10.25], "texture": "#3"},
				"up": {"uv": [10.25, 6.5, 10, 6.25], "texture": "#3"},
				"down": {"uv": [10.25, 6.75, 10, 7], "texture": "#3"}
			}
		},
		{
			"from": [5.825, -0.8, 11.25],
			"to": [6.8875, 0.1, 12.6],
			"rotation": {"angle": 0, "axis": "y", "origin": [7.17813, 2.075, 3.9375]},
			"faces": {
				"north": {"uv": [8, 10, 8.25, 10.25], "texture": "#3"},
				"east": {"uv": [10, 8, 10.25, 8.25], "texture": "#3"},
				"south": {"uv": [10, 8.5, 10.25, 8.75], "texture": "#3"},
				"west": {"uv": [9, 10, 9.25, 10.25], "texture": "#3"},
				"up": {"uv": [10.25, 9.25, 10, 9], "texture": "#3"},
				"down": {"uv": [9.75, 10, 9.5, 10.25], "texture": "#3"}
			}
		},
		{
			"from": [5.825, 1.7, 11.25],
			"to": [6.8875, 2.6, 12.6],
			"rotation": {"angle": 0, "axis": "y", "origin": [7.17813, 2.075, 3.9375]},
			"faces": {
				"north": {"uv": [10, 9.5, 10.25, 9.75], "texture": "#3"},
				"east": {"uv": [10, 10, 10.25, 10.25], "texture": "#3"},
				"south": {"uv": [10.25, 0, 10.5, 0.25], "texture": "#3"},
				"west": {"uv": [10.25, 0.5, 10.5, 0.75], "texture": "#3"},
				"up": {"uv": [10.5, 1.25, 10.25, 1], "texture": "#3"},
				"down": {"uv": [1.75, 10.25, 1.5, 10.5], "texture": "#3"}
			}
		},
		{
			"from": [5.825, 0.225, 12.725],
			"to": [6.8875, 1.575, 13.625],
			"rotation": {"angle": 0, "axis": "y", "origin": [7.17813, 2.075, 3.9375]},
			"faces": {
				"north": {"uv": [10.25, 1.5, 10.5, 1.75], "texture": "#3"},
				"east": {"uv": [2, 10.25, 2.25, 10.5], "texture": "#3"},
				"south": {"uv": [2.5, 10.25, 2.75, 10.5], "texture": "#3"},
				"west": {"uv": [10.25, 2.5, 10.5, 2.75], "texture": "#3"},
				"up": {"uv": [3.25, 10.5, 3, 10.25], "texture": "#3"},
				"down": {"uv": [10.5, 3, 10.25, 3.25], "texture": "#3"}
			}
		},
		{
			"from": [5.9, 0.475, 11.5],
			"to": [7.1, 1.325, 12.35],
			"rotation": {"angle": 0, "axis": "y", "origin": [7.17813, 2.075, 3.9375]},
			"faces": {
				"north": {"uv": [3.5, 10.25, 3.75, 10.5], "texture": "#3"},
				"east": {"uv": [10.25, 3.5, 10.5, 3.75], "texture": "#3"},
				"south": {"uv": [4, 10.25, 4.25, 10.5], "texture": "#3"},
				"west": {"uv": [4.5, 10.25, 4.75, 10.5], "texture": "#3"},
				"up": {"uv": [10.5, 5.25, 10.25, 5], "texture": "#3"},
				"down": {"uv": [5.75, 10.25, 5.5, 10.5], "texture": "#3"}
			}
		},
		{
			"from": [5.825, 0.225, 10.225],
			"to": [6.8875, 1.575, 11.125],
			"rotation": {"angle": 0, "axis": "y", "origin": [7.17813, 2.075, 3.9375]},
			"faces": {
				"north": {"uv": [10.25, 5.5, 10.5, 5.75], "texture": "#3"},
				"east": {"uv": [6, 10.25, 6.25, 10.5], "texture": "#3"},
				"south": {"uv": [6.5, 10.25, 6.75, 10.5], "texture": "#3"},
				"west": {"uv": [7, 10.25, 7.25, 10.5], "texture": "#3"},
				"up": {"uv": [10.5, 7.5, 10.25, 7.25], "texture": "#3"},
				"down": {"uv": [7.75, 10.25, 7.5, 10.5], "texture": "#3"}
			}
		},
		{
			"from": [6.075, 2.725, 3.975],
			"to": [6.6375, 3.575, 5.375],
			"rotation": {"angle": 0, "axis": "y", "origin": [7.17813, 2.075, 3.9375]},
			"faces": {
				"north": {"uv": [8.5, 10.25, 8.75, 10.5], "texture": "#3"},
				"east": {"uv": [0, 10.5, 0.25, 10.75], "texture": "#3"},
				"south": {"uv": [0.5, 10.5, 0.75, 10.75], "texture": "#3"},
				"west": {"uv": [1, 10.5, 1.25, 10.75], "texture": "#3"},
				"up": {"uv": [10.75, 2.25, 10.5, 2], "texture": "#3"},
				"down": {"uv": [10.75, 4, 10.5, 4.25], "texture": "#3"}
			}
		},
		{
			"from": [6.075, 0.65121, 4.00657],
			"to": [6.6375, 1.50121, 5.40657],
			"rotation": {"angle": -45, "axis": "x", "origin": [7.17813, 2.075, 3.9375]},
			"faces": {
				"north": {"uv": [10.5, 4.5, 10.75, 4.75], "texture": "#3"},
				"east": {"uv": [5, 10.5, 5.25, 10.75], "texture": "#3"},
				"south": {"uv": [10.5, 6, 10.75, 6.25], "texture": "#3"},
				"west": {"uv": [10.5, 6.5, 10.75, 6.75], "texture": "#3"},
				"up": {"uv": [10.75, 8, 10.5, 7.75], "texture": "#3"},
				"down": {"uv": [8.25, 10.5, 8, 10.75], "texture": "#3"}
			}
		},
		{
			"from": [6.075, 0.7, 6],
			"to": [6.6375, 2.1, 6.85],
			"rotation": {"angle": 0, "axis": "y", "origin": [7.17813, 2.075, 3.9375]},
			"faces": {
				"north": {"uv": [10.5, 8.25, 10.75, 8.5], "texture": "#3"},
				"east": {"uv": [10.5, 8.75, 10.75, 9], "texture": "#3"},
				"south": {"uv": [9, 10.5, 9.25, 10.75], "texture": "#3"},
				"west": {"uv": [10.5, 9.25, 10.75, 9.5], "texture": "#3"},
				"up": {"uv": [9.75, 10.75, 9.5, 10.5], "texture": "#3"},
				"down": {"uv": [10.75, 9.75, 10.5, 10], "texture": "#3"}
			}
		},
		{
			"from": [6.075, 4.16907, 5.98629],
			"to": [6.6375, 5.01907, 7.38629],
			"rotation": {"angle": 45, "axis": "x", "origin": [7.17813, 2.075, 3.9375]},
			"faces": {
				"north": {"uv": [10, 10.5, 10.25, 10.75], "texture": "#3"},
				"east": {"uv": [10.5, 10.25, 10.75, 10.5], "texture": "#3"},
				"south": {"uv": [10.75, 0, 11, 0.25], "texture": "#3"},
				"west": {"uv": [10.75, 0.5, 11, 0.75], "texture": "#3"},
				"up": {"uv": [11, 1.25, 10.75, 1], "texture": "#3"},
				"down": {"uv": [1.75, 10.75, 1.5, 11], "texture": "#3"}
			}
		},
		{
			"from": [6.075, 2.725, 7.475],
			"to": [6.6375, 3.575, 8.875],
			"rotation": {"angle": 0, "axis": "y", "origin": [7.17813, 2.075, 3.9375]},
			"faces": {
				"north": {"uv": [10.75, 1.5, 11, 1.75], "texture": "#3"},
				"east": {"uv": [2, 10.75, 2.25, 11], "texture": "#3"},
				"south": {"uv": [2.5, 10.75, 2.75, 11], "texture": "#3"},
				"west": {"uv": [10.75, 2.5, 11, 2.75], "texture": "#3"},
				"up": {"uv": [3.25, 11, 3, 10.75], "texture": "#3"},
				"down": {"uv": [11, 3, 10.75, 3.25], "texture": "#3"}
			}
		},
		{
			"from": [6.075, 0.65121, 7.50657],
			"to": [6.6375, 1.50121, 8.90657],
			"rotation": {"angle": -45, "axis": "x", "origin": [7.17813, 2.075, 3.9375]},
			"faces": {
				"north": {"uv": [3.5, 10.75, 3.75, 11], "texture": "#3"},
				"east": {"uv": [10.75, 3.5, 11, 3.75], "texture": "#3"},
				"south": {"uv": [4, 10.75, 4.25, 11], "texture": "#3"},
				"west": {"uv": [4.5, 10.75, 4.75, 11], "texture": "#3"},
				"up": {"uv": [11, 5.25, 10.75, 5], "texture": "#3"},
				"down": {"uv": [5.75, 10.75, 5.5, 11], "texture": "#3"}
			}
		},
		{
			"from": [6.075, 4.2, 6],
			"to": [6.6375, 5.6, 6.85],
			"rotation": {"angle": 0, "axis": "y", "origin": [7.17813, 2.075, 3.9375]},
			"faces": {
				"north": {"uv": [10.75, 5.5, 11, 5.75], "texture": "#3"},
				"east": {"uv": [6, 10.75, 6.25, 11], "texture": "#3"},
				"south": {"uv": [6.5, 10.75, 6.75, 11], "texture": "#3"},
				"west": {"uv": [7, 10.75, 7.25, 11], "texture": "#3"},
				"up": {"uv": [11, 7.25, 10.75, 7], "texture": "#3"},
				"down": {"uv": [7.75, 10.75, 7.5, 11], "texture": "#3"}
			}
		},
		{
			"from": [6.075, 2.12621, 6.03157],
			"to": [6.6375, 3.52621, 6.88157],
			"rotation": {"angle": -45, "axis": "x", "origin": [7.17813, 2.075, 3.9375]},
			"faces": {
				"north": {"uv": [8.5, 10.75, 8.75, 11], "texture": "#3"},
				"east": {"uv": [10.5, 10.75, 10.75, 11], "texture": "#3"},
				"south": {"uv": [0, 11, 0.25, 11.25], "texture": "#3"},
				"west": {"uv": [0.5, 11, 0.75, 11.25], "texture": "#3"},
				"up": {"uv": [1.25, 11.25, 1, 11], "texture": "#3"},
				"down": {"uv": [11.25, 2, 11, 2.25], "texture": "#3"}
			}
		},
		{
			"from": [5.825, 2.475, 7.225],
			"to": [6.8875, 3.825, 8.125],
			"rotation": {"angle": 0, "axis": "y", "origin": [7.17813, 2.075, 3.9375]},
			"faces": {
				"north": {"uv": [11, 4, 11.25, 4.25], "texture": "#3"},
				"east": {"uv": [11, 4.5, 11.25, 4.75], "texture": "#3"},
				"south": {"uv": [5, 11, 5.25, 11.25], "texture": "#3"},
				"west": {"uv": [11, 6, 11.25, 6.25], "texture": "#3"},
				"up": {"uv": [11.25, 6.75, 11, 6.5], "texture": "#3"},
				"down": {"uv": [11.25, 7.5, 11, 7.75], "texture": "#3"}
			}
		},
		{
			"from": [5.825, 1.45, 5.75],
			"to": [6.8875, 2.35, 7.1],
			"rotation": {"angle": 0, "axis": "y", "origin": [7.17813, 2.075, 3.9375]},
			"faces": {
				"north": {"uv": [8, 11, 8.25, 11.25], "texture": "#3"},
				"east": {"uv": [11, 8, 11.25, 8.25], "texture": "#3"},
				"south": {"uv": [11, 8.5, 11.25, 8.75], "texture": "#3"},
				"west": {"uv": [9, 11, 9.25, 11.25], "texture": "#3"},
				"up": {"uv": [11.25, 9.25, 11, 9], "texture": "#3"},
				"down": {"uv": [9.75, 11, 9.5, 11.25], "texture": "#3"}
			}
		},
		{
			"from": [5.825, 3.95, 5.75],
			"to": [6.8875, 4.85, 7.1],
			"rotation": {"angle": 0, "axis": "y", "origin": [7.17813, 2.075, 3.9375]},
			"faces": {
				"north": {"uv": [11, 9.5, 11.25, 9.75], "texture": "#3"},
				"east": {"uv": [10, 11, 10.25, 11.25], "texture": "#3"},
				"south": {"uv": [11, 10, 11.25, 10.25], "texture": "#3"},
				"west": {"uv": [11, 10.5, 11.25, 10.75], "texture": "#3"},
				"up": {"uv": [11.25, 11.25, 11, 11], "texture": "#3"},
				"down": {"uv": [11.5, 0, 11.25, 0.25], "texture": "#3"}
			}
		},
		{
			"from": [5.835, 2.90407, 4.22129],
			"to": [6.8775, 3.78407, 5.65129],
			"rotation": {"angle": 45, "axis": "x", "origin": [7.17813, 2.075, 3.9375]},
			"faces": {
				"north": {"uv": [11.25, 0.5, 11.5, 0.75], "texture": "#3"},
				"east": {"uv": [11.25, 1, 11.5, 1.25], "texture": "#3"},
				"south": {"uv": [1.5, 11.25, 1.75, 11.5], "texture": "#3"},
				"west": {"uv": [11.25, 1.5, 11.5, 1.75], "texture": "#3"},
				"up": {"uv": [2.25, 11.5, 2, 11.25], "texture": "#3"},
				"down": {"uv": [2.75, 11.25, 2.5, 11.5], "texture": "#3"}
			}
		},
		{
			"from": [5.835, 5.40407, 4.22129],
			"to": [6.8775, 6.28407, 5.65129],
			"rotation": {"angle": 45, "axis": "x", "origin": [7.17813, 2.075, 3.9375]},
			"faces": {
				"north": {"uv": [11.25, 2.5, 11.5, 2.75], "texture": "#3"},
				"east": {"uv": [3, 11.25, 3.25, 11.5], "texture": "#3"},
				"south": {"uv": [11.25, 3, 11.5, 3.25], "texture": "#3"},
				"west": {"uv": [3.5, 11.25, 3.75, 11.5], "texture": "#3"},
				"up": {"uv": [11.5, 3.75, 11.25, 3.5], "texture": "#3"},
				"down": {"uv": [4.25, 11.25, 4, 11.5], "texture": "#3"}
			}
		},
		{
			"from": [5.835, -0.61379, 5.74157],
			"to": [6.8775, 0.26621, 7.17157],
			"rotation": {"angle": -45, "axis": "x", "origin": [7.17813, 2.075, 3.9375]},
			"faces": {
				"north": {"uv": [4.5, 11.25, 4.75, 11.5], "texture": "#3"},
				"east": {"uv": [11.25, 5, 11.5, 5.25], "texture": "#3"},
				"south": {"uv": [5.5, 11.25, 5.75, 11.5], "texture": "#3"},
				"west": {"uv": [11.25, 5.5, 11.5, 5.75], "texture": "#3"},
				"up": {"uv": [6.25, 11.5, 6, 11.25], "texture": "#3"},
				"down": {"uv": [6.75, 11.25, 6.5, 11.5], "texture": "#3"}
			}
		},
		{
			"from": [5.835, 1.88621, 5.74157],
			"to": [6.8775, 2.76621, 7.17157],
			"rotation": {"angle": -45, "axis": "x", "origin": [7.17813, 2.075, 3.9375]},
			"faces": {
				"north": {"uv": [7, 11.25, 7.25, 11.5], "texture": "#3"},
				"east": {"uv": [11.25, 7, 11.5, 7.25], "texture": "#3"},
				"south": {"uv": [7.5, 11.25, 7.75, 11.5], "texture": "#3"},
				"west": {"uv": [8.5, 11.25, 8.75, 11.5], "texture": "#3"},
				"up": {"uv": [10.75, 11.5, 10.5, 11.25], "texture": "#3"},
				"down": {"uv": [0.25, 11.5, 0, 11.75], "texture": "#3"}
			}
		},
		{
			"from": [7, 0.5, 8],
			"to": [9, 1.5, 16],
			"rotation": {"angle": 0, "axis": "y", "origin": [7.17813, 2.075, 3.9375]},
			"faces": {
				"north": {"uv": [7.75, 4, 8.25, 4.25], "texture": "#3"},
				"east": {"uv": [5.75, 0, 7.75, 0.25], "texture": "#3"},
				"south": {"uv": [8.25, 2.5, 8.75, 2.75], "texture": "#3"},
				"west": {"uv": [5.75, 0.5, 7.75, 0.75], "texture": "#3"},
				"up": {"uv": [3.5, 6.25, 3, 4.25], "texture": "#3"},
				"down": {"uv": [4.25, 4.25, 3.75, 6.25], "texture": "#3"}
			}
		},
		{
			"from": [7, 0.5, 16],
			"to": [9, 5.5, 18],
			"rotation": {"angle": 0, "axis": "y", "origin": [7.17813, 2.075, 3.9375]},
			"faces": {
				"north": {"uv": [4.5, 4.5, 5, 5.75], "texture": "#3"},
				"east": {"uv": [1.5, 5, 2, 6.25], "texture": "#3"},
				"south": {"uv": [2.25, 5, 2.75, 6.25], "texture": "#3"},
				"west": {"uv": [0, 5.25, 0.5, 6.5], "texture": "#3"},
				"up": {"uv": [5.5, 7.5, 5, 7], "texture": "#3"},
				"down": {"uv": [7.75, 6.5, 7.25, 7], "texture": "#3"}
			}
		},
		{
			"from": [7, 4.5, 15],
			"to": [9, 5.5, 16],
			"rotation": {"angle": 0, "axis": "y", "origin": [7.17813, 2.075, 3.9375]},
			"faces": {
				"north": {"uv": [3, 8.25, 3.5, 8.5], "texture": "#3"},
				"east": {"uv": [0.5, 11.5, 0.75, 11.75], "texture": "#3"},
				"south": {"uv": [3.75, 8.25, 4.25, 8.5], "texture": "#3"},
				"west": {"uv": [1, 11.5, 1.25, 11.75], "texture": "#3"},
				"up": {"uv": [8.75, 4.75, 8.25, 4.5], "texture": "#3"},
				"down": {"uv": [8.75, 5, 8.25, 5.25], "texture": "#3"}
			}
		},
		{
			"from": [7.01, 11.6221, 10.05513],
			"to": [8.99, 12.6021, 11.43513],
			"rotation": {"angle": 45, "axis": "x", "origin": [7.17813, 2.075, 3.9375]},
			"faces": {
				"north": {"uv": [5.75, 8.25, 6.25, 8.5], "texture": "#3"},
				"east": {"uv": [11.5, 2, 11.75, 2.25], "texture": "#3"},
				"south": {"uv": [6.5, 8.25, 7, 8.5], "texture": "#3"},
				"west": {"uv": [11.5, 4, 11.75, 4.25], "texture": "#3"},
				"up": {"uv": [0.5, 8.75, 0, 8.5], "texture": "#3"},
				"down": {"uv": [1.25, 8.5, 0.75, 8.75], "texture": "#3"}
			}
		},
		{
			"from": [7.01, -7.14396, 11.36328],
			"to": [8.99, -6.16396, 12.74328],
			"rotation": {"angle": -45, "axis": "x", "origin": [7.17813, 2.075, 3.9375]},
			"faces": {
				"north": {"uv": [8.5, 0.75, 9, 1], "texture": "#3"},
				"east": {"uv": [11.5, 4.5, 11.75, 4.75], "texture": "#3"},
				"south": {"uv": [8.5, 1.25, 9, 1.5], "texture": "#3"},
				"west": {"uv": [5, 11.5, 5.25, 11.75], "texture": "#3"},
				"up": {"uv": [9, 2, 8.5, 1.75], "texture": "#3"},
				"down": {"uv": [9, 3, 8.5, 3.25], "texture": "#3"}
			}
		},
		{
			"from": [7, -0.5, 5],
			"to": [9, 0.5, 17],
			"rotation": {"angle": 0, "axis": "y", "origin": [7.17813, 2.075, 3.9375]},
			"faces": {
				"north": {"uv": [8.5, 3.5, 9, 3.75], "texture": "#3"},
				"east": {"uv": [4.5, 3.5, 7.5, 3.75], "texture": "#3"},
				"south": {"uv": [8.5, 4, 9, 4.25], "texture": "#3"},
				"west": {"uv": [4.5, 4, 7.5, 4.25], "texture": "#3"},
				"up": {"uv": [0.5, 5, 0, 2], "texture": "#3"},
				"down": {"uv": [1.25, 2, 0.75, 5], "texture": "#3"}
			}
		},
		{
			"from": [6.9, -1.75, 8.25],
			"to": [9.1, 0.75, 9.25],
			"rotation": {"angle": 0, "axis": "y", "origin": [7.17813, 2.075, 3.9375]},
			"faces": {
				"north": {"uv": [6, 5.5, 6.5, 6.25], "texture": "#3"},
				"east": {"uv": [8, 8, 8.25, 8.75], "texture": "#3"},
				"south": {"uv": [1.5, 6.5, 2, 7.25], "texture": "#3"},
				"west": {"uv": [1.5, 8.25, 1.75, 9], "texture": "#3"},
				"up": {"uv": [5.5, 8.75, 5, 8.5], "texture": "#3"},
				"down": {"uv": [9, 5.5, 8.5, 5.75], "texture": "#3"}
			}
		},
		{
			"from": [7.4, 2.25, 6.25],
			"to": [9.6, 4.75, 11.25],
			"rotation": {"angle": 0, "axis": "y", "origin": [7.67813, 6.075, 3.9375]},
			"faces": {
				"north": {"uv": [2.25, 6.5, 2.75, 7.25], "texture": "#3"},
				"east": {"uv": [4.5, 1.5, 5.75, 2.25], "texture": "#3"},
				"south": {"uv": [3, 6.5, 3.5, 7.25], "texture": "#3"},
				"west": {"uv": [4.5, 2.5, 5.75, 3.25], "texture": "#3"},
				"up": {"uv": [1.25, 6.5, 0.75, 5.25], "texture": "#3"},
				"down": {"uv": [5.75, 4.5, 5.25, 5.75], "texture": "#3"}
			}
		},
		{
			"from": [7.4, 2.25, 2.25],
			"to": [9.6, 4.75, 4.25],
			"rotation": {"angle": 0, "axis": "y", "origin": [7.67813, 6.075, -0.0625]},
			"faces": {
				"north": {"uv": [3.75, 6.5, 4.25, 7.25], "texture": "#3"},
				"east": {"uv": [6, 6.5, 6.5, 7.25], "texture": "#3"},
				"south": {"uv": [0, 6.75, 0.5, 7.5], "texture": "#3"},
				"west": {"uv": [0.75, 6.75, 1.25, 7.5], "texture": "#3"},
				"up": {"uv": [7.75, 7.75, 7.25, 7.25], "texture": "#3"},
				"down": {"uv": [2, 7.5, 1.5, 8], "texture": "#3"}
			}
		},
		{
			"from": [6.9, -1.5, 11.25],
			"to": [9.1, 0.75, 12.25],
			"rotation": {"angle": 0, "axis": "y", "origin": [7.17813, 2.075, 6.9375]},
			"faces": {
				"north": {"uv": [2.25, 7.5, 2.75, 8], "texture": "#3"},
				"east": {"uv": [8.5, 8, 8.75, 8.5], "texture": "#3"},
				"south": {"uv": [7.5, 2.5, 8, 3], "texture": "#3"},
				"west": {"uv": [8.75, 0, 9, 0.5], "texture": "#3"},
				"up": {"uv": [9, 6.25, 8.5, 6], "texture": "#3"},
				"down": {"uv": [3.5, 8.75, 3, 9], "texture": "#3"}
			}
		},
		{
			"from": [6.9, -2.25, 15.25],
			"to": [9.1, 0.75, 16.25],
			"rotation": {"angle": 0, "axis": "y", "origin": [7.17813, 2.075, 10.9375]},
			"faces": {
				"north": {"uv": [6.75, 2.5, 7.25, 3.25], "texture": "#3"},
				"east": {"uv": [2, 8.25, 2.25, 9], "texture": "#3"},
				"south": {"uv": [6.75, 4.5, 7.25, 5.25], "texture": "#3"},
				"west": {"uv": [2.5, 8.25, 2.75, 9], "texture": "#3"},
				"up": {"uv": [4.25, 9, 3.75, 8.75], "texture": "#3"},
				"down": {"uv": [6.25, 8.75, 5.75, 9], "texture": "#3"}
			}
		},
		{
			"from": [7.4, -1.25, 9.25],
			"to": [8.6, -0.75, 15.25],
			"rotation": {"angle": 0, "axis": "y", "origin": [7.17813, 1.825, 10.9375]},
			"faces": {
				"north": {"uv": [11.5, 6, 11.75, 6.25], "texture": "#3"},
				"east": {"uv": [6.75, 5.5, 8.25, 5.75], "texture": "#3"},
				"south": {"uv": [11.5, 6.5, 11.75, 6.75], "texture": "#3"},
				"west": {"uv": [6.75, 6, 8.25, 6.25], "texture": "#3"},
				"up": {"uv": [7, 8, 6.75, 6.5], "texture": "#3"},
				"down": {"uv": [4.75, 7, 4.5, 8.5], "texture": "#3"}
			}
		},
		{
			"from": [7.01, 1.51, 13.01],
			"to": [8.99, 2.64, 13.74],
			"rotation": {"angle": 0, "axis": "y", "origin": [7.17813, 2.075, 3.9375]},
			"faces": {
				"north": {"uv": [6.5, 8.75, 7, 9], "texture": "#3"},
				"east": {"uv": [11.5, 7.5, 11.75, 7.75], "texture": "#3"},
				"south": {"uv": [8.75, 6.5, 9.25, 6.75], "texture": "#3"},
				"west": {"uv": [8, 11.5, 8.25, 11.75], "texture": "#3"},
				"up": {"uv": [9.25, 7.25, 8.75, 7], "texture": "#3"},
				"down": {"uv": [7.75, 8.75, 7.25, 9], "texture": "#3"}
			}
		},
		{
			"from": [7.01, -1.14266, 11.24817],
			"to": [8.99, 0.83734, 13.22817],
			"rotation": {"angle": -22.5, "axis": "x", "origin": [7.17813, 2.075, 3.9375]},
			"faces": {
				"north": {"uv": [3, 7.5, 3.5, 8], "texture": "#3"},
				"east": {"uv": [3.75, 7.5, 4.25, 8], "texture": "#3"},
				"south": {"uv": [7.5, 4.5, 8, 5], "texture": "#3"},
				"west": {"uv": [5.75, 7.5, 6.25, 8], "texture": "#3"},
				"up": {"uv": [0.5, 8.25, 0, 7.75], "texture": "#3"},
				"down": {"uv": [1.25, 7.75, 0.75, 8.25], "texture": "#3"}
			}
		},
		{
			"from": [7.15, 2.15, -9.85],
			"to": [8.85, 3.85, -0.15],
			"rotation": {"angle": 0, "axis": "y", "origin": [7.17813, 2.075, 3.9375]},
			"faces": {
				"north": {"uv": [7.75, 1, 8.25, 1.5], "texture": "#3"},
				"east": {"uv": [3, 0, 5.5, 0.5], "texture": "#3"},
				"south": {"uv": [7.75, 1.75, 8.25, 2.25], "texture": "#3"},
				"west": {"uv": [3, 0.75, 5.5, 1.25], "texture": "#3"},
				"up": {"uv": [3.5, 4, 3, 1.5], "texture": "#3"},
				"down": {"uv": [4.25, 1.5, 3.75, 4], "texture": "#3"}
			}
		},
		{
			"from": [7, 2, -10.25],
			"to": [9, 4, -8],
			"rotation": {"angle": 0, "axis": "y", "origin": [7.17813, 2.075, 3.9375]},
			"faces": {
				"north": {"uv": [7.75, 3.25, 8.25, 3.75], "texture": "#3"},
				"east": {"uv": [5, 7.75, 5.5, 8.25], "texture": "#3"},
				"south": {"uv": [8, 0, 8.5, 0.5], "texture": "#3"},
				"west": {"uv": [8, 6.5, 8.5, 7], "texture": "#3"},
				"up": {"uv": [7.75, 8.5, 7.25, 8], "texture": "#3"},
				"down": {"uv": [8.5, 7.25, 8, 7.75], "texture": "#3"}
			}
		}
	],
	"display": {
		"thirdperson_righthand": {
			"rotation": [-90, 0, 0],
			"translation": [0, 8.5, -3.25],
			"scale": [0.85, 0.85, 0.85]
		},
		"thirdperson_lefthand": {
			"rotation": [-90, 0, 0],
			"translation": [0, 8.5, -3.25],
			"scale": [0.85, 0.85, 0.85]
		},
		"firstperson_righthand": {
			"rotation": [-110, -7, 15],
			"translation": [0, 6.75, -7.5],
			"scale": [0.85, 0.85, 0.85]
		},
		"firstperson_lefthand": {
			"rotation": [-110, -7, 15],
			"translation": [0, 6.75, -7.5],
			"scale": [0.85, 0.85, 0.85]
		},
		"ground": {
			"translation": [0, 6.25, 6]
		},
		"gui": {
			"rotation": [90, -135, -90],
			"translation": [-6.25, -0.75, -1]
		},
		"fixed": {
			"rotation": [-90, -45, -90],
			"translation": [0, 6.5, -1]
		}
	},
	"groups": [
		{
			"name": "group",
			"origin": [0, 0, 0],
			"color": 0,
			"children": [
				0,
				1,
				2,
				3,
				4,
				5,
				6,
				7,
				8,
				9,
				10,
				11,
				12,
				13,
				14,
				15,
				16,
				17,
				18,
				19,
				20,
				21,
				22,
				23,
				24,
				25,
				26,
				27,
				28,
				29,
				30,
				31,
				32,
				33,
				34,
				35,
				36,
				37,
				38,
				39,
				40,
				41,
				42,
				43,
				44,
				45,
				46,
				47,
				48,
				49,
				50,
				51
			]
		}
	]
}