{
	"credit": "Made with Blockbench",
	"texture_size": [32, 32],
	"textures": {
		"1": "item/syu_hat",
		"particle": "item/syu_hat"
	},
	"elements": [
		{
			"from": [10.75, 2.1875, -1.8125],
			"to": [12, 2.8125, -1.1875],
			"rotation": {"angle": 0, "axis": "y", "origin": [9.5, 2.5, -1.5]},
			"faces": {
				"north": {"uv": [2, 5, 2.5, 5.5], "texture": "#1"},
				"east": {"uv": [5, 3, 5.5, 3.5], "texture": "#1"},
				"south": {"uv": [5, 4, 5.5, 4.5], "texture": "#1"},
				"west": {"uv": [5, 5, 5.5, 5.5], "texture": "#1"},
				"up": {"uv": [0.5, 6, 0, 5.5], "texture": "#1"},
				"down": {"uv": [6.5, 0, 6, 0.5], "texture": "#1"}
			}
		},
		{
			"from": [10.5375, 1.875, -2.125],
			"to": [11.375, 3.125, -0.875],
			"rotation": {"angle": 0, "axis": "y", "origin": [7.625, 0.625, -2.125]},
			"faces": {
				"north": {"uv": [6, 1, 6.5, 1.5], "texture": "#1"},
				"east": {"uv": [2, 6, 2.5, 6.5], "texture": "#1"},
				"south": {"uv": [6, 2, 6.5, 2.5], "texture": "#1"},
				"west": {"uv": [3, 6, 3.5, 6.5], "texture": "#1"},
				"up": {"uv": [6.5, 3.5, 6, 3], "texture": "#1"},
				"down": {"uv": [4.5, 6, 4, 6.5], "texture": "#1"}
			}
		},
		{
			"from": [11.3375, 1.875, -1.625],
			"to": [12.125, 3.125, -0.875],
			"rotation": {"angle": 0, "axis": "y", "origin": [7.625, 0.625, -2.125]},
			"faces": {
				"north": {"uv": [6, 4, 6.5, 4.5], "texture": "#1"},
				"east": {"uv": [5, 6, 5.5, 6.5], "texture": "#1"},
				"south": {"uv": [6, 5, 6.5, 5.5], "texture": "#1"},
				"west": {"uv": [6, 6, 6.5, 6.5], "texture": "#1"},
				"up": {"uv": [0.5, 7, 0, 6.5], "texture": "#1"},
				"down": {"uv": [1.5, 6.5, 1, 7], "texture": "#1"}
			}
		},
		{
			"from": [11.5875, 1.875, -0.875],
			"to": [12.125, 3.125, -0.125],
			"rotation": {"angle": 0, "axis": "y", "origin": [7.125, 0.625, -2.125]},
			"faces": {
				"north": {"uv": [7, 0, 7.5, 0.5], "texture": "#1"},
				"east": {"uv": [7, 1, 7.5, 1.5], "texture": "#1"},
				"south": {"uv": [2, 7, 2.5, 7.5], "texture": "#1"},
				"west": {"uv": [7, 2, 7.5, 2.5], "texture": "#1"},
				"up": {"uv": [3.5, 7.5, 3, 7], "texture": "#1"},
				"down": {"uv": [7.5, 3, 7, 3.5], "texture": "#1"}
			}
		},
		{
			"from": [7.625, 1.875, -2.125],
			"to": [8.4625, 3.125, -0.875],
			"rotation": {"angle": 0, "axis": "y", "origin": [5.125, 0.625, -2.125]},
			"faces": {
				"north": {"uv": [4, 7, 4.5, 7.5], "texture": "#1"},
				"east": {"uv": [7, 4, 7.5, 4.5], "texture": "#1"},
				"south": {"uv": [5, 7, 5.5, 7.5], "texture": "#1"},
				"west": {"uv": [7, 5, 7.5, 5.5], "texture": "#1"},
				"up": {"uv": [6.5, 7.5, 6, 7], "texture": "#1"},
				"down": {"uv": [7.5, 6, 7, 6.5], "texture": "#1"}
			}
		},
		{
			"from": [7.89638, 2.5125, -2.1125],
			"to": [8.55888, 4.2375, -0.8875],
			"rotation": {"angle": -45, "axis": "z", "origin": [8.50888, 3.125, -1.5]},
			"faces": {
				"north": {"uv": [1, 2, 1.5, 3], "texture": "#1"},
				"east": {"uv": [2, 2, 2.5, 3], "texture": "#1"},
				"south": {"uv": [3, 0, 3.5, 1], "texture": "#1"},
				"west": {"uv": [3, 1.5, 3.5, 2.5], "texture": "#1"},
				"up": {"uv": [7.5, 7.5, 7, 7], "texture": "#1"},
				"down": {"uv": [0.5, 7.5, 0, 8], "texture": "#1"}
			}
		},
		{
			"from": [10.44112, 0.7625, -2.1125],
			"to": [11.10362, 2.4875, -0.8875],
			"rotation": {"angle": -45, "axis": "z", "origin": [10.49112, 1.875, -1.5]},
			"faces": {
				"north": {"uv": [3, 3, 3.5, 4], "texture": "#1"},
				"east": {"uv": [1, 3.5, 1.5, 4.5], "texture": "#1"},
				"south": {"uv": [2, 3.5, 2.5, 4.5], "texture": "#1"},
				"west": {"uv": [0, 4, 0.5, 5], "texture": "#1"},
				"up": {"uv": [1.5, 8, 1, 7.5], "texture": "#1"},
				"down": {"uv": [8.5, 0, 8, 0.5], "texture": "#1"}
			}
		},
		{
			"from": [7.89388, 0.76, -2.115],
			"to": [8.56138, 2.49, -0.885],
			"rotation": {"angle": 45, "axis": "z", "origin": [8.50888, 1.875, -1.5]},
			"faces": {
				"north": {"uv": [4, 0, 4.5, 1], "texture": "#1"},
				"east": {"uv": [4, 1.5, 4.5, 2.5], "texture": "#1"},
				"south": {"uv": [4, 3, 4.5, 4], "texture": "#1"},
				"west": {"uv": [3, 4.5, 3.5, 5.5], "texture": "#1"},
				"up": {"uv": [8.5, 1.5, 8, 1], "texture": "#1"},
				"down": {"uv": [2.5, 8, 2, 8.5], "texture": "#1"}
			}
		},
		{
			"from": [10.44112, 2.5125, -2.1125],
			"to": [11.10362, 4.2375, -0.8875],
			"rotation": {"angle": 45, "axis": "z", "origin": [10.49112, 3.125, -1.5]},
			"faces": {
				"north": {"uv": [4, 4.5, 4.5, 5.5], "texture": "#1"},
				"east": {"uv": [5, 0, 5.5, 1], "texture": "#1"},
				"south": {"uv": [1, 5, 1.5, 6], "texture": "#1"},
				"west": {"uv": [5, 1.5, 5.5, 2.5], "texture": "#1"},
				"up": {"uv": [8.5, 2.5, 8, 2], "texture": "#1"},
				"down": {"uv": [3.5, 8, 3, 8.5], "texture": "#1"}
			}
		},
		{
			"from": [8.875, 3.5375, -2.125],
			"to": [10.125, 4.375, -0.875],
			"rotation": {"angle": 0, "axis": "y", "origin": [5.125, 0.625, -2.125]},
			"faces": {
				"north": {"uv": [8, 3, 8.5, 3.5], "texture": "#1"},
				"east": {"uv": [4, 8, 4.5, 8.5], "texture": "#1"},
				"south": {"uv": [8, 4, 8.5, 4.5], "texture": "#1"},
				"west": {"uv": [5, 8, 5.5, 8.5], "texture": "#1"},
				"up": {"uv": [8.5, 5.5, 8, 5], "texture": "#1"},
				"down": {"uv": [6.5, 8, 6, 8.5], "texture": "#1"}
			}
		},
		{
			"from": [11.775, 3.5375, -2.125],
			"to": [13.025, 4.375, -0.875],
			"rotation": {"angle": -45, "axis": "z", "origin": [12.4, 5.45625, -1.5]},
			"faces": {
				"north": {"uv": [8, 6, 8.5, 6.5], "texture": "#1"},
				"east": {"uv": [7, 8, 7.5, 8.5], "texture": "#1"},
				"south": {"uv": [8, 7, 8.5, 7.5], "texture": "#1"},
				"west": {"uv": [8, 8, 8.5, 8.5], "texture": "#1"},
				"up": {"uv": [0.5, 9, 0, 8.5], "texture": "#1"},
				"down": {"uv": [1.5, 8.5, 1, 9], "texture": "#1"}
			}
		},
		{
			"from": [11.775, 6.5375, -2.125],
			"to": [13.025, 7.375, -0.875],
			"rotation": {"angle": -45, "axis": "z", "origin": [12.4, 5.45625, -1.5]},
			"faces": {
				"north": {"uv": [9, 0, 9.5, 0.5], "texture": "#1"},
				"east": {"uv": [9, 1, 9.5, 1.5], "texture": "#1"},
				"south": {"uv": [2, 9, 2.5, 9.5], "texture": "#1"},
				"west": {"uv": [9, 2, 9.5, 2.5], "texture": "#1"},
				"up": {"uv": [3.5, 9.5, 3, 9], "texture": "#1"},
				"down": {"uv": [9.5, 3, 9, 3.5], "texture": "#1"}
			}
		},
		{
			"from": [11.875, 4.2875, -2.025],
			"to": [12.925, 7.125, -0.975],
			"rotation": {"angle": -45, "axis": "z", "origin": [12.4, 5.45625, -1.5]},
			"faces": {
				"north": {"uv": [0, 0, 0.5, 1.5], "texture": "#1"},
				"east": {"uv": [1, 0, 1.5, 1.5], "texture": "#1"},
				"south": {"uv": [0, 2, 0.5, 3.5], "texture": "#1"},
				"west": {"uv": [2, 0, 2.5, 1.5], "texture": "#1"},
				"up": {"uv": [4.5, 9.5, 4, 9], "texture": "#1"},
				"down": {"uv": [9.5, 4, 9, 4.5], "texture": "#1"}
			}
		},
		{
			"from": [8.875, 0.625, -2.125],
			"to": [10.125, 1.4625, -0.875],
			"rotation": {"angle": 0, "axis": "y", "origin": [5.125, -1.875, -2.125]},
			"faces": {
				"north": {"uv": [5, 9, 5.5, 9.5], "texture": "#1"},
				"east": {"uv": [9, 5, 9.5, 5.5], "texture": "#1"},
				"south": {"uv": [6, 9, 6.5, 9.5], "texture": "#1"},
				"west": {"uv": [9, 6, 9.5, 6.5], "texture": "#1"},
				"up": {"uv": [7.5, 9.5, 7, 9], "texture": "#1"},
				"down": {"uv": [9.5, 7, 9, 7.5], "texture": "#1"}
			}
		},
		{
			"from": [9.1875, 0, -1.8125],
			"to": [9.8125, 1.25, -1.1875],
			"rotation": {"angle": 0, "axis": "y", "origin": [5.125, -1.875, -2.125]},
			"faces": {
				"north": {"uv": [8, 9, 8.5, 9.5], "texture": "#1"},
				"east": {"uv": [9, 8, 9.5, 8.5], "texture": "#1"},
				"south": {"uv": [9, 9, 9.5, 9.5], "texture": "#1"},
				"west": {"uv": [0, 9.5, 0.5, 10], "texture": "#1"},
				"up": {"uv": [1.5, 10, 1, 9.5], "texture": "#1"},
				"down": {"uv": [10.5, 0, 10, 0.5], "texture": "#1"}
			}
		},
		{
			"from": [9.1875, 3.75, -1.8125],
			"to": [9.8125, 5, -1.1875],
			"rotation": {"angle": 0, "axis": "y", "origin": [5.125, 6.875, -2.125]},
			"faces": {
				"north": {"uv": [10, 1, 10.5, 1.5], "texture": "#1"},
				"east": {"uv": [2, 10, 2.5, 10.5], "texture": "#1"},
				"south": {"uv": [10, 2, 10.5, 2.5], "texture": "#1"},
				"west": {"uv": [3, 10, 3.5, 10.5], "texture": "#1"},
				"up": {"uv": [10.5, 3.5, 10, 3], "texture": "#1"},
				"down": {"uv": [4.5, 10, 4, 10.5], "texture": "#1"}
			}
		},
		{
			"from": [9.1875, 0, -1.8125],
			"to": [9.8125, 1.25, -1.1875],
			"rotation": {"angle": 45, "axis": "z", "origin": [9.5, 2.5, -1.5]},
			"faces": {
				"north": {"uv": [10, 4, 10.5, 4.5], "texture": "#1"},
				"east": {"uv": [5, 10, 5.5, 10.5], "texture": "#1"},
				"south": {"uv": [10, 5, 10.5, 5.5], "texture": "#1"},
				"west": {"uv": [6, 10, 6.5, 10.5], "texture": "#1"},
				"up": {"uv": [10.5, 6.5, 10, 6], "texture": "#1"},
				"down": {"uv": [7.5, 10, 7, 10.5], "texture": "#1"}
			}
		},
		{
			"from": [9.1875, 3.75, -1.8125],
			"to": [9.8125, 5, -1.1875],
			"rotation": {"angle": 45, "axis": "z", "origin": [9.5, 2.5, -1.5]},
			"faces": {
				"north": {"uv": [10, 7, 10.5, 7.5], "texture": "#1"},
				"east": {"uv": [8, 10, 8.5, 10.5], "texture": "#1"},
				"south": {"uv": [10, 8, 10.5, 8.5], "texture": "#1"},
				"west": {"uv": [9, 10, 9.5, 10.5], "texture": "#1"},
				"up": {"uv": [10.5, 9.5, 10, 9], "texture": "#1"},
				"down": {"uv": [10.5, 10, 10, 10.5], "texture": "#1"}
			}
		},
		{
			"from": [10.75, 2.1875, -1.8125],
			"to": [12, 2.8125, -1.1875],
			"rotation": {"angle": 45, "axis": "z", "origin": [9.5, 2.5, -1.5]},
			"faces": {
				"north": {"uv": [0, 10.5, 0.5, 11], "texture": "#1"},
				"east": {"uv": [1, 10.5, 1.5, 11], "texture": "#1"},
				"south": {"uv": [11, 0, 11.5, 0.5], "texture": "#1"},
				"west": {"uv": [11, 1, 11.5, 1.5], "texture": "#1"},
				"up": {"uv": [2.5, 11.5, 2, 11], "texture": "#1"},
				"down": {"uv": [11.5, 2, 11, 2.5], "texture": "#1"}
			}
		},
		{
			"from": [7, 2.1875, -1.8125],
			"to": [8.25, 2.8125, -1.1875],
			"rotation": {"angle": 45, "axis": "z", "origin": [9.5, 2.5, -1.5]},
			"faces": {
				"north": {"uv": [3, 11, 3.5, 11.5], "texture": "#1"},
				"east": {"uv": [11, 3, 11.5, 3.5], "texture": "#1"},
				"south": {"uv": [4, 11, 4.5, 11.5], "texture": "#1"},
				"west": {"uv": [11, 4, 11.5, 4.5], "texture": "#1"},
				"up": {"uv": [5.5, 11.5, 5, 11], "texture": "#1"},
				"down": {"uv": [11.5, 5, 11, 5.5], "texture": "#1"}
			}
		},
		{
			"from": [7, 2.1875, -1.8125],
			"to": [8.25, 2.8125, -1.1875],
			"rotation": {"angle": 0, "axis": "y", "origin": [9.5, 2.5, -1.5]},
			"faces": {
				"north": {"uv": [6, 11, 6.5, 11.5], "texture": "#1"},
				"east": {"uv": [11, 6, 11.5, 6.5], "texture": "#1"},
				"south": {"uv": [7, 11, 7.5, 11.5], "texture": "#1"},
				"west": {"uv": [11, 7, 11.5, 7.5], "texture": "#1"},
				"up": {"uv": [8.5, 11.5, 8, 11], "texture": "#1"},
				"down": {"uv": [11.5, 8, 11, 8.5], "texture": "#1"}
			}
		}
	],
	"display": {
		"thirdperson_righthand": {
			"translation": [-4.5, 6.5, 10.5]
		},
		"thirdperson_lefthand": {
			"translation": [-0.75, 6.5, 10.5]
		},
		"firstperson_righthand": {
			"translation": [0, 8.5, 4.5],
			"scale": [1.45, 1.45, 1.45]
		},
		"firstperson_lefthand": {
			"translation": [8, 8.5, 4.5],
			"scale": [1.45, 1.45, 1.45]
		},
		"gui": {
			"translation": [-2.25, 6.75, 0],
			"scale": [1.4, 1.41, 1.4]
		},
		"head": {
			"translation": [0.5, 6.5, 9.5],
			"scale": [1.75, 1.75, 1.75]
		},
		"fixed": {
			"translation": [-2.25, 7.5, 13.5],
			"scale": [1.4, 1.41, 1.4]
		}
	},
	"groups": [
		{
			"name": "group",
			"origin": [9.5, 2.5, -1.5],
			"color": 0,
			"children": [0, 1, 2, 3, 4, 5, 6, 7, 8, 9, 10, 11, 12, 13, 14, 15, 16, 17, 18, 19, 20]
		}
	]
}