{
	"credit": "Made with Blockbench",
	"texture_size": [32, 32],
	"textures": {
		"2": "item/thumb_hat",
		"particle": "item/thumb_hat"
	},
	"elements": [
		{
			"from": [2.5, 0, 2.5],
			"to": [13.25, 1, 13.5],
			"rotation": {"angle": 0, "axis": "y", "origin": [4, 0, 4]},
			"faces": {
				"north": {"uv": [9, 4.5, 14, 5], "texture": "#2"},
				"east": {"uv": [9, 5, 14, 5.5], "texture": "#2"},
				"south": {"uv": [9, 5.5, 14, 6], "texture": "#2"},
				"west": {"uv": [9, 6, 14, 6.5], "texture": "#2"},
				"up": {"uv": [5, 5, 0, 0], "texture": "#2"},
				"down": {"uv": [5, 5, 0, 10], "texture": "#2"}
			}
		},
		{
			"from": [3.475, 1, 3.475],
			"to": [12.525, 4, 12.525],
			"rotation": {"angle": 0, "axis": "y", "origin": [4, 1, 4]},
			"faces": {
				"north": {"uv": [5, 8, 9, 9.5], "texture": "#2"},
				"east": {"uv": [9, 0, 13, 1.5], "texture": "#2"},
				"south": {"uv": [9, 1.5, 13, 3], "texture": "#2"},
				"west": {"uv": [9, 3, 13, 4.5], "texture": "#2"},
				"up": {"uv": [9, 4, 5, 0], "texture": "#2"},
				"down": {"uv": [9, 4, 5, 8], "texture": "#2"}
			}
		}
	],
	"display": {
		"ground": {
			"translation": [0, 11, 0]
		},
		"gui": {
			"rotation": [30, 225, 0],
			"translation": [0, 6, 0]
		},
		"head": {
			"translation": [0, 14.5, 0],
			"scale": [1.6, 1.6, 1.6]
		}
	}
}