{
	"credit": "Made with Blockbench",
	"texture_size": [32, 32],
	"textures": {
		"2": "item/thumb",
		"particle": "item/thumb"
	},
	"elements": [
		{
			"from": [7, 7, 3],
			"to": [8, 9, 14],
			"rotation": {"angle": 0, "axis": "y", "origin": [6, 7, 7]},
			"faces": {
				"north": {"uv": [5.5, 7, 6, 8], "texture": "#2"},
				"east": {"uv": [0, 0, 5.5, 1], "texture": "#2"},
				"south": {"uv": [5.5, 8.5, 6, 9.5], "texture": "#2"},
				"west": {"uv": [0, 1, 5.5, 2], "texture": "#2"},
				"up": {"uv": [4, 7.5, 3.5, 2], "texture": "#2"},
				"down": {"uv": [0.5, 4, 0, 9.5], "texture": "#2"}
			}
		},
		{
			"from": [6.5, 7.7, 10],
			"to": [8.5, 9.7, 11],
			"rotation": {"angle": 0, "axis": "z", "origin": [7.5, 8.7, 11]},
			"faces": {
				"north": {"uv": [5, 5, 6, 6], "texture": "#2"},
				"east": {"uv": [6, 8.5, 6.5, 9.5], "texture": "#2"},
				"south": {"uv": [5.5, 0, 6.5, 1], "texture": "#2"},
				"west": {"uv": [8.5, 6, 9, 7], "texture": "#2"},
				"up": {"uv": [9.5, 5, 8.5, 4.5], "texture": "#2"},
				"down": {"uv": [7.5, 8.5, 6.5, 9], "texture": "#2"}
			}
		},
		{
			"from": [6.5, 7.5, 9],
			"to": [8.5, 9.5, 10],
			"rotation": {"angle": -45, "axis": "z", "origin": [7.5, 8.5, 10]},
			"faces": {
				"north": {"uv": [6.5, 7, 7.5, 8], "texture": "#2"},
				"east": {"uv": [2, 9, 2.5, 10], "texture": "#2"},
				"south": {"uv": [7.5, 0, 8.5, 1], "texture": "#2"},
				"west": {"uv": [9, 2, 9.5, 3], "texture": "#2"},
				"up": {"uv": [3.5, 9.5, 2.5, 9], "texture": "#2"},
				"down": {"uv": [10, 6, 9, 6.5], "texture": "#2"}
			}
		},
		{
			"from": [6.65, 8, 7.5],
			"to": [8.15, 9.5, 9.5],
			"rotation": {"angle": -45, "axis": "z", "origin": [7.15, 8.5, 9.5]},
			"faces": {
				"north": {"uv": [2.5, 7.5, 3.5, 8.5], "texture": "#2"},
				"east": {"uv": [7.5, 3, 8.5, 4], "texture": "#2"},
				"south": {"uv": [7.5, 4, 8.5, 5], "texture": "#2"},
				"west": {"uv": [7.5, 7, 8.5, 8], "texture": "#2"},
				"up": {"uv": [1.5, 9, 0.5, 8], "texture": "#2"},
				"down": {"uv": [9, 2, 8, 3], "texture": "#2"}
			}
		},
		{
			"from": [6.5, 7.5, 11],
			"to": [8.5, 9.5, 12],
			"rotation": {"angle": -45, "axis": "z", "origin": [7.5, 8.5, 12]},
			"faces": {
				"north": {"uv": [7.5, 1, 8.5, 2], "texture": "#2"},
				"east": {"uv": [5, 9, 5.5, 10], "texture": "#2"},
				"south": {"uv": [1.5, 7.5, 2.5, 8.5], "texture": "#2"},
				"west": {"uv": [6.5, 9, 7, 10], "texture": "#2"},
				"up": {"uv": [10, 7, 9, 6.5], "texture": "#2"},
				"down": {"uv": [9, 9, 8, 9.5], "texture": "#2"}
			}
		},
		{
			"from": [7, 6.7, -2],
			"to": [8, 7.7, 6],
			"rotation": {"angle": -45, "axis": "z", "origin": [7.5, 7.2, -2]},
			"faces": {
				"north": {"uv": [10, 9.5, 10.5, 10], "texture": "#2"},
				"east": {"uv": [4, 2, 8, 2.5], "texture": "#2"},
				"south": {"uv": [10, 10, 10.5, 10.5], "texture": "#2"},
				"west": {"uv": [4, 2.5, 8, 3], "texture": "#2"},
				"up": {"uv": [1, 8, 0.5, 4], "texture": "#2"},
				"down": {"uv": [1.5, 4, 1, 8], "texture": "#2"}
			}
		},
		{
			"from": [7.25, 7.4, -2.7],
			"to": [7.75, 8.4, 4.3],
			"rotation": {"angle": 0, "axis": "y", "origin": [6.75, 6.4, 2.3]},
			"faces": {
				"north": {"uv": [6, 9.5, 6.5, 10], "texture": "#2"},
				"east": {"uv": [4, 3, 7.5, 3.5], "texture": "#2"},
				"south": {"uv": [9.5, 7, 10, 7.5], "texture": "#2"},
				"west": {"uv": [4, 3.5, 7.5, 4], "texture": "#2"},
				"up": {"uv": [2, 7.5, 1.5, 4], "texture": "#2"},
				"down": {"uv": [2.5, 4, 2, 7.5], "texture": "#2"}
			}
		},
		{
			"from": [7, 7.5, -1.2],
			"to": [8, 8.8, -0.2],
			"rotation": {"angle": -22.5, "axis": "x", "origin": [7.5, 8, -0.7]},
			"faces": {
				"north": {"uv": [9.5, 7.5, 10, 8], "texture": "#2"},
				"east": {"uv": [8, 9.5, 8.5, 10], "texture": "#2"},
				"south": {"uv": [8.5, 9.5, 9, 10], "texture": "#2"},
				"west": {"uv": [9, 9.5, 9.5, 10], "texture": "#2"},
				"up": {"uv": [10, 10, 9.5, 9.5], "texture": "#2"},
				"down": {"uv": [10.5, 0, 10, 0.5], "texture": "#2"}
			}
		},
		{
			"from": [6.975, 7.63858, 2.6426],
			"to": [8.025, 8.93858, 3.6426],
			"rotation": {"angle": 22.5, "axis": "x", "origin": [7.5, 8.28858, 3.1426]},
			"faces": {
				"north": {"uv": [10, 8, 10.5, 8.5], "texture": "#2"},
				"east": {"uv": [8.5, 10, 9, 10.5], "texture": "#2"},
				"south": {"uv": [10, 8.5, 10.5, 9], "texture": "#2"},
				"west": {"uv": [9, 10, 9.5, 10.5], "texture": "#2"},
				"up": {"uv": [10.5, 9.5, 10, 9], "texture": "#2"},
				"down": {"uv": [10, 10, 9.5, 10.5], "texture": "#2"}
			}
		},
		{
			"from": [7, 7, -4],
			"to": [8, 8, 3],
			"rotation": {"angle": 0, "axis": "y", "origin": [6, 6, 2]},
			"faces": {
				"north": {"uv": [0.5, 10, 1, 10.5], "texture": "#2"},
				"east": {"uv": [4, 4, 7.5, 4.5], "texture": "#2"},
				"south": {"uv": [10, 0.5, 10.5, 1], "texture": "#2"},
				"west": {"uv": [4, 4.5, 7.5, 5], "texture": "#2"},
				"up": {"uv": [3, 7.5, 2.5, 4], "texture": "#2"},
				"down": {"uv": [3.5, 4, 3, 7.5], "texture": "#2"}
			}
		},
		{
			"from": [6.5, 8.35, 2.95],
			"to": [8.5, 9.35, 4.95],
			"rotation": {"angle": 0, "axis": "y", "origin": [6.5, 7.35, 2.95]},
			"faces": {
				"north": {"uv": [8.5, 7, 9.5, 7.5], "texture": "#2"},
				"east": {"uv": [8.5, 7.5, 9.5, 8], "texture": "#2"},
				"south": {"uv": [8, 8.5, 9, 9], "texture": "#2"},
				"west": {"uv": [9, 0, 10, 0.5], "texture": "#2"},
				"up": {"uv": [6.5, 2, 5.5, 1], "texture": "#2"},
				"down": {"uv": [6, 6, 5, 7], "texture": "#2"}
			}
		},
		{
			"from": [6.525, 8.5, 2.225],
			"to": [8.475, 9.5, 3.225],
			"rotation": {"angle": 22.5, "axis": "x", "origin": [8, 9, 2.725]},
			"faces": {
				"north": {"uv": [0.5, 9, 1.5, 9.5], "texture": "#2"},
				"east": {"uv": [1, 10, 1.5, 10.5], "texture": "#2"},
				"south": {"uv": [9, 0.5, 10, 1], "texture": "#2"},
				"west": {"uv": [10, 1, 10.5, 1.5], "texture": "#2"},
				"up": {"uv": [10, 1.5, 9, 1], "texture": "#2"},
				"down": {"uv": [10, 1.5, 9, 2], "texture": "#2"}
			}
		},
		{
			"from": [7, 7.65, -3],
			"to": [8, 8.65, -2],
			"rotation": {"angle": -45, "axis": "z", "origin": [7.5, 8.15, -3]},
			"faces": {
				"north": {"uv": [10, 1.5, 10.5, 2], "texture": "#2"},
				"east": {"uv": [2, 10, 2.5, 10.5], "texture": "#2"},
				"south": {"uv": [10, 3, 10.5, 3.5], "texture": "#2"},
				"west": {"uv": [10, 3.5, 10.5, 4], "texture": "#2"},
				"up": {"uv": [4.5, 10.5, 4, 10], "texture": "#2"},
				"down": {"uv": [10.5, 4, 10, 4.5], "texture": "#2"}
			}
		},
		{
			"from": [7.15, 7.9, -6.5],
			"to": [7.65, 8.4, -2.5],
			"rotation": {"angle": -45, "axis": "z", "origin": [7.15, 7.9, -5]},
			"faces": {
				"north": {"uv": [4.5, 10, 5, 10.5], "texture": "#2"},
				"east": {"uv": [6, 5, 8, 5.5], "texture": "#2"},
				"south": {"uv": [5, 10, 5.5, 10.5], "texture": "#2"},
				"west": {"uv": [6, 5.5, 8, 6], "texture": "#2"},
				"up": {"uv": [6.5, 8, 6, 6], "texture": "#2"},
				"down": {"uv": [7, 0, 6.5, 2], "texture": "#2"}
			}
		},
		{
			"from": [7, 7.4, -8],
			"to": [8, 8.4, -4],
			"rotation": {"angle": 0, "axis": "y", "origin": [6, 6.4, -6]},
			"faces": {
				"north": {"uv": [10, 5, 10.5, 5.5], "texture": "#2"},
				"east": {"uv": [6.5, 6, 8.5, 6.5], "texture": "#2"},
				"south": {"uv": [10, 5.5, 10.5, 6], "texture": "#2"},
				"west": {"uv": [6.5, 6.5, 8.5, 7], "texture": "#2"},
				"up": {"uv": [7.5, 2, 7, 0], "texture": "#2"},
				"down": {"uv": [5.5, 7, 5, 9], "texture": "#2"}
			}
		},
		{
			"from": [7.475, 6.94657, -9.20954],
			"to": [7.525, 7.74657, -5.70954],
			"rotation": {"angle": 22.5, "axis": "x", "origin": [7.4875, 7.34657, -7.45954]},
			"faces": {
				"north": {"uv": [6, 10, 6.5, 10.5], "texture": "#2"},
				"east": {"uv": [8, 5, 10, 5.5], "texture": "#2"},
				"south": {"uv": [6, 10, 6.5, 10.5], "texture": "#2"},
				"west": {"uv": [5.5, 8, 7.5, 8.5], "texture": "#2"},
				"up": {"uv": [4, 9.5, 3.5, 7.5], "texture": "#2"},
				"down": {"uv": [8, 8, 7.5, 10], "texture": "#2"}
			}
		},
		{
			"from": [7.5, 8.525, -6.7],
			"to": [7.5, 9.325, -5.2],
			"rotation": {"angle": 22.5, "axis": "x", "origin": [7.5, 9.025, -9.2]},
			"faces": {
				"north": {"uv": [6, 10, 6.5, 10.5], "texture": "#2"},
				"east": {"uv": [9, 8.5, 10, 9], "texture": "#2"},
				"south": {"uv": [6, 10, 6.5, 10.5], "texture": "#2"},
				"west": {"uv": [9, 9, 10, 9.5], "texture": "#2"},
				"up": {"uv": [0, 1, 0, 0], "texture": "#2"},
				"down": {"uv": [0, 0, 0, 1], "texture": "#2"}
			}
		},
		{
			"from": [7.5, 7.6, -10.7],
			"to": [7.5, 8.4, -7.7],
			"rotation": {"angle": 0, "axis": "y", "origin": [5.5, 7.4, -9.7]},
			"faces": {
				"north": {"uv": [6, 10, 6.5, 10.5], "texture": "#2"},
				"east": {"uv": [2, 8.5, 3.5, 9], "texture": "#2"},
				"south": {"uv": [6, 10, 6.5, 10.5], "texture": "#2"},
				"west": {"uv": [8.5, 3, 10, 3.5], "texture": "#2"},
				"up": {"uv": [0, 1.5, 0, 0], "texture": "#2"},
				"down": {"uv": [0, 0, 0, 1.5], "texture": "#2"}
			}
		},
		{
			"from": [6.975, 6.7, 13.525],
			"to": [8.025, 7.7, 16.525],
			"rotation": {"angle": 22.5, "axis": "x", "origin": [7.5, 7.7, 14.525]},
			"faces": {
				"north": {"uv": [10, 6, 10.5, 6.5], "texture": "#2"},
				"east": {"uv": [8.5, 3.5, 10, 4], "texture": "#2"},
				"south": {"uv": [6.5, 10, 7, 10.5], "texture": "#2"},
				"west": {"uv": [8.5, 4, 10, 4.5], "texture": "#2"},
				"up": {"uv": [4.5, 10, 4, 8.5], "texture": "#2"},
				"down": {"uv": [5, 8.5, 4.5, 10], "texture": "#2"}
			}
		},
		{
			"from": [7.025, 7.3, 13.725],
			"to": [7.975, 8.3, 15.725],
			"rotation": {"angle": 45, "axis": "x", "origin": [7.5, 8.3, 14.725]},
			"faces": {
				"north": {"uv": [10, 7, 10.5, 7.5], "texture": "#2"},
				"east": {"uv": [0.5, 9.5, 1.5, 10], "texture": "#2"},
				"south": {"uv": [7.5, 10, 8, 10.5], "texture": "#2"},
				"west": {"uv": [9.5, 2, 10.5, 2.5], "texture": "#2"},
				"up": {"uv": [3, 10.5, 2.5, 9.5], "texture": "#2"},
				"down": {"uv": [3.5, 9.5, 3, 10.5], "texture": "#2"}
			}
		},
		{
			"from": [7, 6.99645, 14.42145],
			"to": [8, 7.99645, 16.42145],
			"rotation": {"angle": 0, "axis": "x", "origin": [7.5, 7.49645, 15.42145]},
			"faces": {
				"north": {"uv": [10, 7.5, 10.5, 8], "texture": "#2"},
				"east": {"uv": [9.5, 2.5, 10.5, 3], "texture": "#2"},
				"south": {"uv": [8, 10, 8.5, 10.5], "texture": "#2"},
				"west": {"uv": [9.5, 4.5, 10.5, 5], "texture": "#2"},
				"up": {"uv": [4, 10.5, 3.5, 9.5], "texture": "#2"},
				"down": {"uv": [6, 9.5, 5.5, 10.5], "texture": "#2"}
			}
		},
		{
			"from": [7, 6, 16.025],
			"to": [8, 8, 23.025],
			"rotation": {"angle": 0, "axis": "x", "origin": [7.5, 7, 17.025]},
			"faces": {
				"north": {"uv": [7, 9, 7.5, 10], "texture": "#2"},
				"east": {"uv": [0, 2, 3.5, 3], "texture": "#2"},
				"south": {"uv": [0, 9.5, 0.5, 10.5], "texture": "#2"},
				"west": {"uv": [0, 3, 3.5, 4], "texture": "#2"},
				"up": {"uv": [4.5, 8.5, 4, 5], "texture": "#2"},
				"down": {"uv": [5, 5, 4.5, 8.5], "texture": "#2"}
			}
		},
		{
			"from": [7.025, 5.775, 19.05],
			"to": [7.975, 6.775, 23.05],
			"rotation": {"angle": 22.5, "axis": "x", "origin": [7.5, 6.275, 21.05]},
			"faces": {
				"north": {"uv": [10, 6.5, 10.5, 7], "texture": "#2"},
				"east": {"uv": [8, 5.5, 10, 6], "texture": "#2"},
				"south": {"uv": [7, 10, 7.5, 10.5], "texture": "#2"},
				"west": {"uv": [8, 8, 10, 8.5], "texture": "#2"},
				"up": {"uv": [9, 2, 8.5, 0], "texture": "#2"},
				"down": {"uv": [2, 8.5, 1.5, 10.5], "texture": "#2"}
			}
		}
	],
	"display": {
		"thirdperson_righthand": {
			"rotation": [86, 0, 0],
			"translation": [0, 4.25, 0.75]
		},
		"thirdperson_lefthand": {
			"rotation": [12.79, 67.37, 38.93],
			"translation": [-6.25, -1.5, 0.25]
		},
		"firstperson_righthand": {
			"rotation": [1.28, -0.9, -5.83],
			"translation": [1, 3, 0]
		},
		"firstperson_lefthand": {
			"translation": [-1.5, 2.5, 0]
		},
		"ground": {
			"rotation": [23.14, 2.98, 14.53],
			"translation": [0, 5.25, 0],
			"scale": [0.6, 0.6, 0.6]
		},
		"gui": {
			"rotation": [90, -45.25, 96.07],
			"translation": [-1, -0.25, 0],
			"scale": [0.6, 0.6, 0.6]
		},
		"fixed": {
			"rotation": [90, 49.25, -90],
			"translation": [0.75, 0.5, -0.25],
			"scale": [0.6, 0.6, 0.6]
		}
	}
}