{
	"credit": "Made with Blockbench",
	"texture_size": [64, 64],
	"textures": {
		"2": "item/warp_axe",
		"particle": "item/warp_axe"
	},
	"elements": [
		{
			"from": [0, 0, 9],
			"to": [2, 2, 15],
			"faces": {
				"north": {"uv": [6.5, 3, 7, 3.5], "texture": "#2"},
				"east": {"uv": [5.75, 4.5, 7.25, 5], "texture": "#2"},
				"south": {"uv": [6.5, 3.75, 7, 4.25], "texture": "#2"},
				"west": {"uv": [5.75, 5.25, 7.25, 5.75], "texture": "#2"},
				"up": {"uv": [2.75, 5.5, 2.25, 4], "texture": "#2"},
				"down": {"uv": [2.75, 5.75, 2.25, 7.25], "texture": "#2"}
			}
		},
		{
			"from": [0, 0, -7],
			"to": [2, 2, 8],
			"rotation": {"angle": 0, "axis": "y", "origin": [0, 0, -7]},
			"faces": {
				"north": {"uv": [4.25, 6.5, 4.75, 7], "texture": "#2"},
				"east": {"uv": [4.25, 1.5, 8, 2], "texture": "#2"},
				"south": {"uv": [5, 6.5, 5.5, 7], "texture": "#2"},
				"west": {"uv": [4.25, 2.25, 8, 2.75], "texture": "#2"},
				"up": {"uv": [1.25, 7.75, 0.75, 4], "texture": "#2"},
				"down": {"uv": [2, 4, 1.5, 7.75], "texture": "#2"}
			}
		},
		{
			"from": [0.5, -3, 10],
			"to": [1.5, 0, 15],
			"faces": {
				"north": {"uv": [3.5, 7, 3.75, 7.75], "texture": "#2"},
				"east": {"uv": [4.25, 4.5, 5.5, 5.25], "texture": "#2"},
				"south": {"uv": [7.25, 3, 7.5, 3.75], "texture": "#2"},
				"west": {"uv": [4.25, 5.5, 5.5, 6.25], "texture": "#2"},
				"up": {"uv": [3.25, 7.5, 3, 6.25], "texture": "#2"},
				"down": {"uv": [6.5, 6, 6.25, 7.25], "texture": "#2"}
			}
		},
		{
			"from": [0.5, -5, 7],
			"to": [1.5, -3, 15],
			"faces": {
				"north": {"uv": [4, 7.25, 4.25, 7.75], "texture": "#2"},
				"east": {"uv": [4.25, 3, 6.25, 3.5], "texture": "#2"},
				"south": {"uv": [4.5, 7.25, 4.75, 7.75], "texture": "#2"},
				"west": {"uv": [4.25, 3.75, 6.25, 4.25], "texture": "#2"},
				"up": {"uv": [3.25, 6, 3, 4], "texture": "#2"},
				"down": {"uv": [6, 6, 5.75, 8], "texture": "#2"}
			}
		},
		{
			"from": [1, -7, 4],
			"to": [1, 0, 17],
			"faces": {
				"north": {"uv": [5, 7.25, 5, 9], "texture": "#2"},
				"east": {"uv": [0, 0, 3.25, 1.75], "texture": "#2"},
				"south": {"uv": [5.25, 7.25, 5.25, 9], "texture": "#2"},
				"west": {"uv": [0, 2, 3.25, 3.75], "texture": "#2"},
				"up": {"uv": [5.5, 10.5, 5.5, 7.25], "texture": "#2"},
				"down": {"uv": [2.25, 7.5, 2.25, 10.75], "texture": "#2"}
			}
		},
		{
			"from": [0.15, 0.15, -4.85],
			"to": [1.85, 1.85, 15.85],
			"rotation": {"angle": 0, "axis": "y", "origin": [0, 0, 5]},
			"faces": {
				"north": {"uv": [6.75, 6, 7.25, 6.5], "texture": "#2"},
				"east": {"uv": [3.5, 0, 8.75, 0.5], "texture": "#2"},
				"south": {"uv": [6.75, 6.75, 7.25, 7.25], "texture": "#2"},
				"west": {"uv": [3.5, 0.75, 8.75, 1.25], "texture": "#2"},
				"up": {"uv": [4, 6.75, 3.5, 1.5], "texture": "#2"},
				"down": {"uv": [0.5, 4, 0, 9.25], "texture": "#2"}
			}
		}
	],
	"display": {
		"thirdperson_righthand": {
			"rotation": [-90, 0, 180],
			"translation": [-6.75, 9, 8.25]
		},
		"firstperson_righthand": {
			"rotation": [80, 180, 0],
			"translation": [1, 6.75, 1]
		}
	},
	"groups": [
		{
			"name": "group",
			"origin": [0, 0, 0],
			"color": 0,
			"children": [0, 1, 2, 3, 4, 5]
		}
	]
}