{
	"credit": "Made with Blockbench",
	"texture_size": [64, 64],
	"textures": {
		"0": "item/warp_hat",
		"particle": "item/warp_hat"
	},
	"elements": [
		{
			"from": [3, 1, 3],
			"to": [12, 5, 12],
			"rotation": {"angle": 0, "axis": "y", "origin": [6, 0, 4]},
			"faces": {
				"north": {"uv": [5, 0, 7.25, 1], "texture": "#0"},
				"east": {"uv": [5, 1.25, 7.25, 2.25], "texture": "#0"},
				"south": {"uv": [5, 2.5, 7.25, 3.5], "texture": "#0"},
				"west": {"uv": [5, 3.75, 7.25, 4.75], "texture": "#0"},
				"up": {"uv": [2.25, 6, 0, 3.75], "texture": "#0"},
				"down": {"uv": [4.75, 3.75, 2.5, 6], "texture": "#0"}
			}
		},
		{
			"from": [3, 0, -2],
			"to": [12, 1, 12],
			"rotation": {"angle": 0, "axis": "y", "origin": [6, 0, 4]},
			"faces": {
				"north": {"uv": [5, 6, 7.25, 6.25], "texture": "#0"},
				"east": {"uv": [5, 5, 8.5, 5.25], "texture": "#0"},
				"south": {"uv": [0, 6.25, 2.25, 6.5], "texture": "#0"},
				"west": {"uv": [5, 5.5, 8.5, 5.75], "texture": "#0"},
				"up": {"uv": [2.25, 3.5, 0, 0], "texture": "#0"},
				"down": {"uv": [4.75, 0, 2.5, 3.5], "texture": "#0"}
			}
		}
	],
	"display": {
		"thirdperson_righthand": {
			"rotation": [111, 0, 0],
			"translation": [-3, 0, 5]
		},
		"thirdperson_lefthand": {
			"rotation": [111, 0, 0],
			"translation": [-3.75, 0, 5]
		},
		"firstperson_righthand": {
			"rotation": [9, 107, 0],
			"translation": [0, 9.5, 0]
		},
		"firstperson_lefthand": {
			"rotation": [9, 107, 0],
			"translation": [0, 9.5, 0]
		},
		"ground": {
			"translation": [0, 2.5, 0]
		},
		"gui": {
			"rotation": [38, 135, 0],
			"translation": [1.25, 6, 0]
		},
		"head": {
			"translation": [1, 15.75, 0],
			"scale": [1.75, 1.75, 1.75]
		},
		"fixed": {
			"rotation": [-37, -32, 0],
			"translation": [0.25, 6, -3.5]
		}
	},
	"groups": [
		{
			"name": "group",
			"origin": [6, 0, 4],
			"color": 0,
			"children": [0, 1]
		}
	]
}