{
	"credit": "Made with Blockbench",
	"texture_size": [128, 128],
	"textures": {
		"3": "item/zwei",
		"particle": "item/zwei"
	},
	"elements": [
		{
			"from": [3.325, 15.43145, 7.31659],
			"to": [4.5625, 16.24325, 7.86659],
			"rotation": {"angle": 45, "axis": "x", "origin": [4.15, 15.96825, 7.59159]},
			"faces": {
				"north": {"uv": [6.375, 2.875, 6.6875, 3.0625], "texture": "#3"},
				"east": {"uv": [4.5, 4.625, 4.625, 4.8125], "texture": "#3"},
				"south": {"uv": [6.375, 3.125, 6.6875, 3.3125], "texture": "#3"},
				"west": {"uv": [4.5, 4.875, 4.625, 5.0625], "texture": "#3"},
				"up": {"uv": [4.0625, 6.625, 3.75, 6.5], "texture": "#3"},
				"down": {"uv": [4.4375, 6.5, 4.125, 6.625], "texture": "#3"}
			}
		},
		{
			"from": [3.171, 11.28486, 6.34557],
			"to": [4.7, 14.90733, 7.52037],
			"rotation": {"angle": 0, "axis": "y", "origin": [3.6, 14.62573, 6.3516]},
			"faces": {
				"north": {"uv": [3.75, 4.375, 4.125, 5.1875], "texture": "#3"},
				"east": {"uv": [4.625, 3.375, 4.875, 4.1875], "texture": "#3"},
				"south": {"uv": [4.125, 4.375, 4.5, 5.1875], "texture": "#3"},
				"west": {"uv": [4.625, 4.25, 4.875, 5.0625], "texture": "#3"},
				"up": {"uv": [6, 1.375, 5.625, 1.125], "texture": "#3"},
				"down": {"uv": [5.875, 5.75, 5.5, 6], "texture": "#3"}
			}
		},
		{
			"from": [3.325, 15.69325, 5.99068],
			"to": [4.5625, 16.24325, 6.80248],
			"rotation": {"angle": 45, "axis": "x", "origin": [4.15, 15.96825, 6.26568]},
			"faces": {
				"north": {"uv": [2, 6.625, 2.3125, 6.75], "texture": "#3"},
				"east": {"uv": [6.625, 2.625, 6.8125, 2.75], "texture": "#3"},
				"south": {"uv": [6.625, 2.5, 6.9375, 2.625], "texture": "#3"},
				"west": {"uv": [2.75, 6.625, 2.9375, 6.75], "texture": "#3"},
				"up": {"uv": [6.6875, 3.5625, 6.375, 3.375], "texture": "#3"},
				"down": {"uv": [6.6875, 3.625, 6.375, 3.8125], "texture": "#3"}
			}
		},
		{
			"from": [3.325, 15.1776, 7.41228],
			"to": [4.5625, 16.1599, 8.16028],
			"rotation": {"angle": -22.5, "axis": "x", "origin": [4.15, 15.61375, 8.55307]},
			"faces": {
				"north": {"uv": [1.25, 5.875, 1.5625, 6.125], "texture": "#3"},
				"east": {"uv": [6.5, 0.75, 6.6875, 1], "texture": "#3"},
				"south": {"uv": [5.875, 1.375, 6.1875, 1.625], "texture": "#3"},
				"west": {"uv": [6.5, 1, 6.6875, 1.25], "texture": "#3"},
				"up": {"uv": [6.6875, 4.0625, 6.375, 3.875], "texture": "#3"},
				"down": {"uv": [6.6875, 4.125, 6.375, 4.3125], "texture": "#3"}
			}
		},
		{
			"from": [3.6, 11.3, 4.975],
			"to": [4.2875, 30.55, 8.825],
			"rotation": {"angle": 0, "axis": "y", "origin": [3.6, 14.6, 5.8]},
			"faces": {
				"north": {"uv": [4.25, 0, 4.4375, 4.375], "texture": "#3"},
				"east": {"uv": [2.5, 0, 3.375, 4.375], "texture": "#3"},
				"south": {"uv": [2.5, 4.375, 2.6875, 8.75], "texture": "#3"},
				"west": {"uv": [3.375, 0, 4.25, 4.375], "texture": "#3"},
				"up": {"uv": [5.0625, 4.75, 4.875, 3.875], "texture": "#3"},
				"down": {"uv": [5.0625, 4.75, 4.875, 5.625], "texture": "#3"}
			}
		},
		{
			"from": [3.325, 11.29707, 5.50086],
			"to": [4.5625, 15.06072, 6.19716],
			"rotation": {"angle": 0, "axis": "y", "origin": [4.15, 13.65162, 5.78136]},
			"faces": {
				"north": {"uv": [4.625, 0, 4.9375, 0.875], "texture": "#3"},
				"east": {"uv": [5, 0, 5.1875, 0.875], "texture": "#3"},
				"south": {"uv": [0.125, 4.625, 0.4375, 5.5], "texture": "#3"},
				"west": {"uv": [5.125, 3.875, 5.3125, 4.75], "texture": "#3"},
				"up": {"uv": [6.6875, 4.5625, 6.375, 4.375], "texture": "#3"},
				"down": {"uv": [6.6875, 4.625, 6.375, 4.8125], "texture": "#3"}
			}
		},
		{
			"from": [3.325, 14.66673, 5.596],
			"to": [4.5625, 15.64903, 6.344],
			"rotation": {"angle": 22.5, "axis": "x", "origin": [4.15, 15.10288, 6.5388]},
			"faces": {
				"north": {"uv": [1.625, 5.875, 1.9375, 6.125], "texture": "#3"},
				"east": {"uv": [6.5, 1.25, 6.6875, 1.5], "texture": "#3"},
				"south": {"uv": [5.875, 1.625, 6.1875, 1.875], "texture": "#3"},
				"west": {"uv": [6.5, 1.5, 6.6875, 1.75], "texture": "#3"},
				"up": {"uv": [6.6875, 5.0625, 6.375, 4.875], "texture": "#3"},
				"down": {"uv": [6.6875, 5.125, 6.375, 5.3125], "texture": "#3"}
			}
		},
		{
			"from": [3.325, 11.2483, 7.66078],
			"to": [4.5625, 15.06049, 8.35708],
			"rotation": {"angle": 0, "axis": "y", "origin": [4.15, 13.75479, 8.09198]},
			"faces": {
				"north": {"uv": [0.5, 4.625, 0.8125, 5.5], "texture": "#3"},
				"east": {"uv": [4.5, 5.125, 4.6875, 6], "texture": "#3"},
				"south": {"uv": [0.875, 4.625, 1.1875, 5.5], "texture": "#3"},
				"west": {"uv": [5.125, 4.75, 5.3125, 5.625], "texture": "#3"},
				"up": {"uv": [6.6875, 5.5625, 6.375, 5.375], "texture": "#3"},
				"down": {"uv": [6.6875, 5.625, 6.375, 5.8125], "texture": "#3"}
			}
		},
		{
			"from": [3.325, 15.66966, 6.26568],
			"to": [4.5625, 16.35716, 7.59159],
			"rotation": {"angle": 0, "axis": "y", "origin": [4.15, 16.06016, 7.01636]},
			"faces": {
				"north": {"uv": [6.375, 5.875, 6.6875, 6.0625], "texture": "#3"},
				"east": {"uv": [6.375, 6.125, 6.6875, 6.3125], "texture": "#3"},
				"south": {"uv": [6.375, 6.375, 6.6875, 6.5625], "texture": "#3"},
				"west": {"uv": [6.5, 0, 6.8125, 0.1875], "texture": "#3"},
				"up": {"uv": [5.8125, 4.9375, 5.5, 4.625], "texture": "#3"},
				"down": {"uv": [5.8125, 5, 5.5, 5.3125], "texture": "#3"}
			}
		},
		{
			"from": [3.75684, 11.2957, 4.15],
			"to": [4.11434, 31.65, 9.65],
			"rotation": {"angle": 0, "axis": "y", "origin": [3.75684, 12.95, 3.6]},
			"faces": {
				"north": {"uv": [4.5, 0, 4.5625, 4.625], "texture": "#3"},
				"east": {"uv": [0, 0, 1.25, 4.625], "texture": "#3"},
				"south": {"uv": [0, 4.625, 0.0625, 9.25], "texture": "#3"},
				"west": {"uv": [1.25, 0, 2.5, 4.625], "texture": "#3"},
				"up": {"uv": [5.3125, 6.875, 5.25, 5.625], "texture": "#3"},
				"down": {"uv": [2.4375, 5.875, 2.375, 7.125], "texture": "#3"}
			}
		},
		{
			"from": [3.171, 14.41282, 6.44459],
			"to": [4.7, 15.05302, 7.07599],
			"rotation": {"angle": -22.5, "axis": "x", "origin": [3.9355, 14.73292, 6.75281]},
			"faces": {
				"north": {"uv": [5.25, 0.75, 5.625, 0.875], "texture": "#3"},
				"east": {"uv": [5.375, 6.375, 5.5, 6.5], "texture": "#3"},
				"south": {"uv": [5.625, 3.75, 6, 3.875], "texture": "#3"},
				"west": {"uv": [5.375, 6.5, 5.5, 6.625], "texture": "#3"},
				"up": {"uv": [6.875, 1.875, 6.5, 1.75], "texture": "#3"},
				"down": {"uv": [6.875, 1.875, 6.5, 2], "texture": "#3"}
			}
		},
		{
			"from": [3.171, 14.42533, 6.78429],
			"to": [4.7, 15.05673, 7.42449],
			"rotation": {"angle": 22.5, "axis": "x", "origin": [3.9355, 14.74103, 7.0969]},
			"faces": {
				"north": {"uv": [6.5, 2, 6.875, 2.125], "texture": "#3"},
				"east": {"uv": [6.625, 2.75, 6.75, 2.875], "texture": "#3"},
				"south": {"uv": [6.5, 2.125, 6.875, 2.25], "texture": "#3"},
				"west": {"uv": [3, 6.625, 3.125, 6.75], "texture": "#3"},
				"up": {"uv": [6.875, 2.375, 6.5, 2.25], "texture": "#3"},
				"down": {"uv": [6.875, 2.375, 6.5, 2.5], "texture": "#3"}
			}
		},
		{
			"from": [2.852, 10.0526, 9.0846],
			"to": [5.052, 11.4694, 10.2396],
			"rotation": {"angle": 0, "axis": "y", "origin": [2.852, 10.2, 12.697]},
			"faces": {
				"north": {"uv": [5, 2.625, 5.5, 2.9375], "texture": "#3"},
				"east": {"uv": [5.875, 4.625, 6.125, 4.9375], "texture": "#3"},
				"south": {"uv": [5, 3, 5.5, 3.3125], "texture": "#3"},
				"west": {"uv": [5.875, 5, 6.125, 5.3125], "texture": "#3"},
				"up": {"uv": [6, 2.375, 5.5, 2.125], "texture": "#3"},
				"down": {"uv": [6, 2.375, 5.5, 2.625], "texture": "#3"}
			}
		},
		{
			"from": [3.0148, 10.2, 4.678],
			"to": [4.8892, 11.3, 9.21],
			"rotation": {"angle": 0, "axis": "y", "origin": [2.852, 10.2, 8.55]},
			"faces": {
				"north": {"uv": [5.5, 3.125, 5.9375, 3.375], "texture": "#3"},
				"east": {"uv": [4.625, 0.875, 5.625, 1.125], "texture": "#3"},
				"south": {"uv": [5.5, 3.875, 5.9375, 4.125], "texture": "#3"},
				"west": {"uv": [4.625, 1.125, 5.625, 1.375], "texture": "#3"},
				"up": {"uv": [3.1875, 5.375, 2.75, 4.375], "texture": "#3"},
				"down": {"uv": [3.6875, 4.375, 3.25, 5.375], "texture": "#3"}
			}
		},
		{
			"from": [2.852, 10.0526, 3.5758],
			"to": [5.052, 11.4694, 4.6956],
			"rotation": {"angle": 0, "axis": "y", "origin": [2.852, 10.2, 7.153]},
			"faces": {
				"north": {"uv": [5.25, 0, 5.75, 0.3125], "texture": "#3"},
				"east": {"uv": [5.875, 5.375, 6.125, 5.6875], "texture": "#3"},
				"south": {"uv": [5.25, 0.375, 5.75, 0.6875], "texture": "#3"},
				"west": {"uv": [5.875, 5.75, 6.125, 6.0625], "texture": "#3"},
				"up": {"uv": [6, 2.875, 5.5, 2.625], "texture": "#3"},
				"down": {"uv": [6, 2.875, 5.5, 3.125], "texture": "#3"}
			}
		},
		{
			"from": [3.2084, 9.8766, 5.4282],
			"to": [4.6978, 10.9766, 8.4356],
			"rotation": {"angle": 0, "axis": "y", "origin": [3.4988, 9.8766, 6.9264]},
			"faces": {
				"north": {"uv": [5.875, 1.875, 6.1875, 2.125], "texture": "#3"},
				"east": {"uv": [4.875, 3.375, 5.5625, 3.625], "texture": "#3"},
				"south": {"uv": [6, 0.75, 6.3125, 1], "texture": "#3"},
				"west": {"uv": [4.875, 3.625, 5.5625, 3.875], "texture": "#3"},
				"up": {"uv": [2.3125, 5.3125, 2, 4.625], "texture": "#3"},
				"down": {"uv": [4.9375, 2.625, 4.625, 3.3125], "texture": "#3"}
			}
		},
		{
			"from": [3.31815, 9.62811, 5.65337],
			"to": [4.58414, 10.56311, 8.20966],
			"rotation": {"angle": 0, "axis": "y", "origin": [3.95115, 10.09561, 6.93151]},
			"faces": {
				"north": {"uv": [6.5, 0.25, 6.8125, 0.4375], "texture": "#3"},
				"east": {"uv": [5.5, 4.125, 6.0625, 4.3125], "texture": "#3"},
				"south": {"uv": [6.5, 0.5, 6.8125, 0.6875], "texture": "#3"},
				"west": {"uv": [5.5, 4.375, 6.0625, 4.5625], "texture": "#3"},
				"up": {"uv": [5.1875, 1.9375, 4.875, 1.375], "texture": "#3"},
				"down": {"uv": [5.1875, 2, 4.875, 2.5625], "texture": "#3"}
			}
		},
		{
			"from": [3.3096, 4.8496, 5.9474],
			"to": [4.6142, 6.3236, 7.4214],
			"rotation": {"angle": 45, "axis": "x", "origin": [3.413, 5.0366, 6.1344]},
			"faces": {
				"north": {"uv": [5.5, 5.375, 5.8125, 5.6875], "texture": "#3"},
				"east": {"uv": [5.625, 0.75, 5.9375, 1.0625], "texture": "#3"},
				"south": {"uv": [5.625, 3.375, 5.9375, 3.6875], "texture": "#3"},
				"west": {"uv": [4.875, 5.625, 5.1875, 5.9375], "texture": "#3"},
				"up": {"uv": [6.0625, 0.3125, 5.75, 0], "texture": "#3"},
				"down": {"uv": [6.0625, 0.375, 5.75, 0.6875], "texture": "#3"}
			}
		},
		{
			"from": [3.4856, 4.7484, 5.8462],
			"to": [4.4228, 6.4402, 7.5226],
			"rotation": {"angle": 45, "axis": "x", "origin": [3.413, 5.0366, 6.1344]},
			"faces": {
				"north": {"uv": [6, 1, 6.1875, 1.375], "texture": "#3"},
				"east": {"uv": [5.5, 1.375, 5.875, 1.75], "texture": "#3"},
				"south": {"uv": [6.125, 0, 6.3125, 0.375], "texture": "#3"},
				"west": {"uv": [5.5, 1.75, 5.875, 2.125], "texture": "#3"},
				"up": {"uv": [6.3125, 0.75, 6.125, 0.375], "texture": "#3"},
				"down": {"uv": [6.5625, 2.5, 6.375, 2.875], "texture": "#3"}
			}
		},
		{
			"from": [3.91225, 5.0322, 6.13964],
			"to": [4.13225, 10.31, 6.79964],
			"rotation": {"angle": -22.5, "axis": "y", "origin": [4.05848, 10.31, 6.51174]},
			"faces": {
				"north": {"uv": [6, 2.125, 6.0625, 3.3125], "texture": "#3"},
				"east": {"uv": [2.375, 4.625, 2.5, 5.8125], "texture": "#3"},
				"south": {"uv": [4.5, 6, 4.5625, 7.1875], "texture": "#3"},
				"west": {"uv": [4.75, 5.125, 4.875, 6.3125], "texture": "#3"},
				"up": {"uv": [3.1875, 6.75, 3.125, 6.625], "texture": "#3"},
				"down": {"uv": [3.3125, 6.625, 3.25, 6.75], "texture": "#3"}
			}
		},
		{
			"from": [3.7973, 5.0322, 6.50366],
			"to": [4.4573, 10.31, 6.72366],
			"rotation": {"angle": 22.5, "axis": "y", "origin": [4.0591, 10.31, 6.50993]},
			"faces": {
				"north": {"uv": [5.25, 1.375, 5.375, 2.5625], "texture": "#3"},
				"east": {"uv": [4.625, 6, 4.6875, 7.1875], "texture": "#3"},
				"south": {"uv": [3.75, 5.25, 3.875, 6.4375], "texture": "#3"},
				"west": {"uv": [4.875, 6, 4.9375, 7.1875], "texture": "#3"},
				"up": {"uv": [3.5, 6.6875, 3.375, 6.625], "texture": "#3"},
				"down": {"uv": [3.625, 6.625, 3.5, 6.6875], "texture": "#3"}
			}
		},
		{
			"from": [3.9857, 5.0322, 6.13965],
			"to": [4.2057, 10.31, 6.79965],
			"rotation": {"angle": -45, "axis": "y", "origin": [4.0591, 10.31, 6.50993]},
			"faces": {
				"north": {"uv": [5, 6, 5.0625, 7.1875], "texture": "#3"},
				"east": {"uv": [3.875, 5.25, 4, 6.4375], "texture": "#3"},
				"south": {"uv": [5.125, 6, 5.1875, 7.1875], "texture": "#3"},
				"west": {"uv": [4, 5.25, 4.125, 6.4375], "texture": "#3"},
				"up": {"uv": [3.6875, 6.75, 3.625, 6.625], "texture": "#3"},
				"down": {"uv": [3.8125, 6.625, 3.75, 6.75], "texture": "#3"}
			}
		},
		{
			"from": [3.8464, 5.0322, 6.1102],
			"to": [4.0664, 10.31, 6.7702],
			"rotation": {"angle": 0, "axis": "y", "origin": [4.0591, 10.31, 6.50993]},
			"faces": {
				"north": {"uv": [5.5, 6, 5.5625, 7.1875], "texture": "#3"},
				"east": {"uv": [4.125, 5.25, 4.25, 6.4375], "texture": "#3"},
				"south": {"uv": [5.625, 6, 5.6875, 7.1875], "texture": "#3"},
				"west": {"uv": [4.25, 5.25, 4.375, 6.4375], "texture": "#3"},
				"up": {"uv": [3.9375, 6.75, 3.875, 6.625], "texture": "#3"},
				"down": {"uv": [4.0625, 6.625, 4, 6.75], "texture": "#3"}
			}
		},
		{
			"from": [3.40159, 5.0322, 6.55258],
			"to": [4.06159, 10.31, 7.26758],
			"rotation": {"angle": 0, "axis": "y", "origin": [3.80132, 10.31, 7.05488]},
			"faces": {
				"north": {"uv": [4.375, 5.25, 4.5, 6.4375], "texture": "#3"},
				"east": {"uv": [1.25, 4.625, 1.4375, 5.8125], "texture": "#3"},
				"south": {"uv": [5.375, 1.375, 5.5, 2.5625], "texture": "#3"},
				"west": {"uv": [4.625, 1.375, 4.8125, 2.5625], "texture": "#3"},
				"up": {"uv": [6.125, 3.5625, 6, 3.375], "texture": "#3"},
				"down": {"uv": [6.125, 3.625, 6, 3.8125], "texture": "#3"}
			}
		},
		{
			"from": [3.72791, 5.0322, 6.18959],
			"to": [3.94791, 10.31, 6.84959],
			"rotation": {"angle": 45, "axis": "y", "origin": [3.80132, 10.31, 6.55988]},
			"faces": {
				"north": {"uv": [5.75, 6, 5.8125, 7.1875], "texture": "#3"},
				"east": {"uv": [2, 5.375, 2.125, 6.5625], "texture": "#3"},
				"south": {"uv": [1.25, 6.125, 1.3125, 7.3125], "texture": "#3"},
				"west": {"uv": [2.125, 5.375, 2.25, 6.5625], "texture": "#3"},
				"up": {"uv": [4.1875, 6.75, 4.125, 6.625], "texture": "#3"},
				"down": {"uv": [4.3125, 6.625, 4.25, 6.75], "texture": "#3"}
			}
		},
		{
			"from": [3.79505, 5.0322, 6.16168],
			"to": [4.01505, 10.31, 6.82168],
			"rotation": {"angle": 22.5, "axis": "y", "origin": [3.80132, 10.31, 6.55988]},
			"faces": {
				"north": {"uv": [1.375, 6.125, 1.4375, 7.3125], "texture": "#3"},
				"east": {"uv": [2.25, 5.375, 2.375, 6.5625], "texture": "#3"},
				"south": {"uv": [1.5, 6.125, 1.5625, 7.3125], "texture": "#3"},
				"west": {"uv": [2.75, 5.375, 2.875, 6.5625], "texture": "#3"},
				"up": {"uv": [4.4375, 6.75, 4.375, 6.625], "texture": "#3"},
				"down": {"uv": [4.8125, 6.625, 4.75, 6.75], "texture": "#3"}
			}
		},
		{
			"from": [3.42923, 5.0322, 6.48611],
			"to": [4.08922, 10.31, 6.70611],
			"rotation": {"angle": -22.5, "axis": "y", "origin": [3.80132, 10.31, 6.55988]},
			"faces": {
				"north": {"uv": [2.875, 5.375, 3, 6.5625], "texture": "#3"},
				"east": {"uv": [1.625, 6.125, 1.6875, 7.3125], "texture": "#3"},
				"south": {"uv": [3, 5.375, 3.125, 6.5625], "texture": "#3"},
				"west": {"uv": [1.75, 6.125, 1.8125, 7.3125], "texture": "#3"},
				"up": {"uv": [5.5, 6.6875, 5.375, 6.625], "texture": "#3"},
				"down": {"uv": [6.5, 6.625, 6.375, 6.6875], "texture": "#3"}
			}
		},
		{
			"from": [3.80181, 5.0322, 7.06271],
			"to": [4.02181, 10.31, 7.72271],
			"rotation": {"angle": -22.5, "axis": "y", "origin": [3.96367, 10.31, 7.27121]},
			"faces": {
				"north": {"uv": [1.875, 6.125, 1.9375, 7.3125], "texture": "#3"},
				"east": {"uv": [3.125, 5.375, 3.25, 6.5625], "texture": "#3"},
				"south": {"uv": [6.125, 2.125, 6.1875, 3.3125], "texture": "#3"},
				"west": {"uv": [3.25, 5.375, 3.375, 6.5625], "texture": "#3"},
				"up": {"uv": [6.5625, 6.75, 6.5, 6.625], "texture": "#3"},
				"down": {"uv": [6.6875, 6.625, 6.625, 6.75], "texture": "#3"}
			}
		},
		{
			"from": [3.44576, 5.0322, 7.05276],
			"to": [4.10576, 10.31, 7.27276],
			"rotation": {"angle": 22.5, "axis": "y", "origin": [3.96367, 10.31, 7.27121]},
			"faces": {
				"north": {"uv": [3.375, 5.375, 3.5, 6.5625], "texture": "#3"},
				"east": {"uv": [6.125, 3.375, 6.1875, 4.5625], "texture": "#3"},
				"south": {"uv": [3.5, 5.375, 3.625, 6.5625], "texture": "#3"},
				"west": {"uv": [6.125, 4.625, 6.1875, 5.8125], "texture": "#3"},
				"up": {"uv": [0.25, 6.8125, 0.125, 6.75], "texture": "#3"},
				"down": {"uv": [0.375, 6.75, 0.25, 6.8125], "texture": "#3"}
			}
		},
		{
			"from": [3.48459, 5.0322, 7.07444],
			"to": [4.14459, 10.31, 7.29444],
			"rotation": {"angle": 45, "axis": "y", "origin": [3.96367, 10.31, 7.27121]},
			"faces": {
				"north": {"uv": [3.625, 5.375, 3.75, 6.5625], "texture": "#3"},
				"east": {"uv": [5.875, 6.125, 5.9375, 7.3125], "texture": "#3"},
				"south": {"uv": [5.375, 3.875, 5.5, 5.0625], "texture": "#3"},
				"west": {"uv": [6.125, 5.875, 6.1875, 7.0625], "texture": "#3"},
				"up": {"uv": [0.5, 6.8125, 0.375, 6.75], "texture": "#3"},
				"down": {"uv": [0.625, 6.75, 0.5, 6.8125], "texture": "#3"}
			}
		},
		{
			"from": [3.84397, 5.0322, 7.0524],
			"to": [4.06397, 10.31, 7.7124],
			"rotation": {"angle": 0, "axis": "y", "origin": [3.96367, 10.31, 7.27121]},
			"faces": {
				"north": {"uv": [6, 6.125, 6.0625, 7.3125], "texture": "#3"},
				"east": {"uv": [5.375, 5.125, 5.5, 6.3125], "texture": "#3"},
				"south": {"uv": [6.25, 1, 6.3125, 2.1875], "texture": "#3"},
				"west": {"uv": [0.125, 5.5, 0.25, 6.6875], "texture": "#3"},
				"up": {"uv": [0.6875, 6.875, 0.625, 6.75], "texture": "#3"},
				"down": {"uv": [0.8125, 6.75, 0.75, 6.875], "texture": "#3"}
			}
		},
		{
			"from": [3.84878, 5.0322, 6.55501],
			"to": [4.50878, 10.31, 7.27001],
			"rotation": {"angle": 0, "axis": "y", "origin": [3.96367, 10.31, 7.27121]},
			"faces": {
				"north": {"uv": [0.25, 5.5, 0.375, 6.6875], "texture": "#3"},
				"east": {"uv": [1.5, 4.625, 1.6875, 5.8125], "texture": "#3"},
				"south": {"uv": [0.375, 5.5, 0.5, 6.6875], "texture": "#3"},
				"west": {"uv": [1.75, 4.625, 1.9375, 5.8125], "texture": "#3"},
				"up": {"uv": [6.125, 4.0625, 6, 3.875], "texture": "#3"},
				"down": {"uv": [4.875, 6.375, 4.75, 6.5625], "texture": "#3"}
			}
		},
		{
			"from": [3.92587, 5.0322, 7.07829],
			"to": [4.14587, 10.31, 7.73829],
			"rotation": {"angle": 45, "axis": "y", "origin": [3.96367, 10.31, 7.27121]},
			"faces": {
				"north": {"uv": [6.25, 2.25, 6.3125, 3.4375], "texture": "#3"},
				"east": {"uv": [0.5, 5.5, 0.625, 6.6875], "texture": "#3"},
				"south": {"uv": [6.25, 3.5, 6.3125, 4.6875], "texture": "#3"},
				"west": {"uv": [0.625, 5.5, 0.75, 6.6875], "texture": "#3"},
				"up": {"uv": [6.8125, 0.875, 6.75, 0.75], "texture": "#3"},
				"down": {"uv": [0.9375, 6.75, 0.875, 6.875], "texture": "#3"}
			}
		},
		{
			"from": [3.8875, 5.0322, 7.0572],
			"to": [4.1075, 10.31, 7.7172],
			"rotation": {"angle": 22.5, "axis": "y", "origin": [3.96367, 10.31, 7.27121]},
			"faces": {
				"north": {"uv": [6.25, 4.75, 6.3125, 5.9375], "texture": "#3"},
				"east": {"uv": [0.75, 5.5, 0.875, 6.6875], "texture": "#3"},
				"south": {"uv": [6.25, 6, 6.3125, 7.1875], "texture": "#3"},
				"west": {"uv": [0.875, 5.5, 1, 6.6875], "texture": "#3"},
				"up": {"uv": [6.8125, 1, 6.75, 0.875], "texture": "#3"},
				"down": {"uv": [1.0625, 6.75, 1, 6.875], "texture": "#3"}
			}
		},
		{
			"from": [3.80683, 5.0322, 7.0615],
			"to": [4.46683, 10.31, 7.2815],
			"rotation": {"angle": -22.5, "axis": "y", "origin": [3.96367, 10.31, 7.27121]},
			"faces": {
				"north": {"uv": [1, 5.5, 1.125, 6.6875], "texture": "#3"},
				"east": {"uv": [6.375, 0, 6.4375, 1.1875], "texture": "#3"},
				"south": {"uv": [1.125, 5.5, 1.25, 6.6875], "texture": "#3"},
				"west": {"uv": [6.375, 1.25, 6.4375, 2.4375], "texture": "#3"},
				"up": {"uv": [6.875, 1.0625, 6.75, 1], "texture": "#3"},
				"down": {"uv": [1.25, 6.75, 1.125, 6.8125], "texture": "#3"}
			}
		}
	],
	"display": {
		"thirdperson_righthand": {
			"translation": [5, -1.75, 2.25],
			"scale": [1.2, 1.38, 1.2]
		},
		"firstperson_righthand": {
			"translation": [5.75, -2.25, 0],
			"scale": [0.85, 0.85, 0.85]
		},
		"gui": {
			"rotation": [0, 88, 0],
			"translation": [2, -9, 0]
		}
	},
	"groups": [
		{
			"name": "group",
			"origin": [8, 8, 8],
			"color": 0,
			"children": [
				0,
				1,
				2,
				3,
				4,
				5,
				6,
				7,
				8,
				9,
				10,
				11,
				12,
				13,
				14,
				15,
				16,
				17,
				18,
				{
					"name": "group",
					"origin": [8.81322, 0.2, 7.51092],
					"color": 0,
					"children": [19, 20, 21, 22, 23, 24, 25, 26, 27, 28, 29, 30, 31, 32, 33, 34]
				}
			]
		}
	]
}